Iteration;Oil_Price_USD;Sanctions_Years;RUB_EUR;Industrial_Growth_pct;Win_Rate_pct;CAPEX_Overrun;Revenue_M_EUR_yr;NPV_M_EUR;ROI_5yr_pct;Payback_Years
1;78.9409;3.2816;88.704;5.1083;50.7279;1.0263;1.5082;-12.3188;-51.018;10.2078
2;67.5112;2.0642;77.3355;4.0047;35.8709;1.0636;1.2102;-15.8543;-62.0728;13.1831
3;81.6584;1.8059;113.3716;6.1613;49.8308;1.1345;1.3116;-16.284;-61.4651;12.9753
4;97.4145;1.9963;65.2649;3.4937;56.5139;1.1054;2.3913;-8.8798;-27.8906;6.9339
5;65.7852;4.7332;93.5233;2.6527;57.8915;1.0136;1.0727;-15.4492;-64.723;14.1735
6;65.7855;1.6077;60.0;5.8185;43.4691;0.9727;2.2836;-6.9184;-21.7434;6.3892
7;98.4258;3.3596;71.5982;3.9908;30.5314;1.2447;1.1079;-20.2816;-70.331;16.8526
8;83.8138;5.9488;80.3094;4.1252;43.5759;0.9061;0.9733;-13.7538;-64.197;13.9653
9;61.5495;3.1498;131.5453;3.6596;75.068;1.3126;1.2666;-21.0409;-67.8343;15.5445
10;79.7661;6.0326;118.771;3.8908;64.9153;0.8921;0.9585;-13.1867;-64.1854;13.9608
11;61.6585;5.8858;87.0677;6.7046;37.6963;0.9448;0.9721;-14.6233;-65.7056;14.5796
12;61.6169;2.9163;120.0025;7.0937;70.8524;1.1522;1.484;-15.882;-57.0671;11.6461
13;74.3553;5.7534;124.8454;7.2925;73.5271;1.6049;1.182;-27.5429;-75.4495;20.3662
14;35.561;5.9045;96.063;6.2352;77.2851;0.8;1.3813;-8.4381;-42.4449;8.6873
15;38.9515;3.67;70.7446;5.2994;69.7324;1.1891;3.0117;-7.3069;-15.5707;5.9221
16;59.8788;2.7355;94.935;2.4516;53.5581;1.0991;1.4611;-14.5334;-55.6884;11.2837
17;51.769;4.3577;97.5824;4.3187;58.1211;0.9133;1.2332;-11.7677;-54.9912;11.1089
18;75.6565;7.7137;73.4832;7.8351;52.8764;1.0745;1.1211;-16.3662;-65.2205;14.3763
19;53.6556;5.1045;109.6104;3.9466;43.743;0.8;0.8493;-12.2301;-64.6141;14.1299
20;44.5785;2.5266;107.2458;6.8712;82.0054;0.8534;2.0793;-5.2769;-18.7779;6.156
21;96.3817;5.4069;111.7686;4.6826;87.7453;1.0894;1.5289;-13.6002;-53.216;10.6874
22;65.936;3.8282;107.2219;0.5828;82.8055;0.8174;1.6347;-7.5763;-33.337;7.5004
23;71.2155;4.7882;120.0167;5.5607;56.9455;1.0307;0.923;-16.9223;-70.1489;16.7498
24;44.3545;5.7947;95.6158;6.4994;55.2841;0.8757;1.1446;-11.7586;-56.4309;11.476
25;60.2011;4.3206;105.174;4.5265;81.3701;0.9133;1.8171;-8.0264;-33.6819;7.5394
26;71.9966;6.4829;90.5349;6.4496;90.4722;1.2401;1.9134;-14.4315;-48.5677;9.7215
27;49.2821;5.7016;86.405;2.0983;67.7201;0.8;1.2418;-9.4866;-48.2578;9.6633
28;76.7626;4.9406;139.7329;2.5217;86.0929;0.9933;1.1071;-14.7329;-62.8476;13.4581
29;59.1885;2.3924;60.0;4.9073;78.6995;1.1004;4.5589;5.003;38.0931;3.6207
30;64.7495;6.6971;124.5068;5.3157;62.3968;1.053;0.826;-17.8332;-73.8524;19.1222
31;59.1693;7.9355;85.6299;6.6349;45.6744;0.8884;0.726;-14.8434;-72.7586;18.3544
32;103.341;2.3036;82.9021;5.5584;60.2255;1.0758;2.3632;-9.1381;-26.775;6.8283
33;69.757;4.1663;106.758;2.8096;60.0132;0.8139;1.1693;-10.3921;-52.1109;10.4408
34;50.9612;2.9796;68.9077;4.9196;69.6451;0.9072;2.4579;-4.6967;-9.6897;5.5365
35;84.8058;5.9597;81.5458;5.5011;51.9313;1.3746;1.2192;-22.3515;-70.4354;16.9121
36;48.0248;5.6975;80.8734;1.7886;81.838;1.1364;2.1144;-11.6154;-37.9797;8.0619
37;73.7595;2.3292;94.6154;4.5345;37.7561;1.0006;1.0536;-15.258;-64.9007;14.2453
38;34.7259;7.1403;81.7884;4.0966;67.7728;1.0942;1.0973;-16.7594;-66.5719;14.9575
39;46.0927;2.5732;149.2242;3.618;58.1262;0.8511;0.9287;-12.728;-63.6288;13.7472
40;73.5435;6.3282;156.7143;5.3482;43.9639;1.0579;0.5273;-19.7009;-83.3843;30.092
41;83.2924;3.9908;60.3205;2.8755;64.8369;0.9137;2.2625;-5.3659;-17.4581;6.0575
42;73.0846;3.3164;114.5774;5.2253;46.063;0.8905;0.9352;-13.6379;-64.9938;14.2832
43;67.9183;2.4386;123.9448;5.4392;63.2149;0.9755;1.2977;-13.2761;-55.6574;11.2758
44;64.5801;2.4952;114.5391;6.2256;59.4002;0.8867;1.4306;-10.1909;-46.2191;9.297
45;43.3866;5.2582;84.8294;2.9149;62.9365;1.0286;1.4323;-13.6644;-53.585;10.7724
46;57.0428;4.5322;94.0801;2.3421;60.1765;1.0869;1.2912;-15.497;-60.4014;12.6267
47;61.7085;2.2028;82.9387;5.0184;50.6034;0.9469;1.6334;-10.7165;-42.4994;8.6956
48;89.0282;2.136;90.0265;4.1706;75.3803;0.8;2.2494;-4.3603;-6.2753;5.3348
49;76.1851;1.8105;73.8975;8.954;68.2906;0.8405;2.7675;-1.2624;9.7508;4.5558
50;38.2653;5.8721;97.1711;5.2877;66.0094;0.8055;1.1211;-10.5181;-53.6046;10.7769
51;75.8335;5.6228;68.6808;4.6872;79.9517;1.0769;2.1178;-9.9203;-34.4474;7.6275
52;63.0685;1.678;95.1197;4.3408;74.8959;0.8642;3.151;0.7639;21.5335;4.1141
53;57.8154;4.5924;73.1875;2.7729;47.0727;0.9047;1.19;-12.0374;-56.1528;11.4032
54;81.0102;1.9181;105.3064;5.4458;61.4506;1.1829;1.7436;-14.7896;-50.8662;10.1763
55;88.558;7.47;84.3787;4.4813;47.3953;0.8555;0.8952;-12.8856;-65.1201;14.3349
56;86.763;7.5147;107.5349;4.4825;57.854;1.0414;0.803;-17.8202;-74.2968;19.4528
57;54.8941;5.5203;131.0482;4.7417;74.7197;0.8838;1.0316;-12.6998;-61.0897;12.8501
58;64.4342;7.7845;148.7894;4.9318;39.6455;0.9101;0.4419;-17.078;-83.8146;30.8919
59;75.9627;6.459;60.0;1.9911;62.5185;0.8;1.6126;-6.7767;-32.8074;7.4413
60;87.5598;6.6233;81.1762;5.8555;55.4307;0.901;1.1825;-12.1593;-56.2525;11.4292
61;61.3749;4.6508;92.7028;3.3303;60.2918;1.1069;1.1576;-16.8006;-65.1376;14.3421
62;66.6581;3.2068;112.1965;4.393;38.4946;0.8245;0.9892;-11.5986;-60.0072;12.5022
63;50.086;2.7744;66.1935;6.5289;30.9318;0.8667;1.3131;-10.5956;-49.4942;9.8999
64;48.4683;3.3111;78.2295;7.2692;33.4731;1.5496;1.0178;-27.0046;-78.1063;22.8376
65;84.6255;5.0296;103.3126;2.0493;50.087;1.0527;0.943;-16.8288;-70.1399;16.7447
66;94.4123;2.525;102.1449;4.6454;80.1868;1.07;2.1338;-9.2393;-33.5287;7.522
67;68.7038;2.9784;109.9004;5.0094;43.4462;0.8823;1.0888;-12.5901;-58.8637;12.1547
68;88.0636;4.0524;111.7304;2.3387;83.5533;1.2318;1.6095;-16.7715;-56.4433;11.4793
69;76.5094;2.8526;108.8335;5.8039;65.8466;1.2725;1.6709;-16.6019;-56.2309;11.4236
70;58.3878;4.7698;104.9605;4.7744;52.4261;0.886;0.9007;-13.8638;-66.1134;14.7551
71;76.5051;7.7397;101.4032;4.8912;59.0145;1.2383;0.8521;-21.7431;-77.0621;21.798
72;97.6847;5.9071;118.0798;3.2237;57.4344;1.3073;0.9079;-22.8048;-76.8517;21.5999
73;69.3551;5.2902;60.0;5.2193;29.8091;0.8;0.9048;-11.8425;-62.3021;13.2633
74;98.1636;4.7323;147.1207;5.8573;76.2685;1.1876;1.1739;-18.5159;-67.0516;15.1752
75;30.0;4.1646;60.0;4.7909;62.3741;0.8583;1.8607;-6.9259;-27.7349;6.919
76;84.7942;2.605;76.3539;3.8291;52.8068;1.3036;1.781;-17.3018;-54.4572;10.9787
77;71.5668;7.3539;94.4887;3.9459;59.0421;0.852;0.8961;-12.9794;-64.9433;14.2626
78;64.6179;2.9296;118.3118;4.9306;34.5013;1.1291;0.8117;-19.4047;-76.0372;20.8657
79;71.6517;1.9726;60.0;4.6732;45.9917;0.8;2.3278;-3.2165;-3.0085;5.1551
80;34.2238;5.9227;99.2994;5.9572;49.6049;1.25;0.7858;-22.2113;-79.0452;23.8609
81;66.0459;2.5423;121.9083;3.8796;84.8331;1.0148;1.8839;-10.2124;-38.1188;8.08
82;76.428;3.5371;128.2267;2.7724;58.1064;1.2947;1.2325;-20.7287;-68.2668;15.7564
83;96.6021;1.3196;84.0018;5.1391;60.9391;0.8665;2.7271;-2.4154;4.9095;4.766
84;60.6711;2.3043;92.755;3.8837;69.7328;1.0436;1.9645;-10.8304;-37.2506;7.9682
85;55.4471;2.5282;85.724;5.7755;49.5492;1.355;1.8939;-17.0312;-53.4094;10.7318
86;60.9684;1.6368;90.6496;4.6113;28.4918;0.9949;0.9097;-15.9636;-69.5195;16.4039
87;86.4772;5.2217;77.2629;5.5822;62.8917;1.0897;1.7808;-12.1875;-45.5279;9.179
88;75.9175;6.7077;80.0665;3.0785;59.2156;1.1501;1.2191;-17.1859;-64.6687;14.1517
89;60.4643;3.5444;111.471;4.8151;49.4781;0.8;0.9821;-11.1666;-59.0804;12.2191
90;79.2388;7.112;103.3451;3.5511;80.7469;0.901;1.3007;-11.4248;-51.8795;10.3906
91;71.7474;2.751;113.0768;2.7694;55.0523;1.2556;1.2657;-19.3103;-66.3986;14.8803
92;87.4356;3.3021;105.4961;3.3083;48.9301;0.8;1.0833;-10.2182;-54.8637;11.0776
93;57.363;2.3921;119.2539;3.7833;47.3737;1.2506;0.9078;-21.6357;-75.8036;20.6642
94;64.1021;4.9768;124.552;6.467;58.7486;0.8889;1.1355;-12.2514;-57.4187;11.7423
95;62.9421;3.7888;64.6987;3.7436;50.9346;1.5084;1.5845;-23.3703;-64.9858;14.2799
96;43.6567;4.9288;80.769;2.6927;77.6911;1.0913;1.5596;-14.0017;-52.3634;10.4961
97;75.3302;6.019;94.3797;4.7972;51.0255;0.8521;0.9685;-12.1414;-62.1107;13.1964
98;74.699;4.5036;99.4347;4.6438;40.6858;1.2164;0.8254;-21.1291;-77.3817;22.106
99;70.092;5.0238;84.5757;3.8619;50.734;1.332;1.1893;-21.1861;-70.2377;16.7998
100;65.7774;7.9249;125.6093;4.3582;59.1764;1.1284;0.6075;-20.7725;-82.0561;27.8646
101;44.5233;3.1727;164.0477;6.0643;70.2484;0.9147;0.9768;-14.1455;-64.4024;14.0459
102;62.4284;3.4719;104.764;5.6061;65.0861;1.3333;1.449;-20.1486;-63.7733;13.802
103;63.8311;5.6672;102.1309;5.4763;59.0313;0.8305;1.0084;-11.8231;-59.5231;12.3527
104;55.559;4.9159;123.6598;2.8245;63.1245;1.239;0.9073;-21.1354;-75.5919;20.485
105;67.0969;2.5592;62.7219;8.9298;58.7351;0.8;2.5371;-1.7733;5.7105;4.7299
106;77.2729;3.559;100.7143;6.1769;33.967;1.0238;1.0111;-15.9343;-67.0799;15.1883
107;103.9513;4.0512;127.7313;5.3755;52.0249;0.8944;1.0234;-13.1498;-61.8575;13.1087
108;73.1424;3.7863;85.1472;2.8535;76.4866;0.8;2.3945;-2.696;-0.2301;5.0115
109;74.6359;2.5577;73.5915;6.0216;64.2184;1.2982;2.3258;-13.5192;-40.2824;8.3727
110;68.66;7.7583;95.4611;3.8483;57.9881;0.8;0.7749;-12.6376;-67.7108;15.485
111;35.4621;6.0243;98.4943;4.3086;50.3789;1.3189;0.9714;-23.0453;-75.4495;20.3661
112;69.5228;4.1272;79.6791;2.0788;76.1859;0.8;2.2819;-3.7383;-4.9206;5.2588
113;71.0841;5.3874;168.8837;2.7378;68.9222;1.2345;0.7999;-22.0621;-78.4022;23.1505
114;114.3384;7.3864;88.721;5.2578;68.3754;0.8557;1.3548;-10.8327;-47.2217;9.4736
115;66.5375;2.2984;74.9451;6.1094;44.8947;0.8;1.5768;-8.199;-34.2985;7.6102
116;75.4279;2.9385;97.6866;5.6274;80.3605;0.9134;2.0754;-7.5633;-24.2632;6.6018
117;69.3752;4.4854;125.4786;5.5762;55.7826;1.1194;1.1799;-16.7697;-64.8638;14.2303
118;48.9638;6.3441;100.4363;4.5029;42.9798;0.8355;0.6881;-13.7456;-72.5503;18.2151
119;90.5708;1.4279;112.9075;3.9899;80.514;1.0534;2.144;-8.9873;-32.1588;7.3702
120;83.5348;8.9691;80.4224;5.0333;67.4759;1.1479;1.0191;-18.8299;-70.4086;16.8968
121;84.2386;3.9793;145.052;5.8321;67.0844;1.348;1.1712;-22.2422;-71.0374;17.2636
122;53.631;3.4723;115.0766;4.6073;56.474;1.0127;1.0134;-15.8331;-66.6461;14.9908
123;95.2503;3.1419;129.943;6.4154;86.149;1.2626;2.268;-12.8343;-40.1224;8.3504
124;44.7667;2.5349;109.5587;4.2774;62.4497;1.1851;1.2514;-18.2545;-64.8041;14.2062
125;80.5634;6.2771;122.9025;3.1296;50.202;0.9817;0.6734;-17.1511;-77.1335;21.8661
126;109.4282;8.2781;80.3914;4.5845;31.7566;1.2579;0.6062;-23.6105;-83.9357;31.1249
127;52.1703;3.7556;88.4394;4.759;32.6347;1.1958;0.9426;-20.3131;-73.7255;19.0298
128;59.8066;8.2212;140.0207;4.477;48.2244;0.9673;0.4361;-18.3512;-84.9739;33.2755
129;71.7937;6.5769;147.6886;6.521;76.9982;1.1534;0.8556;-19.7786;-75.2719;20.2199
130;60.9374;4.1255;75.0687;5.808;35.8363;1.0558;1.0928;-15.8644;-65.5013;14.4933
131;42.0881;5.3441;106.4424;2.4536;66.116;1.1158;0.9019;-18.4072;-73.0584;18.5587
132;71.2341;3.8703;89.7865;6.9016;50.6378;1.4572;1.3635;-23.5258;-68.812;16.0318
133;50.8785;4.5829;84.008;0.4879;53.6196;0.8514;1.6553;-8.3071;-35.1952;7.7155
134;78.5247;1.6741;107.3807;7.8265;39.6273;1.0523;1.202;-15.193;-61.9241;13.1317
135;53.4504;5.5057;133.0082;4.169;86.7189;1.0061;1.1447;-14.8536;-62.0767;13.1845
136;97.8988;1.6201;111.9537;4.3156;82.0568;1.1708;2.3779;-10.6478;-32.2964;7.3851
137;55.9014;6.5123;92.3229;4.51;48.7331;0.9136;0.9576;-13.6867;-65.0608;14.3106
138;64.2029;6.5881;113.7366;5.1778;61.745;0.8929;0.7869;-14.5264;-70.6229;17.02
139;84.6433;2.8729;91.3937;4.5996;64.4385;0.9872;2.0462;-8.8231;-30.9082;7.2368
140;47.8444;3.2936;110.8523;4.3999;38.6589;1.0997;0.7405;-19.0897;-77.5526;22.2743
141;74.0943;4.1269;141.7814;6.5634;50.6094;0.9126;0.7769;-15.1782;-71.6226;17.6197
142;93.5286;4.821;60.0;5.4484;64.7986;0.8;2.4668;-2.0972;2.7844;4.8646
143;41.0653;3.1159;122.0564;3.1618;62.4278;0.8266;1.1463;-11.2447;-53.7729;10.8162
144;73.3234;4.7943;68.0611;5.711;82.5406;1.327;2.6585;-12.9742;-33.2182;7.4871
145;74.6779;3.1665;135.9452;5.3862;79.4267;1.3626;1.6141;-20.1374;-60.5143;12.6628
146;84.0728;1.648;85.2778;3.7821;47.7345;0.9055;1.7488;-8.5401;-35.6231;7.7668
147;47.7349;0.745;73.7553;5.7882;70.9637;1.4326;3.1352;-11.9803;-27.0506;6.8541
148;46.2318;2.0499;118.9838;4.3636;37.8697;0.9368;0.7456;-15.7711;-73.4699;18.8465
149;79.3949;6.2831;109.5316;4.2675;79.6232;0.8;1.3237;-9.5724;-44.8454;9.0654
150;75.3457;8.3985;77.8959;4.2266;62.0789;0.9406;0.9695;-14.7124;-65.6443;14.5536
151;74.5089;3.8269;73.1067;0.9578;48.2428;1.1561;1.5972;-15.7574;-53.9491;10.8575
152;76.2361;4.3073;95.4211;3.81;55.7748;0.8931;1.2285;-11.7211;-54.1499;10.9051
153;57.7596;2.3675;74.0062;5.6698;35.9019;1.1283;1.265;-16.3644;-62.6281;13.379
154;74.1806;4.5359;76.6923;4.5664;78.7984;1.0548;2.3145;-8.0789;-26.8595;6.8362
155;75.2753;2.3535;102.9327;2.6722;31.4908;0.9443;0.7695;-15.8402;-72.8366;18.4071
156;57.1417;4.9153;78.5474;6.0469;63.445;1.168;1.628;-14.8676;-53.5386;10.7616
157;103.5839;7.8933;111.2528;4.1521;64.7917;1.2787;0.976;-21.8156;-74.5578;19.6524
158;78.529;2.6559;145.1411;2.7676;68.2683;1.037;1.1121;-15.6042;-64.2549;13.9879
159;48.5565;6.0432;96.3542;7.909;61.2671;1.1252;1.0216;-17.7226;-69.7365;16.5215
160;81.818;1.2471;103.3073;3.0202;54.6955;0.8;2.0031;-5.0033;-16.5382;5.9908
161;52.4557;3.5557;165.6197;5.9192;64.9332;1.3209;1.046;-22.4006;-73.6027;18.9413
162;84.1675;2.1218;74.3118;3.446;46.4395;0.8989;1.7366;-9.1516;-35.6026;7.7643
163;90.8547;3.438;134.6904;4.8037;60.3187;0.8417;1.2471;-10.4049;-50.6114;10.1238
164;55.2277;2.5301;130.6974;3.2467;61.2385;1.1941;1.1519;-18.5778;-67.8427;15.5486
165;87.3408;3.5444;123.8102;2.741;34.831;0.9261;0.7328;-15.5491;-73.6236;18.9563
166;77.4301;3.7763;138.1178;5.3833;66.6595;0.8704;1.1177;-11.7043;-57.1935;11.6805
167;84.7971;3.1801;107.2662;5.2079;43.7039;0.943;1.0783;-13.9309;-61.8815;13.117
168;104.1423;5.2214;86.4389;6.317;40.2962;0.8;1.0036;-11.1827;-58.1824;11.9567
169;65.583;7.677;131.4746;4.5484;69.0501;0.8685;0.8121;-13.6556;-68.8307;16.0414
170;56.4327;3.6865;132.7385;7.9305;58.8011;1.2269;0.9976;-20.4217;-72.8959;18.4474
171;53.9887;2.6373;131.8281;5.0025;74.1074;1.2626;1.6986;-17.4363;-55.1557;11.1497
172;55.3154;3.036;101.1188;5.4502;58.2262;1.0132;1.5787;-12.186;-48.06;9.6265
173;68.6122;6.8841;83.6065;2.5624;45.9551;0.8729;0.8797;-13.3971;-66.4092;14.885
174;76.1407;4.6628;104.9003;3.6789;53.5211;1.0863;1.4518;-14.4395;-55.4507;11.2235
175;74.9804;3.9799;126.5614;5.3795;64.9388;0.8;1.213;-9.8912;-49.4571;9.8926
176;84.8893;2.3852;129.1866;4.4737;67.3472;1.2639;1.393;-19.3569;-63.2625;13.6101
177;70.234;3.9508;89.8149;4.8815;73.9593;0.9862;1.9613;-8.7986;-33.7051;7.5421
178;96.1636;3.0732;108.2035;3.3753;71.5162;0.8131;2.4506;-3.0947;0.4606;4.9771
179;65.2362;8.0559;72.0943;4.7829;50.0864;1.3464;0.9719;-23.2144;-75.9371;20.7789
180;118.963;7.2234;127.9203;4.7778;75.3819;1.0086;1.026;-15.8381;-66.0891;14.7445
181;81.262;1.9116;82.2154;2.8293;42.8584;0.9183;1.3771;-11.0749;-50.0137;10.0027
182;54.5712;4.3306;121.6909;5.5638;48.0284;1.5067;0.932;-27.3181;-79.3812;24.2497
183;50.7239;2.812;75.0267;2.0499;62.6004;0.9003;1.8037;-8.9898;-33.2158;7.4868
184;78.6845;3.7403;129.415;4.8764;65.0301;1.1615;1.3171;-17.5828;-62.2024;13.2283
185;65.9777;7.1383;108.3784;7.2484;66.3463;1.1487;1.2233;-17.3886;-64.5025;14.0855
186;82.852;4.3946;82.2555;5.6208;69.0095;0.8441;1.75;-7.4456;-30.8904;7.2349
187;78.5183;3.3461;118.8675;5.6114;52.0981;0.9725;1.0479;-14.4859;-64.0817;13.9205
188;68.6891;2.722;86.2784;3.2539;18.7668;0.9508;0.5143;-17.4136;-81.971;27.7332
189;54.7577;6.356;120.6096;7.2536;51.191;0.8;0.7362;-12.9713;-69.3268;16.3009
190;42.7327;5.003;93.3767;6.6651;42.8927;0.8;1.1651;-10.1522;-51.4562;10.3
191;61.9627;4.0524;65.0339;3.3346;34.2142;0.8;1.0762;-10.8108;-55.1582;11.1503
192;85.4152;2.7727;78.2232;3.8879;93.6937;0.914;3.319;0.5744;21.049;4.1306
193;73.8537;3.3462;89.7983;6.482;90.7828;0.8198;2.7146;-0.1545;10.3704;4.5302
194;47.5767;8.3659;140.7827;7.2942;47.082;0.83;0.4336;-15.2784;-82.5881;28.7159
195;73.1173;4.3508;125.2681;2.703;73.2823;0.9193;1.2151;-12.6321;-55.9416;11.3486
196;76.9357;3.687;150.0751;3.0944;74.3068;1.0007;1.5862;-12.0277;-47.1656;9.4635
197;54.0906;4.3586;151.1963;4.3843;44.0506;0.9394;0.552;-17.0161;-80.4113;25.5249
198;72.7671;6.1663;87.4863;1.3434;93.2365;0.8685;1.6175;-8.9403;-37.9233;8.0545
199;71.0478;3.3756;95.3971;4.6286;53.106;1.4714;1.2966;-24.3515;-70.6267;17.0223
200;49.4265;2.5602;90.2289;6.3786;58.782;0.9606;1.5536;-11.5094;-46.0886;9.2745
201;76.4402;4.7463;84.5457;2.442;68.1588;1.221;1.7887;-15.5195;-51.1689;10.2394
202;80.0941;5.2815;63.1048;4.7907;30.0032;0.8;0.9853;-11.3651;-58.9474;12.1795
203;89.4949;5.6292;99.632;3.7273;54.5498;1.3061;1.0443;-22.2582;-73.3489;18.761
204;88.9684;7.1986;72.5139;7.0599;43.5752;0.8961;1.1197;-12.4347;-58.3492;12.0046
205;45.202;3.5334;99.1493;3.7453;74.5388;1.7512;1.4548;-29.1487;-72.3097;18.0568
206;53.1191;1.8378;169.7137;6.8785;61.236;0.8;1.3113;-9.2257;-45.3622;9.1512
207;79.2706;8.3357;88.0438;3.7038;75.302;0.8078;1.1253;-10.422;-53.5656;10.7679
208;79.2481;3.8704;104.9899;5.7568;62.7414;0.963;1.4916;-11.5954;-48.3671;9.6838
209;79.2709;4.9947;125.4406;4.9779;59.2213;0.9315;0.8988;-14.4981;-67.8375;15.546
210;139.3492;5.2893;107.2586;4.3926;37.977;0.8;0.851;-12.3012;-64.5421;14.1012
211;80.276;4.5085;107.5861;3.4142;66.701;1.3428;1.2326;-21.4554;-69.404;16.342
212;90.4402;2.7079;91.3382;5.0846;27.7542;1.3149;0.8594;-23.3314;-78.2148;22.9514
213;87.172;5.9648;94.3679;3.9392;52.8921;0.9342;0.9657;-14.5306;-65.5414;14.5102
214;81.725;6.3875;78.6626;3.5654;78.8892;1.2238;1.6074;-17.0724;-56.2162;11.4198
215;64.3252;4.5477;123.5544;6.8091;55.3747;1.329;0.9823;-22.8434;-75.3615;20.2934
216;83.6614;4.1681;64.7023;5.4213;67.2723;0.9981;2.9747;-3.0717;-0.6522;5.0328
217;56.0891;2.145;127.4778;5.5655;73.5611;0.8746;1.3234;-10.9748;-49.5636;9.9135
218;65.7373;1.912;70.4037;4.0126;85.3081;1.2922;3.3602;-7.4129;-13.3234;5.7686
219;61.2635;3.3729;127.2078;4.321;59.7474;1.2526;1.1487;-19.8541;-69.4326;16.3573
220;71.4737;3.2303;91.5345;4.2271;70.3568;0.8;2.0124;-5.5163;-16.151;5.9631
221;111.6639;8.2445;73.4939;5.1059;75.4221;1.3274;1.5817;-19.1176;-60.2813;12.5885
222;36.3892;6.2067;115.5837;5.5627;81.551;0.8154;0.9804;-11.8062;-59.9246;12.4765
223;82.3527;5.2445;126.1362;4.5546;71.343;1.0788;1.0606;-16.96;-67.2289;15.2573
224;40.9711;4.3364;89.6265;3.411;74.38;0.8494;1.5279;-9.1127;-40.0396;8.3388
225;61.5052;2.4937;119.74;5.7409;78.4545;1.0334;2.2252;-8.5207;-28.2226;6.966
226;89.6011;8.8031;60.0;4.6501;72.5822;1.0234;1.6897;-11.9738;-44.9631;9.0848
227;71.157;3.5533;71.8817;2.4387;56.4181;1.5627;1.8175;-22.9476;-61.2321;12.8973
228;50.6006;2.0936;138.1407;1.3971;45.6202;0.8;0.8662;-12.172;-63.9085;13.8537
229;57.1245;4.1981;94.5617;5.0468;79.8379;0.8572;1.7154;-7.4675;-33.2924;7.4954
230;82.2328;7.1053;62.7788;3.3558;86.3328;0.9111;2.1561;-5.8254;-21.1174;6.3385
231;56.8534;7.2623;83.9695;5.2466;40.6289;1.068;0.6685;-19.1216;-79.1347;23.9633
232;73.8963;1.0103;79.3858;3.4366;62.8795;0.9395;2.6287;-3.8047;-6.7333;5.361
233;70.8203;7.2502;95.9359;4.7998;60.4839;0.8;1.1933;-10.2731;-50.2782;10.056
234;58.2712;3.0397;91.1478;4.0324;80.528;1.1588;2.0106;-12.3166;-42.1651;8.6453
235;108.591;1.4621;104.5749;7.2279;58.1201;1.306;2.3272;-14.3269;-40.6023;8.4178
236;81.4105;6.8185;98.2783;6.0255;63.7909;1.0904;1.3237;-15.0368;-59.5348;12.3563
237;33.5474;6.9912;140.4856;6.6209;54.4735;0.9128;0.6475;-15.6497;-76.3528;21.1441
238;73.3562;4.8182;111.1974;4.6361;40.2176;1.0418;0.7035;-18.311;-77.4916;22.214
239;58.0878;4.6802;112.1221;5.8335;67.7517;0.8;1.2316;-9.8204;-48.6831;9.7434
240;85.3438;6.4747;133.8152;4.7375;46.4956;1.2364;0.5806;-23.4063;-84.3476;31.944
241;55.7346;6.2303;90.7382;6.8044;50.6661;1.1046;0.9485;-18.3384;-71.377;17.4685
242;67.9347;7.2967;72.9446;4.4912;83.0617;0.8988;1.8551;-8.101;-31.1998;7.2674
243;79.0898;4.5464;135.2213;2.5038;52.319;1.0165;0.7751;-17.3013;-74.5832;19.672
244;85.5836;8.5332;103.4544;1.6021;73.1545;1.2291;1.0641;-19.9669;-71.1416;17.326
245;48.3947;9.4938;103.5452;7.1025;68.0008;1.2622;0.7107;-22.8204;-81.232;26.6411
246;63.979;2.1637;85.3566;5.3178;57.8987;0.9852;1.7628;-10.6904;-40.3606;8.3837
247;61.451;6.8369;85.7089;5.4164;65.2179;1.5362;1.2103;-25.7035;-73.7376;19.0386
248;58.2401;4.2327;123.5753;6.8345;41.5351;1.3147;0.7173;-24.2014;-81.8135;27.4929
249;101.7782;3.6182;127.9109;2.1224;69.3228;1.1114;1.2661;-16.5306;-62.0249;13.1665
250;77.2897;4.9275;121.6473;4.0621;71.7602;0.924;1.199;-13.3774;-56.7448;11.5593
251;47.3041;1.6529;121.9255;4.2459;67.1313;0.9296;1.3922;-11.5299;-50.0768;10.0154
252;86.5215;4.2711;115.2873;5.7134;42.7536;1.0409;0.8284;-17.325;-73.4739;18.8494
253;108.1988;7.0699;103.3427;3.561;67.4471;0.9782;1.0978;-14.4908;-62.5918;13.3661
254;88.5844;2.7516;95.7102;2.7979;48.0577;1.4051;1.5097;-20.6242;-64.1832;13.9599
255;42.6513;3.8238;135.3347;2.7845;69.0997;0.8291;1.2428;-10.2539;-50.0339;10.0068
256;61.2838;7.9939;91.0802;6.3241;76.7053;1.1064;1.1168;-17.1393;-66.3544;14.8608
257;92.8044;3.8355;109.6907;3.4862;57.2407;0.8;1.3776;-8.8604;-42.6018;8.7111
258;57.2619;3.4679;81.791;3.772;82.9819;1.0783;2.3623;-9.3009;-26.9779;6.8472
259;77.9887;3.9005;84.8042;5.5517;63.7564;1.1905;1.989;-13.7936;-44.309;8.9781
260;83.9434;4.347;94.267;3.5516;58.1417;1.3339;1.6758;-18.3547;-58.1203;11.939
261;53.3153;5.053;81.7925;2.0426;55.9707;0.8884;1.0993;-12.7915;-58.7534;12.1222
262;68.9285;6.3594;122.0747;2.2274;65.5178;0.8673;0.9526;-13.1952;-63.3854;13.6558
263;30.0;3.9638;71.3903;4.5148;69.6405;1.2271;1.6637;-16.0523;-54.8073;11.0637
264;51.561;6.5161;102.5118;5.346;37.614;1.27;0.5376;-24.1499;-85.8889;35.4331
265;65.4538;4.4316;103.3682;4.2966;65.7309;0.9556;1.335;-11.9318;-53.4324;10.7371
266;47.5399;3.3674;63.5909;5.2457;42.275;0.8;1.4792;-8.3652;-38.367;8.1125
267;99.3834;5.2307;89.5605;2.1807;58.311;0.8092;1.2578;-10.0295;-48.1855;9.6498
268;44.2575;5.6674;106.6012;2.282;54.774;0.9817;0.867;-15.9067;-70.5593;16.9833
269;62.0792;4.5788;111.3137;7.9809;84.4406;0.8;2.1824;-3.7637;-9.0664;5.4985
270;72.3533;1.6596;95.0206;6.4492;42.4665;1.1569;1.3432;-16.9675;-61.2998;12.9198
271;95.9429;2.5087;118.4383;5.7535;57.9846;0.8568;1.8568;-7.169;-27.7628;6.9216
272;44.1545;3.106;97.3041;3.6104;74.1954;0.9856;1.5492;-11.9077;-47.6063;9.5431
273;90.9369;3.0931;100.3419;4.243;70.0062;1.2448;1.9127;-15.9908;-48.7805;9.7619
274;70.1842;5.3398;106.4935;4.5975;72.4548;1.0763;1.4544;-14.3147;-54.9576;11.1007
275;52.3328;1.1601;126.0804;6.5715;25.4236;1.4753;0.5988;-28.4489;-86.4716;36.9592
276;78.3179;5.9692;84.4568;5.2042;67.0989;1.3225;1.4271;-19.7382;-64.0307;13.9008
277;73.5831;3.0104;88.5409;5.3889;29.3256;0.8124;1.1321;-10.8788;-53.5471;10.7636
278;59.1961;3.2263;84.601;4.3485;55.4538;1.1259;1.4623;-15.8504;-56.7072;11.5493
279;71.2564;4.397;92.0306;5.789;80.504;1.0311;1.8793;-10.8034;-39.2431;8.2295
280;63.0644;2.7646;142.8405;5.0535;58.5623;1.268;1.1181;-20.7387;-70.6066;17.0106
281;72.0433;7.2282;115.3939;4.666;38.6529;1.1103;0.5197;-21.108;-84.3993;32.0498
282;81.9184;1.9239;75.3691;3.4854;67.2889;0.9049;2.9894;-0.7663;10.1194;4.5405
283;98.5483;3.9215;86.0612;4.4296;48.7631;1.0999;1.4067;-15.2652;-57.3675;11.7281
284;47.7193;6.8356;109.7672;2.9807;80.5108;0.9289;0.9261;-14.1513;-66.7658;15.0447
285;108.3946;4.9457;79.7218;4.5398;68.4365;0.8787;2.2055;-5.4075;-16.3387;5.9765
286;34.8624;3.14;83.4156;4.7334;50.3703;0.978;1.2686;-13.3281;-56.7601;11.5634
287;67.2679;3.7936;139.9675;0.9932;76.2942;1.051;1.0898;-16.3623;-65.4358;14.4658
288;80.5897;5.5836;85.7835;4.2545;51.733;1.297;1.3833;-19.5727;-64.4491;14.0644
289;75.0579;8.6665;126.9555;2.8362;72.3977;0.9054;0.7046;-15.2883;-74.0612;19.2762
290;58.7914;7.3342;136.8658;5.348;74.502;0.8;0.8472;-12.4185;-64.7014;14.1649
291;66.2538;3.3873;83.2464;5.5557;79.5559;0.9614;3.1131;-1.3347;7.94;4.6322
292;61.126;9.6538;80.0523;3.9605;73.9883;1.0526;1.0146;-16.7337;-67.8694;15.5615
293;59.3914;0.7885;93.3296;5.4235;60.9246;1.0371;2.0277;-10.5043;-34.8303;7.6723
294;85.2928;1.3101;76.1735;5.4866;47.8577;0.9505;1.9246;-8.4429;-32.5063;7.4081
295;76.4263;6.5773;103.0721;4.2554;57.4171;1.2092;0.8589;-21.1428;-76.3234;21.1179
296;57.5276;2.6765;94.9886;6.9014;51.8474;1.0645;1.3676;-14.4398;-57.1724;11.6747
297;86.1928;1.7014;109.4333;3.5124;50.4822;1.1282;1.3916;-16.0714;-58.8821;12.1602
298;75.5314;2.8732;141.7984;6.807;34.0479;0.8;0.6628;-13.4131;-72.3841;18.1055
299;84.6315;3.8223;122.6753;4.2622;51.8196;0.9659;1.0453;-14.3988;-63.9238;13.8596
300;81.3333;5.7671;113.0104;3.335;45.749;0.9726;0.7703;-16.0709;-73.5994;18.939
301;55.0781;5.0018;61.1701;4.0727;48.4802;1.4004;1.9025;-18.2127;-54.7168;11.0416
302;59.9167;2.8756;111.7221;2.9509;48.0238;0.979;0.9566;-15.3886;-67.4278;15.3505
303;83.4513;4.2526;153.8268;5.7768;38.1241;0.8763;0.5521;-15.5334;-78.9986;23.8079
304;80.9867;7.7849;60.0;2.1958;71.7955;0.8661;1.9157;-6.7252;-26.2688;6.7814
305;69.6238;6.4926;118.8088;6.6844;44.9303;1.2163;0.6127;-22.7543;-83.2092;29.7781
306;72.1119;3.2912;96.0944;3.1962;51.3807;0.8904;1.1971;-11.8497;-55.1855;11.1571
307;92.998;8.914;80.8602;5.855;73.0904;0.8432;1.1839;-10.9912;-53.1949;10.6826
308;59.3517;5.5981;122.1747;4.6363;50.1206;1.2012;0.7138;-21.63;-80.192;25.2423
309;79.8478;1.7179;153.3306;5.0062;74.8072;1.0815;1.5833;-14.2772;-51.2021;10.2463
310;66.3605;1.4138;121.3863;3.7149;41.3133;0.9539;1.1071;-13.7043;-61.3114;12.9237
311;66.0817;2.4999;91.1378;5.1292;69.2156;0.8;2.4784;-1.8945;3.2664;4.8418
312;89.778;5.7459;78.9885;4.8025;69.3738;1.1172;1.6045;-14.4909;-52.1276;10.4444
313;84.8575;2.589;103.6819;2.4131;20.3729;1.1798;0.4885;-22.5682;-86.1984;36.2277
314;84.6432;4.3003;124.3951;3.1562;34.4114;0.8264;0.5986;-14.2761;-75.8572;20.7101
315;93.4986;1.9883;90.7771;3.7886;56.0014;1.0757;2.0192;-10.7232;-37.4292;7.991
316;70.3781;7.7063;92.9977;3.4675;70.2312;0.9801;1.3707;-13.0036;-53.3813;10.7253
317;82.2752;3.395;200.0;6.4792;81.2272;0.8379;0.9845;-12.1151;-60.8371;12.7672
318;64.4152;7.5283;130.9523;4.6105;69.4894;0.915;0.7067;-15.4441;-74.2539;19.4204
319;75.835;8.0854;133.3133;3.432;51.7349;0.9906;0.6556;-17.538;-77.9386;22.6641
320;67.6574;0.8815;69.4147;3.8638;66.4796;0.8;3.3667;2.8734;40.2792;3.5643
321;71.7459;4.0305;83.795;3.8433;59.7483;1.1209;1.7213;-13.5583;-48.8149;9.7685
322;80.7128;1.2652;101.8846;4.1679;24.8595;0.8676;1.0536;-12.3334;-59.5172;12.3509
323;55.272;7.5359;77.8579;2.987;58.0536;0.8745;0.9355;-13.1969;-64.3432;14.0226
324;107.663;4.3409;149.1973;3.3791;27.6629;1.1064;0.4683;-21.2356;-85.8927;35.4427
325;51.8917;1.8341;142.2731;5.7499;51.4501;0.9134;0.9545;-13.7938;-65.1675;14.3544
326;48.1446;2.1184;87.5127;4.878;53.8124;0.9578;1.4839;-12.1579;-48.3576;9.682
327;90.846;3.5971;156.202;4.3715;74.9171;0.9791;1.2001;-14.1706;-59.1446;12.2383
328;84.2499;8.0064;99.8938;4.6039;74.2182;0.8564;1.1248;-11.5524;-56.2198;11.4207
329;81.2342;5.481;191.0466;4.5317;76.1057;0.9016;0.7493;-15.2931;-72.2959;18.0479
330;81.3102;7.033;103.6834;4.2863;55.5888;0.9965;0.8078;-16.342;-72.9781;18.5035
331;69.7796;3.5092;115.494;5.3757;61.97;0.9969;1.2266;-14.2748;-58.985;12.1907
332;53.8494;1.5131;141.9033;5.2647;28.0409;1.1112;0.7209;-20.2623;-78.3734;23.1197
333;71.3645;8.6931;137.6313;2.2424;67.6169;1.121;0.6356;-20.4361;-81.0996;26.4545
334;57.8111;1.1386;113.6193;4.4027;59.0613;1.276;2.1875;-14.5208;-42.8554;8.7497
335;87.5522;8.1342;96.533;2.3413;40.0034;0.8;0.5525;-14.0872;-76.9789;21.7192
336;67.353;3.5206;113.7159;5.5534;50.0921;1.2003;1.0039;-19.8446;-72.1206;17.9344
337;55.1411;0.9895;81.5425;5.7515;48.2801;0.9342;1.7261;-9.7587;-38.4081;8.118
338;64.2151;5.4535;103.8766;3.6838;84.1623;1.1407;1.9559;-13.3062;-42.8472;8.7485
339;77.4328;8.8624;75.7807;4.4249;58.5487;1.0702;0.9126;-17.4646;-71.5752;17.5903
340;59.853;8.4881;64.0683;1.4328;75.3959;0.891;1.2577;-11.6859;-52.9482;10.6266
341;55.2;2.4551;101.2686;6.0592;55.4279;1.3553;1.5585;-20.1032;-61.668;13.0439
342;74.3864;2.5748;137.104;5.6645;60.3944;1.1644;1.6665;-14.7272;-52.2946;10.481
343;74.4094;4.6249;126.0428;6.3251;52.4172;1.0878;0.9281;-17.9344;-71.559;17.5803
344;60.875;5.0889;97.973;6.8298;66.42;1.5496;1.4055;-25.1431;-69.7676;16.5385
345;61.5213;5.8372;154.7665;2.7638;48.5769;0.823;0.5465;-14.4495;-77.8645;22.5881
346;74.1769;2.5736;86.7391;5.9321;58.6973;1.005;1.8225;-11.0599;-39.5549;8.272
347;43.9345;8.3489;61.9119;6.819;62.8151;1.119;1.2123;-16.886;-63.887;13.8454
348;44.6657;5.0986;60.0;2.3581;26.556;0.8078;0.6734;-13.3078;-72.2132;17.9942
349;57.068;6.8107;74.431;4.3432;62.2444;0.8756;1.2647;-10.8892;-51.856;10.3855
350;66.158;4.4696;122.649;4.0549;36.08;1.2206;0.5396;-23.2155;-85.2652;33.9332
351;75.5963;3.759;85.3252;5.8832;46.4807;0.9055;1.2921;-11.5808;-52.4332;10.5115
352;96.5564;8.7682;112.2142;1.0091;38.0026;1.1905;0.4438;-23.2246;-87.5735;40.2367
353;85.4379;4.7285;150.9187;7.3239;63.0379;0.8817;1.0795;-12.212;-59.1874;12.2511
354;67.1211;7.0246;75.9554;4.4312;81.5917;1.4978;1.7428;-21.5348;-61.2146;12.8914
355;69.6577;8.2376;112.7074;5.9741;74.6759;0.8;1.014;-11.4165;-57.7493;11.8341
356;51.9545;5.3536;114.424;4.5096;67.0431;1.2235;0.9522;-20.4259;-74.0577;19.2736
357;69.6668;4.5232;80.6393;5.3382;40.5406;1.0515;1.1848;-15.3715;-62.4395;13.3119
358;64.8041;0.7888;140.2916;1.1179;50.6196;0.8;1.0042;-10.914;-58.1599;11.9502
359;75.8089;1.4749;93.0599;4.0227;90.1552;0.9564;2.8722;-3.0074;0.1068;4.9947
360;55.1098;2.6841;90.852;5.8716;85.9191;0.8;2.5649;-1.7666;6.8719;4.6785
361;79.3482;2.6018;169.5374;5.0331;59.7253;1.073;0.9936;-17.9068;-69.1321;16.1981
362;97.5893;2.9598;113.9616;2.1447;63.8144;0.8875;1.4436;-10.6069;-45.7801;9.2217
363;68.0423;3.2013;126.0266;4.6921;62.3083;0.8;1.2775;-9.1332;-46.7693;9.3931
364;77.2308;3.4765;140.3155;3.3719;55.5727;1.0337;0.9732;-16.5638;-68.6176;15.9325
365;82.4226;3.7924;84.9915;3.2419;68.4672;1.0294;2.4434;-7.0985;-20.8795;6.3195
366;62.778;2.0323;136.6777;2.319;72.4128;1.5241;1.3012;-24.9686;-71.5409;17.5691
367;74.0337;1.503;88.2079;5.5281;54.5767;1.1801;2.3664;-10.9225;-33.1583;7.4804
368;70.2267;5.3435;87.2707;6.2695;29.2563;0.8;0.7637;-12.8027;-68.1773;15.712
369;71.7582;4.4532;93.426;7.7802;70.6174;0.8997;1.6437;-9.605;-39.1047;8.2108
370;56.0858;3.9202;85.5973;2.3889;60.7615;1.2473;1.2741;-18.8691;-65.9498;14.6842
371;70.4412;5.0695;122.8187;5.7511;63.241;0.8;0.9955;-11.22;-58.5223;12.0547
372;78.964;6.6148;106.9084;5.8498;42.013;0.857;0.6511;-14.4797;-74.6749;19.7432
373;96.1206;3.8308;88.4435;3.7292;73.1642;1.0004;2.2055;-8.0722;-26.5097;6.8036
374;87.2669;5.1148;118.3678;3.2236;95.6124;0.8998;1.7508;-8.4972;-35.14;7.7089
375;108.7573;8.2429;93.3517;2.9714;64.1109;1.3747;1.1113;-23.2065;-73.0545;18.556
376;56.1877;6.7343;92.1256;3.809;33.3996;1.0373;0.7056;-18.164;-77.3269;22.0526
377;85.7018;3.8217;101.2245;4.9039;68.1646;1.0067;1.6699;-11.2546;-44.7074;9.0428
378;73.3002;5.1393;112.2844;6.6402;47.6858;0.8325;0.8395;-12.9074;-66.3872;14.8753
379;109.4165;2.5507;110.2369;6.258;62.6235;0.8021;1.9728;-5.1256;-18.0174;6.0989
380;55.4506;4.594;91.3189;2.1769;75.1305;1.021;1.4478;-13.1509;-52.735;10.5786
381;54.885;8.8857;123.5873;3.4167;31.9716;0.9841;0.2929;-19.6021;-90.08;50.0
382;59.2109;4.3403;94.5919;6.5495;22.6006;0.8;0.4661;-14.3378;-80.5802;25.7469
383;31.7699;7.8064;84.8958;3.5034;55.8421;1.0479;0.7903;-18.2178;-74.8608;19.8893
384;60.5364;3.7221;69.2806;4.5146;50.4406;1.0115;1.8489;-9.97;-39.0729;8.2065
385;56.3356;9.7228;127.8637;2.0421;65.6354;0.9402;0.4665;-17.6067;-83.4605;30.2307
386;72.7071;4.7102;100.3102;6.3296;79.4934;1.2693;1.6415;-17.5262;-56.8926;11.5989
387;76.1516;1.5019;105.4132;1.7309;64.1941;0.9975;1.7736;-11.433;-40.7337;8.4365
388;103.7711;4.7578;129.8813;2.1358;54.4242;0.9535;0.8754;-15.7252;-69.3968;16.3382
389;87.1076;3.0544;88.7496;6.1762;81.7114;1.2539;2.4363;-12.2851;-35.2327;7.72
390;59.6157;1.3783;70.9213;7.4801;63.6538;0.9703;2.8901;-2.4476;-0.7096;5.0357
391;53.8285;6.5484;101.7598;4.1641;39.0642;0.9228;0.6716;-15.7831;-75.7399;20.61
392;78.8545;3.06;108.0032;4.5297;47.7208;0.8;1.2563;-9.4172;-47.6555;9.5521
393;46.2358;6.3218;93.64;5.9624;57.4645;1.0122;0.9331;-16.2248;-69.2721;16.2718
394;102.9663;3.1201;144.547;5.0342;77.5908;1.205;1.4463;-17.0824;-59.9915;12.4974
395;91.2299;2.6483;60.0;4.0402;41.6695;0.92;2.312;-5.1209;-16.2321;5.9689
396;61.5548;8.6835;132.3149;3.8718;44.6786;0.8;0.4338;-14.7382;-81.9236;27.6604
397;39.1636;3.4846;121.8705;2.2498;53.6867;1.2241;0.9922;-20.3105;-72.9819;18.5061
398;94.3697;4.8514;112.0968;4.9494;62.6329;1.2337;1.5197;-17.8163;-58.9413;12.1777
399;67.9383;4.9072;60.0;4.4621;64.3205;1.1241;2.4905;-8.4876;-26.1476;6.7703
400;92.2807;4.5937;137.8467;3.9432;70.929;1.0194;1.1593;-14.8079;-62.0926;13.19
401;41.3003;7.6183;77.3671;3.0973;55.9917;1.0877;0.9952;-17.5098;-69.5015;16.3942
402;59.2112;5.3471;88.0801;3.2492;64.4162;0.8;1.6093;-6.9353;-32.9459;7.4567
403;70.0944;3.703;95.8248;5.5276;76.313;0.8901;1.7763;-8.1488;-33.4798;7.5165
404;70.8457;6.9748;110.7222;5.9225;72.9304;1.1447;1.156;-17.3675;-66.336;14.8527
405;61.8988;2.5737;117.3343;4.1093;75.0141;1.07;1.7032;-12.6448;-46.9412;9.4235
406;81.2113;4.4947;125.0083;3.9513;55.4573;1.1978;0.9967;-19.7115;-72.2627;18.0263
407;50.7828;8.1866;122.6253;3.3195;52.0831;1.359;0.5399;-26.2041;-86.7581;37.759
408;67.4372;5.0089;106.5274;6.0052;52.2812;0.8;1.3826;-8.8248;-42.393;8.6795
409;72.1653;6.5112;110.9579;4.6465;64.7418;1.1015;1.1717;-16.5875;-64.5426;14.1014
410;79.2599;5.2002;76.133;5.1519;35.639;0.9496;1.3397;-12.5186;-52.9743;10.6325
411;82.8091;6.7317;82.8816;5.1377;62.2506;0.9146;1.3073;-11.4918;-52.3523;10.4937
412;49.7564;8.0787;125.0902;4.1384;38.7734;1.6395;0.3538;-33.5071;-92.8067;50.0
413;42.3859;3.0465;123.2818;2.852;46.259;0.8;0.7523;-12.6849;-68.6543;15.9512
414;92.9982;2.5073;119.8355;3.1058;59.6987;0.9643;1.3303;-12.9156;-54.0148;10.8731
415;75.9817;4.1421;87.9322;6.2918;48.4325;0.9538;1.2592;-13.1858;-55.9966;11.3628
416;56.5272;5.5473;125.5612;3.5115;67.164;1.0096;0.8814;-16.3219;-70.8993;17.1817
417;97.9207;2.8229;74.8031;3.9845;41.9806;0.8;1.5035;-7.9037;-37.3536;7.9813
418;72.0821;0.8121;130.91;2.8984;40.4118;0.8218;0.923;-11.7764;-62.5628;13.3557
419;91.2273;3.3898;93.6863;2.7759;45.7046;1.0098;1.2667;-14.0876;-58.1869;11.958
420;71.2153;8.561;152.3549;3.4463;59.2588;0.8;0.5997;-13.6967;-75.0139;20.0111
421;107.0935;5.4962;68.3615;7.1326;76.0433;1.2101;2.5915;-10.9049;-28.6144;7.0042
422;101.5961;3.6903;155.4029;5.5871;73.4811;1.1229;1.3429;-16.029;-60.136;12.5427
423;65.5186;2.6386;91.3597;3.8098;52.3478;0.8;1.8071;-6.0808;-24.7053;6.6406
424;87.4883;3.4563;90.9491;6.2243;56.3784;0.955;1.6418;-10.3917;-42.6931;8.725
425;81.6168;2.5084;104.9916;4.3716;45.5172;1.078;1.458;-14.5338;-54.9167;11.0906
426;94.6354;2.089;84.007;6.6315;74.5035;0.8;3.0098;1.2528;25.4094;3.9869
427;52.6314;7.5097;98.208;7.9176;62.0086;0.8;0.8907;-11.9457;-62.8867;13.4723
428;82.3489;9.6047;83.1598;6.1422;63.3789;0.8257;0.9928;-12.223;-59.9214;12.4755
429;89.0516;2.4743;83.9234;4.7418;65.997;1.7117;2.1053;-23.5017;-59.0015;12.1956
430;38.3427;1.6379;112.9439;5.649;39.3133;1.2447;0.9959;-20.4998;-73.328;18.7462
431;48.7013;3.3237;79.8204;4.6226;56.5329;0.8854;1.5193;-10.0124;-42.8006;8.7413
432;33.2938;4.0167;82.5267;1.846;91.2911;0.8;1.732;-6.5794;-27.8325;6.9283
433;65.1507;2.7056;70.9498;3.6181;51.9017;0.8478;1.8223;-6.8598;-28.3533;6.9787
434;82.9158;3.1842;88.163;3.1726;67.423;1.3559;1.947;-17.7762;-52.1344;10.4459
435;97.0424;2.6842;138.8051;3.5848;76.3272;1.5019;1.8887;-20.9897;-58.0834;11.9284
436;71.3337;6.1255;80.9383;7.2905;39.3691;0.8501;0.8306;-13.2687;-67.434;15.3534
437;99.3151;5.6281;83.2845;6.2832;59.3316;1.0642;1.9957;-11.0703;-37.4899;7.9987
438;45.1582;5.073;104.9675;5.2613;79.1851;0.9489;1.515;-11.4361;-46.7807;9.3951
439;39.3391;3.6164;91.1468;5.8185;57.6076;1.2893;1.7873;-17.1586;-53.7911;10.8204
440;69.0001;7.5406;174.5496;1.7618;88.7994;0.8035;0.6597;-13.2198;-72.6325;18.2699
441;76.9132;8.5766;96.0182;5.6923;72.4489;1.2163;1.0216;-19.9552;-72.002;17.8584
442;69.4115;2.5307;108.7416;6.0094;86.7611;0.8;2.269;-3.3677;-5.4594;5.2887
443;32.786;2.8014;126.6101;1.2404;76.8803;1.2087;1.2633;-18.5689;-65.1607;14.3516
444;68.3958;4.3835;126.0041;5.7479;52.7148;0.8435;0.9505;-12.7152;-62.4395;13.3118
445;46.5195;1.9721;106.0056;2.4639;84.9029;0.939;1.9926;-7.7617;-29.2695;7.0691
446;82.0541;3.8782;96.0519;1.645;76.4332;0.8789;2.52;-3.3779;-4.4269;5.2316
447;76.5988;4.7264;165.8655;6.5895;63.0918;1.4803;0.7918;-27.5139;-82.1692;28.0414
448;53.0822;4.3624;97.5368;3.0894;67.4216;1.2199;1.3143;-18.3349;-64.0874;13.9227
449;60.7504;3.3296;89.5456;3.5261;74.0817;0.921;2.0307;-7.4324;-26.5041;6.8031
450;50.9342;4.4839;85.0899;6.0844;39.5245;0.8479;1.044;-11.9431;-58.959;12.1829
451;68.8718;8.3448;64.9404;4.1421;46.2007;1.3005;0.9833;-22.3172;-74.7954;19.8377
452;87.1926;2.712;122.8021;4.3298;59.9656;0.8;1.4077;-8.7735;-41.3471;8.5247
453;52.2569;5.209;60.0;4.2969;72.4308;1.1006;2.4339;-7.9547;-26.2845;6.7828
454;79.0728;1.5152;99.857;5.1214;63.6298;0.8254;2.4643;-2.8876;-0.4854;5.0244
455;60.4554;1.7559;95.0074;4.2605;54.642;1.5696;1.6483;-24.4713;-64.9958;14.284
456;55.7283;4.5407;175.0657;4.7712;62.2768;1.7266;0.6653;-33.3011;-87.1565;38.9301
457;68.0735;2.0787;63.2603;3.8447;68.9389;1.0062;3.5316;-0.0617;16.9984;4.2736
458;51.3656;1.2285;79.8296;5.1277;67.2084;0.9295;3.0235;-1.6855;8.4241;4.6115
459;60.0343;2.5183;96.6548;5.0708;48.8893;1.0137;1.6527;-11.3079;-45.6543;9.2004
460;48.4382;4.6206;95.1817;7.4468;49.2891;0.8831;1.1082;-12.1447;-58.1711;11.9535
461;105.3651;5.5584;87.1634;4.0281;56.884;0.8531;1.4425;-9.3671;-43.6366;8.871
462;70.6347;2.6929;97.9957;4.3238;80.1914;1.048;1.996;-10.4399;-36.5146;7.8758
463;57.4049;5.3031;72.9869;4.9582;59.1792;1.1329;1.377;-15.6968;-59.484;12.3408
464;73.8516;2.5818;109.3407;6.0467;61.6122;1.027;1.523;-12.6433;-50.568;10.1149
465;67.9781;4.93;60.0;2.9626;30.8154;1.0597;0.895;-17.572;-71.8471;17.7602
466;66.0225;3.7466;99.3578;4.7554;85.0784;0.8812;1.8773;-7.7861;-28.9835;7.0406
467;81.055;5.2018;86.0631;0.8383;49.3349;0.8296;1.0532;-11.5024;-57.6841;11.8159
468;83.6351;9.4264;128.9265;4.1927;81.7186;0.828;0.7968;-12.8963;-67.9253;15.5886
469;60.451;7.9665;155.0888;6.2091;61.1673;1.1669;0.5632;-21.8913;-83.9111;31.0772
470;59.6353;0.8189;92.0569;3.5108;73.326;1.0161;3.2788;-1.7515;7.5683;4.6482
471;65.0491;7.2399;141.5781;4.8653;62.6191;1.0411;0.7923;-17.9899;-74.6341;19.7115
472;30.0;1.7566;92.4013;3.8066;60.843;1.0707;1.4727;-14.2515;-54.1481;10.9047
473;42.7266;8.233;78.5424;3.3109;69.1689;0.9885;1.247;-14.2778;-57.9492;11.8904
474;94.6037;3.0892;154.7245;6.0572;42.8578;1.0219;0.7395;-17.7804;-75.8787;20.7286
475;99.6094;3.5895;113.9049;3.0321;59.2238;1.2958;1.5083;-19.1872;-61.2026;12.8875
476;65.5174;1.9753;100.111;5.0394;57.7151;1.1681;1.528;-15.6996;-56.3967;11.467
477;80.378;2.1329;118.7434;5.0625;54.8567;0.9661;1.305;-13.0978;-54.9755;11.1051
478;75.6025;5.7372;107.0958;3.3223;60.4219;0.9099;0.9685;-13.8123;-64.5192;14.0921
479;125.4199;8.076;98.2844;4.8335;70.6665;1.2281;1.1995;-19.8698;-67.4423;15.3573
480;90.1523;4.9122;71.7768;3.1976;41.6132;1.0688;1.1946;-15.742;-62.7451;13.4211
481;67.6975;5.6531;93.4602;5.3827;53.2214;0.9403;1.0944;-14.0488;-61.2035;12.8878
482;52.8003;6.0214;116.8609;2.6276;40.8181;0.8;0.5342;-14.2887;-77.7405;22.4623
483;41.084;2.9984;96.9773;4.0906;74.1675;1.4033;2.2584;-16.1905;-46.353;9.3202
484;73.6623;1.5364;125.3051;4.2208;41.4735;0.8;1.1143;-10.5377;-53.5728;10.7695
485;56.3857;0.7109;110.0664;6.2694;52.7695;1.0585;1.6547;-12.2353;-47.8946;9.5959
486;44.3994;3.4287;80.2893;4.8101;60.8306;1.4406;2.3905;-17.3267;-44.686;9.0393
487;58.3617;2.8947;71.9073;6.0325;64.6588;0.934;2.4219;-4.2069;-13.569;5.785
488;50.5321;1.7166;96.1467;5.432;35.4585;0.9909;0.9438;-15.3886;-68.2523;15.7491
489;100.3685;2.5649;87.7168;5.4225;49.4391;1.1862;1.6977;-15.1801;-52.2912;10.4803
490;85.8695;2.2195;108.7716;4.1021;62.1933;0.8;1.5495;-7.4416;-35.4368;7.7443
491;69.8565;7.6208;83.5659;6.1314;50.4571;0.8;0.8526;-11.9325;-64.475;14.0746
492;96.639;2.3252;85.7402;4.0657;70.877;0.9311;3.4399;1.4868;23.154;4.06
493;71.3926;4.4551;130.1175;2.0053;41.3799;1.0163;0.7917;-17.3599;-74.0329;19.2552
494;54.4969;4.7982;103.7746;4.2778;69.4319;1.014;1.3307;-14.0488;-56.255;11.4299
495;97.4162;4.4902;83.8885;5.2802;54.3602;1.3277;1.5792;-19.211;-60.3526;12.6112
496;79.7004;2.0338;100.442;2.1901;79.0996;0.8276;2.1244;-4.9566;-14.4407;5.8439
497;51.3296;3.2695;141.1606;3.2723;59.1216;0.9717;0.8327;-15.9819;-71.4343;17.5035
498;66.5739;1.6035;107.6211;2.7541;38.7569;1.3518;1.1562;-22.4847;-71.4908;17.5382
499;54.2389;3.6606;115.9789;5.7801;85.5634;0.9459;1.6585;-10.2816;-41.5564;8.5553
500;45.1096;2.6164;82.8566;7.1093;55.3981;1.4879;1.6576;-21.8013;-62.8669;13.4651
501;86.6712;4.6008;129.2534;4.2855;58.9638;0.9542;1.0712;-14.0406;-62.5805;13.362
502;104.3695;5.4802;178.5191;5.3973;44.313;0.8704;0.5482;-15.5762;-79.0069;23.8174
503;44.8258;4.422;82.0479;5.3583;72.2909;0.9922;1.7078;-11.2388;-42.6257;8.7147
504;80.1334;3.8662;74.4179;6.9307;31.4833;1.0533;1.098;-16.1666;-65.2504;14.3886
505;58.2884;3.617;104.4863;3.6212;79.082;0.921;1.5912;-9.7182;-42.4102;8.6821
506;61.2317;6.7554;124.4677;4.2702;69.9702;1.0829;0.8031;-18.7252;-75.2803;20.2268
507;59.3369;2.7825;97.7412;4.0888;59.0011;0.9706;1.4649;-11.8806;-49.6907;9.9385
508;54.4482;5.7959;76.851;4.7131;46.1981;1.289;0.9551;-22.2327;-75.302;20.2446
509;70.8734;5.9841;97.3219;8.3565;67.8035;1.1069;1.4292;-14.7277;-56.9615;11.6175
510;55.0429;3.7852;116.128;4.6462;74.362;1.0022;1.8844;-10.2732;-37.3231;7.9774
511;74.8682;3.1641;90.3248;3.3179;62.6043;0.9387;1.68;-10.2794;-40.342;8.3811
512;69.0957;4.0663;116.3943;2.8683;75.4727;1.1742;1.5089;-15.9977;-57.1656;11.6729
513;65.6989;1.9879;133.8002;6.479;73.9276;1.0063;1.6533;-11.7236;-45.2315;9.1293
514;53.6639;1.5444;106.1898;3.3111;69.0419;0.9135;2.3839;-5.083;-13.0091;5.7477
515;59.6181;2.1281;99.3037;5.5954;57.0029;0.8653;1.6399;-8.3614;-36.8309;7.9153
516;83.597;2.6082;123.0396;3.5805;78.1625;1.1501;1.7112;-14.6962;-50.4051;10.0817
517;79.0165;4.2579;80.7328;2.7;44.8635;0.91;1.1399;-12.6554;-58.2432;11.9741
518;52.404;6.8326;78.7669;5.5078;48.1358;0.9418;0.8936;-14.8705;-68.3725;15.809
519;71.788;2.8657;93.5529;3.6539;49.2418;1.117;1.2623;-16.6081;-62.3321;13.2739
520;83.525;7.9235;88.429;5.2381;82.6358;1.2388;1.468;-17.8828;-60.5002;12.6583
521;39.9507;8.2683;81.8047;5.3489;57.7255;1.1264;0.7889;-19.7329;-76.6529;21.416
522;79.7805;8.3469;158.0304;5.4194;38.8572;1.186;0.3483;-23.6956;-90.211;50.0
523;58.0728;6.7133;172.116;4.1978;52.6598;1.1525;0.4467;-22.3758;-87.081;38.7026
524;80.2708;3.4957;91.5371;5.6293;55.735;1.0017;1.9426;-9.648;-35.3526;7.7343
525;56.2613;1.8139;102.3195;3.2162;52.7189;1.0821;1.4628;-14.2382;-54.9401;11.0964
526;37.5121;4.6452;95.4125;0.9189;78.7619;1.4408;1.443;-22.1723;-66.616;14.9772
527;40.7042;4.5826;131.9001;5.6603;66.5472;0.9616;1.006;-14.5319;-65.126;14.3373
528;70.8655;6.8414;138.5985;4.8484;53.6884;0.8037;0.6511;-13.3819;-72.9961;18.5158
529;74.675;9.4837;64.1263;3.6849;48.8719;0.8;0.826;-12.792;-65.5831;14.5278
530;53.7223;4.2809;112.6373;2.3933;67.4743;1.4727;1.2122;-24.6621;-72.5644;18.2245
531;81.4947;3.4012;72.1296;1.5451;62.2866;1.4861;1.9656;-19.8113;-55.9127;11.3411
532;40.0926;2.6012;155.2037;4.6776;36.991;0.8202;0.5426;-14.603;-77.9501;22.6759
533;68.8106;0.8376;111.6347;7.0732;50.4644;1.2933;1.5775;-18.9291;-59.3411;12.2974
534;48.2017;4.2865;81.3965;4.3922;25.943;1.2294;0.7051;-22.3213;-80.8829;26.1546
535;58.267;4.5633;94.1453;4.058;77.7262;1.1368;1.5756;-14.7755;-53.8027;10.8232
536;70.8532;6.588;93.0304;4.5634;47.6127;1.1059;0.9861;-17.5791;-70.2772;16.8221
537;54.5126;4.2602;114.0285;7.8688;73.4185;0.8616;1.2827;-10.6821;-50.3778;10.0761
538;63.078;7.6431;129.755;5.7279;59.1062;1.0262;0.7525;-17.7907;-75.5583;20.4568
539;88.1133;5.0268;75.0473;3.1996;57.2349;1.0721;1.5706;-13.4334;-51.1655;10.2387
540;59.6159;6.7415;158.3581;4.6422;64.0091;1.014;0.6201;-18.1002;-79.6155;24.5285
541;85.0425;2.3767;149.3948;5.0987;35.0717;0.9891;0.6733;-17.1501;-77.311;22.0371
542;49.6653;6.8984;80.3458;3.0155;74.3017;1.297;1.3907;-19.6638;-64.2599;13.9899
543;79.5365;5.3521;101.8367;5.7387;43.8844;1.2252;0.84;-21.3533;-77.1481;21.88
544;95.9482;2.5107;153.3729;3.3733;65.1926;1.1911;1.2631;-18.5867;-64.6504;14.1444
545;30.0;2.6229;136.1014;2.3336;70.2604;1.205;1.1075;-19.3546;-69.3639;16.3206
546;55.6559;7.7892;91.926;4.7142;47.4242;1.0469;0.6173;-18.8687;-80.3473;25.4418
547;80.3873;1.3747;122.5789;4.4768;65.3164;1.2626;1.606;-17.7649;-57.6008;11.7927
548;66.3452;4.0216;200.0;4.5985;80.9874;0.8;0.8107;-12.7069;-66.2208;14.802
549;76.6806;3.2432;102.6639;3.453;70.2896;1.014;1.7972;-11.5187;-40.9207;8.4632
550;59.1283;5.2806;85.3711;3.6623;75.467;1.1521;1.4797;-15.579;-57.1892;11.6793
551;71.5586;6.7343;104.4047;6.2927;78.602;1.1148;1.4023;-15.1659;-58.0709;11.9249
552;67.1978;3.4781;106.3577;5.2616;46.5897;1.0777;1.006;-16.9367;-68.885;16.0694
553;91.0201;3.8266;87.71;3.1649;52.9351;1.2037;1.3281;-18.1223;-63.2235;13.5957
554;74.5796;8.9034;111.6732;1.674;54.9718;1.334;0.7568;-24.309;-81.089;26.4396
555;76.0768;6.2093;73.0811;3.2284;81.1654;0.8084;1.764;-6.3316;-27.263;6.8741
556;62.5862;7.3854;84.6721;4.8359;54.4206;1.0619;0.9504;-17.3664;-70.1677;16.7604
557;61.2231;3.8908;120.8719;3.6521;55.0005;0.8655;1.0032;-12.4107;-61.3632;12.941
558;62.214;2.8578;64.4863;3.5355;49.5577;1.2386;1.7983;-16.1209;-51.6051;10.3317
559;77.1001;3.7461;125.3315;3.7163;61.791;1.1558;1.0459;-18.4411;-69.837;16.5766
560;62.4223;5.6549;60.4717;4.4909;73.1827;0.8236;2.1995;-4.0251;-10.9797;5.6167
561;75.2159;2.1121;64.867;5.7769;63.9657;0.9987;4.0818;2.6379;36.2421;3.6699
562;107.3572;3.0348;88.2722;4.5994;55.2809;0.8;1.9229;-5.4489;-19.8797;6.2406
563;85.6802;1.5524;107.435;4.6929;57.6159;1.2092;1.6865;-15.4509;-53.5109;10.7552
564;64.1316;3.856;139.28;4.2627;25.5664;0.8984;0.4504;-16.9117;-83.2888;29.92
565;91.6219;6.6125;101.451;3.851;42.4876;0.8;0.8145;-12.534;-66.0632;14.7333
566;62.6546;1.2654;94.0223;5.9414;58.5329;0.9332;1.9585;-8.6577;-30.043;7.1472
567;33.3138;5.3534;115.5919;5.7136;57.5194;1.1239;0.8804;-18.6882;-73.8865;19.1472
568;51.8544;7.8813;80.4347;7.6679;48.1203;1.0591;0.8913;-17.5685;-71.9462;17.8229
569;36.3257;2.8721;103.5468;5.5158;66.2888;0.9068;1.3589;-11.0683;-50.0496;10.0099
570;63.6728;5.4863;74.0921;3.8524;53.5366;0.9792;1.3039;-13.0263;-55.6146;11.265
571;70.3315;8.7133;102.0862;3.243;52.9107;0.9433;0.7736;-15.8287;-72.6637;18.2907
572;100.1759;8.4162;96.8062;6.0294;48.5933;0.8296;0.8134;-12.7068;-67.319;15.2994
573;75.8847;2.8621;81.7858;3.3775;70.4473;0.8;2.113;-4.2771;-11.9586;5.6791
574;66.0562;2.0437;104.2123;5.8146;66.8075;0.9987;1.7947;-11.0992;-40.0984;8.347
575;84.9293;2.3766;104.0433;3.4601;51.9356;1.1241;1.324;-16.2611;-60.7396;12.7355
576;30.1996;5.5486;134.1601;5.1237;39.2899;0.9968;0.6617;-17.7431;-77.8732;22.597
577;74.2411;5.7295;66.9377;3.0104;61.8821;1.5067;2.3434;-18.2372;-48.1573;9.6446
578;83.8756;5.3456;98.1167;5.7698;57.2251;0.8877;1.2025;-11.6165;-54.8446;11.0729
579;43.3854;3.3554;82.6905;2.7495;39.3802;0.9917;0.8572;-16.5958;-71.1869;17.3532
580;90.5876;2.508;124.2891;5.0094;54.9359;1.1021;1.2438;-16.1953;-62.3811;13.2912
581;76.0929;4.7199;120.7411;4.3032;78.6946;1.0921;1.3073;-15.2927;-60.1006;12.5315
582;62.5248;4.1404;113.5383;4.7527;41.0676;0.9501;0.7615;-15.7355;-73.2849;18.716
583;81.3901;5.7535;83.8653;4.0063;36.2493;0.9892;0.83;-16.3436;-72.0332;17.8784
584;110.8725;3.905;124.7782;3.9711;66.7799;0.9835;1.346;-13.2568;-54.3796;10.96
585;73.2736;3.3682;68.2132;4.8322;70.9697;1.1464;2.4512;-9.6402;-28.7305;7.0156
586;74.468;3.1455;64.8024;3.0968;65.5826;0.8702;2.3214;-3.7247;-11.0824;5.6232
587;61.7315;2.7411;72.6899;3.088;52.676;0.8;1.8273;-6.0299;-23.8611;6.5669
588;54.7028;3.0123;99.1666;4.0622;63.9357;0.9337;1.4918;-11.3495;-46.7425;9.3883
589;84.946;2.0007;118.3873;4.0038;88.8638;1.4015;2.0773;-17.498;-50.5937;10.1202
590;54.5905;3.4096;60.0;3.0919;58.1344;1.1738;2.0285;-13.4952;-42.3966;8.68
591;71.2882;1.432;139.1922;5.9863;71.5624;0.8;1.7269;-6.3329;-28.0453;6.9488
592;61.4022;2.6041;103.3321;4.0983;39.2042;1.1446;0.9441;-19.2211;-72.5039;18.1844
593;78.6216;5.8964;67.5743;4.26;34.1742;1.0426;0.9919;-16.622;-68.2858;15.7658
594;76.0059;3.3025;102.5558;2.6087;79.3756;0.9278;1.8972;-8.5518;-31.8339;7.335
595;88.6757;5.303;131.4073;7.7075;66.95;0.806;1.1409;-10.5352;-52.8178;10.5972
596;60.8197;5.661;116.1672;8.2406;53.8496;0.8498;0.8212;-13.3348;-67.79;15.5231
597;65.1423;4.7226;131.6226;3.4294;39.705;0.8941;0.576;-15.9263;-78.5251;23.283
598;52.3823;8.3427;71.066;6.4391;37.3362;1.4435;0.6167;-27.5652;-85.7585;35.1087
599;62.0027;1.2136;90.1675;4.4623;79.983;1.1366;2.434;-9.6749;-28.6173;7.0045
600;76.7914;5.8311;79.3602;7.0057;67.6325;0.8677;1.5402;-9.3662;-40.8318;8.4505
601;83.6258;8.3445;153.6328;5.1043;71.9273;0.8973;0.6288;-15.6005;-76.642;21.4059
602;53.401;6.9736;117.3324;4.7496;61.7776;0.9925;0.713;-17.1599;-76.0554;20.8816
603;85.6529;2.4969;200.0;0.8511;82.5173;0.917;1.2283;-11.9459;-55.352;11.1987
604;94.4015;3.3092;88.9672;3.2821;80.9175;1.0031;2.3545;-7.1512;-21.7619;6.3908
605;77.4418;2.5238;83.4295;4.6308;69.928;0.9713;2.1871;-7.7437;-24.9391;6.6613
606;103.7823;4.8509;96.4923;4.898;53.1417;1.0196;1.1802;-14.9024;-61.4179;12.9594
607;56.0718;5.6251;141.141;2.7777;80.498;0.8;1.1172;-10.481;-53.4504;10.7412
608;47.5962;3.261;91.2534;3.5068;48.0953;1.1736;1.0401;-18.7742;-70.4576;16.9248
609;37.983;4.4662;103.1598;5.4302;71.6707;0.894;1.4005;-10.833;-47.7814;9.5751
610;96.9288;5.4664;102.4467;2.5252;79.5014;1.1989;1.7674;-14.6299;-50.8601;10.175
611;81.7786;3.7967;100.9923;4.8006;73.4246;1.5515;2.3288;-18.8893;-49.9654;9.9931
612;68.9995;6.8842;84.9507;6.4569;54.3319;0.8;1.0046;-10.9169;-58.1405;11.9447
613;75.0394;6.1023;96.626;5.1782;76.5186;1.0199;1.4733;-12.7024;-51.8466;10.3835
614;49.7412;1.7393;95.5973;5.1032;61.6952;0.9194;1.6518;-9.751;-40.1127;8.349
615;114.0235;4.9805;99.8111;1.5698;31.1659;1.0822;0.7141;-18.9306;-78.0026;22.7299
616;72.326;2.8641;126.6021;3.3671;58.2785;0.8;1.0894;-10.3483;-54.6091;11.0154
617;71.9691;4.5755;155.2951;7.6813;76.9129;0.9309;1.2974;-12.5929;-53.5416;10.7623
618;83.0638;8.3068;81.0496;3.7013;64.7138;0.849;1.2285;-11.2878;-51.7663;10.3662
619;78.6582;7.1641;90.665;6.4967;75.9761;1.3846;1.4893;-21.1698;-64.1455;13.9452
620;74.0299;3.7072;81.3627;3.6837;60.7909;1.4504;1.7496;-20.5649;-59.7904;12.4348
621;55.7715;3.136;104.7887;4.1833;43.8469;0.9444;1.0527;-14.2466;-62.8427;13.4563
622;78.4864;2.8595;87.4077;5.3734;44.6041;0.8;1.6401;-7.3511;-31.6632;7.3167
623;103.8764;4.4244;106.1783;4.751;39.3142;0.8456;0.8017;-13.1006;-68.398;15.8218
624;94.2176;2.1472;131.7725;5.1723;38.4385;1.0078;0.8607;-16.793;-71.5348;17.5653
625;98.6774;4.5252;60.0;3.3724;86.4063;0.8;3.1167;2.8773;29.8611;3.8503
626;60.7981;0.678;113.0822;2.8956;58.7865;1.1094;1.6744;-13.5291;-49.6886;9.9381
627;52.1871;3.2945;89.1324;3.2712;61.118;0.9615;1.4329;-12.0815;-50.3252;10.0655
628;67.7358;2.7855;112.1992;3.8015;74.4559;1.0739;1.8998;-11.6319;-41.0285;8.4787
629;71.003;8.6165;79.9221;4.2561;40.028;1.0821;0.5972;-19.9059;-81.6044;27.1805
630;89.6954;5.7411;134.8598;6.1559;66.6282;1.3177;0.9097;-23.2624;-76.9875;21.7273
631;39.5356;3.4237;125.6488;4.731;55.5437;1.1354;0.8946;-19.2086;-73.7373;19.0384
632;97.5319;1.9849;115.2678;5.3269;33.086;1.0603;0.9967;-16.9141;-68.6683;15.9583
633;67.1559;4.3314;121.9336;4.8124;86.0673;1.0511;1.6479;-13.1163;-47.7411;9.5678
634;62.3161;2.7515;82.9937;2.9268;79.4608;0.8;2.0298;-4.6969;-15.4246;5.9119
635;51.7821;4.4478;85.6496;4.6259;62.7878;1.0366;1.3404;-14.1786;-56.8985;11.6005
636;40.2126;6.6912;120.6965;4.7962;71.2564;1.1302;0.7754;-19.8636;-77.1305;21.8632
637;84.8171;4.9453;82.5363;5.7399;62.2589;0.976;1.5275;-12.3415;-47.8338;9.5848
638;71.3197;5.0651;143.535;2.9971;40.7642;1.3951;0.6787;-26.0803;-83.7845;30.8347
639;46.7807;4.4754;92.2288;1.5394;81.1135;0.8;1.4617;-7.7771;-39.0959;8.2096
640;46.6886;7.8007;113.3685;4.8644;69.2833;0.8625;0.7531;-14.0903;-70.8924;17.1777
641;63.9559;7.872;169.0142;5.1308;63.3069;0.8807;0.5919;-15.6687;-77.5967;22.3181
642;100.0424;4.3076;83.8152;4.3309;39.3914;1.0019;1.23;-14.2909;-59.075;12.2175
643;65.3274;3.2054;101.7339;4.642;47.2257;0.8787;1.482;-9.7234;-43.7814;8.8938
644;42.9434;4.0052;130.1537;5.9182;47.6554;0.8;0.6834;-13.1672;-71.5237;17.5585
645;65.5766;2.6049;126.848;3.9118;22.8809;0.9313;0.4352;-17.4983;-84.4226;32.0978
646;65.091;5.0824;92.1314;4.182;38.2127;1.225;0.8389;-21.1565;-77.1724;21.9034
647;30.0;4.2343;87.8813;4.7186;45.2676;1.1628;0.8682;-19.8715;-75.113;20.0908
648;69.0227;2.0663;94.3382;2.7703;59.734;0.8702;1.7806;-7.4615;-31.7977;7.3311
649;65.8432;2.6666;143.6148;4.3722;62.9899;0.9281;1.1448;-12.9952;-58.8826;12.1603
650;82.5317;4.1174;93.2602;4.5044;59.5721;0.856;1.4138;-9.3808;-44.9439;9.0816
651;103.2812;7.2659;101.9721;7.0556;82.0945;0.8;1.4343;-8.9662;-40.2388;8.3666
652;90.2782;4.6302;89.8798;4.1528;49.504;1.0891;1.1455;-16.7997;-64.9429;14.2625
653;65.16;5.3981;119.29;4.9;62.3788;0.8;0.9202;-11.5828;-61.6602;13.0413
654;50.0825;3.3702;103.9647;5.9779;50.8136;1.1418;1.3475;-16.4719;-60.6595;12.7095
655;116.3205;4.6614;77.8133;3.3438;55.0829;1.4387;1.6365;-21.4794;-62.0823;13.1865
656;71.0659;3.9379;78.4894;6.6636;59.1648;1.078;1.7096;-12.908;-47.1388;9.4587
657;70.2507;5.2389;60.6742;7.2458;47.5698;1.1326;1.8029;-13.279;-46.9412;9.4235
658;69.5657;1.596;81.2345;4.5567;36.5015;1.1262;1.396;-15.9505;-58.6806;12.1009
659;73.5655;4.1952;121.9556;3.7909;62.2299;0.9069;1.0716;-13.0074;-60.6109;12.6939
660;67.4015;3.1577;139.2276;7.0407;92.1306;1.0768;1.7446;-12.5033;-45.9947;9.2583
661;59.6741;3.3061;118.6953;5.7934;65.2744;1.0645;1.5576;-14.0131;-51.2239;10.2509
662;60.1565;8.3879;114.8731;4.723;69.6532;0.8823;0.9208;-13.5552;-65.2136;14.3734
663;69.4104;2.583;96.8864;6.7403;60.0466;0.8;1.6359;-7.172;-31.8381;7.3355
664;60.2184;3.2323;121.3767;6.5815;64.8778;0.8109;1.3017;-9.2655;-46.492;9.3444
665;57.1688;4.291;107.4193;4.0956;73.3698;0.8283;1.447;-9.1581;-41.7645;8.5858
666;71.9157;6.9819;157.0058;4.9731;77.1752;1.1054;0.755;-19.5386;-77.2329;21.9615
667;65.4104;3.7717;97.5689;5.4652;91.6669;0.8;2.067;-4.9842;-13.8741;5.8055
668;97.0719;5.8729;139.8992;4.6431;82.5919;1.4538;1.1408;-25.1583;-73.8431;19.1154
669;30.0;6.9095;124.4245;2.5137;63.6253;1.3852;0.5563;-26.6155;-86.6141;37.3528
670;89.6471;3.2262;120.1849;3.1926;83.63;1.2342;1.769;-15.1117;-52.2227;10.4652
671;92.4295;3.6453;60.4791;2.5626;66.6981;0.903;2.6496;-3.6339;-2.195;5.1122
672;32.679;3.4587;126.1495;5.3394;67.9513;0.8;1.2733;-9.1582;-46.9465;9.4245
673;63.8316;6.6661;96.8626;2.8235;41.451;1.1811;0.7222;-21.0646;-79.618;24.5315
674;63.3141;1.5263;89.4955;4.8886;67.2924;0.8611;2.1894;-5.3113;-15.2462;5.8994
675;44.6648;3.2184;69.0231;7.3479;66.5158;1.1706;3.1206;-6.1779;-11.1393;5.6268
676;55.9993;5.3827;99.8604;6.7417;68.902;1.1278;1.2161;-16.8187;-64.0569;13.9109
677;50.0096;4.6243;100.8423;1.8439;64.3896;0.9158;1.2253;-12.0901;-55.4008;11.211
678;101.5409;3.8774;72.1985;2.6819;82.1369;0.8;2.8327;0.2824;18.0285;4.2363
679;86.8422;4.4689;69.1896;3.4352;52.1866;1.0381;1.6832;-11.931;-45.9554;9.2516
680;92.888;2.6662;112.9364;2.8465;75.5426;0.8;1.7926;-6.2615;-25.3079;6.6941
681;82.9901;3.8472;124.3495;2.1193;71.5856;1.0578;1.2553;-14.9501;-60.4436;12.6402
682;49.6771;4.2435;104.872;4.5837;48.1272;1.0986;0.8176;-18.6914;-75.192;20.1548
683;60.5586;7.4366;133.3369;5.6577;59.8953;0.8764;0.7656;-14.0764;-70.8818;17.1714
684;78.8087;2.9889;97.8635;6.0311;50.5125;0.8;1.5371;-7.9323;-35.9545;7.807
685;48.0017;7.0353;98.6504;3.8883;79.7562;1.3849;0.9973;-23.8254;-75.9959;20.8298
686;82.834;5.1361;79.5124;4.1921;79.787;0.8986;2.3718;-5.0901;-12.0165;5.6829
687;65.6741;1.1951;67.7016;5.1335;43.4012;0.9594;2.7128;-2.8184;-5.7471;5.3049
688;63.2532;5.7207;158.9891;4.4373;37.0709;1.2439;0.4282;-24.3271;-88.5257;43.5757
689;82.7973;1.4189;132.6873;5.8159;61.1769;0.8926;1.5611;-9.6298;-41.6982;8.5761
690;77.9967;9.5827;70.6008;5.2455;56.4913;0.8587;0.8843;-13.0662;-65.6737;14.5661
691;63.5026;7.0897;103.9706;4.0355;75.4102;1.4948;1.1261;-25.2989;-74.8884;19.9111
692;90.8679;3.1643;97.5299;1.815;88.8799;0.8637;2.1151;-5.4637;-18.3704;6.1252
693;50.5409;2.9726;93.3795;6.8485;88.2588;1.2755;2.4502;-12.3241;-35.9686;7.8087
694;81.0868;3.5864;90.28;3.5709;51.9478;1.0311;1.4295;-13.7858;-53.7867;10.8194
695;80.6758;3.4567;110.0008;5.1363;70.6242;1.0267;1.544;-12.8028;-49.8719;9.9744
696;64.4282;3.5394;122.6965;1.7251;69.8503;0.9037;1.148;-12.7801;-57.6522;11.807
697;75.8704;3.2669;110.5832;4.583;74.4656;0.9609;1.6057;-11.3999;-44.2977;8.9763
698;47.48;4.9806;97.032;4.7504;50.4874;1.4296;0.8465;-25.7682;-80.2636;25.334
699;86.6325;2.4752;96.1456;4.8229;60.3785;1.1865;1.9477;-14.1139;-45.2837;9.138
700;66.6718;6.7996;126.3902;9.1207;46.2911;0.8;0.6556;-13.4576;-72.6823;18.3031
701;60.591;6.468;112.284;3.6533;72.0822;0.8201;1.0238;-11.4644;-58.3903;12.0164
702;88.8822;4.0997;101.8338;5.831;54.908;1.0796;1.2557;-15.8137;-61.23;12.8966
703;57.3218;6.8705;99.1065;5.3848;62.1974;1.1363;0.9779;-18.6939;-71.3117;17.4287
704;44.6477;2.9227;109.0153;3.582;60.8289;1.1657;1.2542;-17.5518;-64.1373;13.942
705;41.9807;1.1459;88.9508;5.8085;51.1797;0.9848;1.7586;-10.5523;-40.4742;8.3997
706;80.9082;4.9678;122.7997;4.3535;56.9918;0.8438;0.9444;-12.5489;-62.6926;13.4022
707;46.9523;3.9959;76.417;5.9129;63.6839;0.8504;1.9247;-6.89;-24.5595;6.6277
708;101.5863;4.635;90.225;7.5414;73.3015;0.8;1.9582;-4.7613;-18.4098;6.1282
709;32.5253;7.4127;116.5065;4.8262;59.421;1.3864;0.7278;-25.7913;-82.5004;28.5721
710;100.5362;8.5858;75.3354;4.1783;45.3904;0.8;0.8361;-12.0133;-65.1645;14.3532
711;73.7983;5.0696;67.4859;6.1773;33.4063;0.9529;0.9799;-14.6259;-65.721;14.5862
712;68.2592;6.0389;101.5894;6.695;71.2787;0.8;1.231;-9.801;-48.7088;9.7483
713;60.1915;1.9108;65.4349;3.2751;69.9244;0.8897;2.8091;-0.6548;5.2485;4.7507
714;77.1845;2.4537;72.2744;3.9206;43.1547;1.1221;2.2618;-10.1676;-32.8122;7.4418
715;69.3226;5.7879;120.822;5.6131;59.8249;0.8;0.9346;-11.6779;-61.0601;12.8403
716;89.8594;3.8507;95.0092;4.402;60.1551;1.0731;1.4457;-14.3136;-55.0923;11.1339
717;72.0561;3.9301;137.9018;3.1685;62.7311;1.1904;1.0955;-18.8941;-69.3245;16.2997
718;72.7054;3.2193;73.9927;5.411;52.6163;0.9199;1.6116;-10.205;-41.6045;8.5623
719;63.455;4.8901;97.6786;5.6072;77.4056;1.7296;1.5821;-27.5544;-69.5097;16.3986
720;68.975;2.5971;110.5056;4.0984;50.3116;0.8;1.1259;-10.4418;-53.0886;10.6584
721;75.5404;5.019;74.6299;4.692;41.3418;0.8;1.1137;-10.4451;-53.5954;10.7748
722;39.217;2.5317;129.4262;3.7351;65.2632;0.9412;1.1039;-13.5915;-60.9036;12.7889
723;45.7327;1.7312;113.6178;2.9571;46.7442;0.945;1.0632;-13.986;-62.498;13.3326
724;83.3788;3.3268;66.8766;3.8544;39.1597;1.0232;1.2943;-14.0424;-57.8344;11.858
725;73.0756;2.843;99.0609;4.7109;58.5621;1.204;1.4115;-17.6772;-60.9212;12.7946
726;66.6883;7.283;110.1298;2.3874;47.4043;0.8;0.5722;-13.7683;-76.1582;20.9715
727;70.3318;1.6424;86.285;3.964;52.4437;0.8;2.1413;-4.3976;-10.7772;5.6039
728;76.2565;2.5481;69.0758;4.7317;84.1327;0.8703;3.2766;1.7976;25.4957;3.9842
729;60.2843;4.5218;107.2095;6.392;69.4612;1.229;1.3442;-17.8366;-63.543;13.7148
730;55.9905;4.1256;173.8132;4.1311;53.0533;1.1757;0.736;-20.9145;-79.1337;23.962
731;73.5252;1.5435;90.7787;2.7311;91.2042;0.9861;4.142;3.3375;40.0065;3.5713
732;52.3893;0.915;148.0397;4.2855;40.8719;0.9033;0.8699;-14.4557;-67.8969;15.5748
733;77.3485;9.1092;82.8555;3.7501;50.3135;0.9699;0.727;-16.309;-75.0159;20.0127
734;39.3535;5.2369;105.5365;5.4283;68.2511;1.0751;1.6332;-12.9684;-49.3635;9.8743
735;88.5248;3.5038;121.2738;4.0931;40.6454;1.02;0.8555;-16.5467;-72.0413;17.8835
736;78.5068;4.0657;99.7899;0.5342;76.8612;0.8;2.2471;-3.4141;-6.3695;5.3401
737;74.6085;3.0161;92.8269;10.1374;67.0601;0.8;2.0518;-4.3079;-14.5074;5.8485
738;87.6884;3.3996;119.9053;4.8135;40.2804;0.9496;0.9488;-14.835;-66.6957;15.0131
739;99.9785;5.169;160.4583;4.7338;62.2383;1.156;0.824;-20.1641;-76.2405;21.0442
740;88.2587;7.2084;107.8042;2.2879;25.2476;0.8088;0.3776;-15.3919;-84.438;32.1295
741;36.8643;2.5912;87.8961;2.4031;42.8858;1.0849;1.0858;-17.2418;-66.6389;14.9875
742;46.9676;6.7418;95.367;4.4621;67.9242;0.8;0.9541;-11.8452;-60.2456;12.5772
743;58.7533;2.1991;187.7473;5.1043;51.7821;1.0143;0.9119;-16.5825;-70.0328;16.6849
744;70.4696;2.7597;103.4302;5.6532;70.4449;0.8553;2.0656;-5.6491;-19.495;6.2108
745;79.3179;1.4396;86.1911;4.9562;66.0096;0.8;2.3134;-2.0929;-3.6076;5.1871
746;56.9366;2.3287;75.1062;2.8211;64.179;0.8965;2.4052;-4.0919;-10.5693;5.5909
747;73.3618;7.6549;63.3513;0.8433;78.8768;0.8;1.658;-6.5996;-30.915;7.2375
748;56.4031;4.0044;109.5155;4.4497;82.66;0.9462;1.6078;-10.7139;-43.3595;8.8276
749;58.9927;1.8581;117.7814;3.799;52.7367;1.086;1.1676;-16.8684;-64.1638;13.9524
750;44.6801;8.3635;90.5585;2.7061;44.9063;1.0957;0.8342;-18.5179;-74.6204;19.7009
751;53.3818;7.1633;99.6264;5.8421;42.0949;0.8;0.6155;-13.4054;-74.3539;19.4962
752;45.6697;5.961;74.6309;2.2366;56.819;1.1219;1.2748;-16.2132;-62.1225;13.2005
753;52.4343;7.8967;103.379;5.5255;59.0465;1.0861;0.8721;-18.5384;-73.2343;18.6807
754;88.9656;2.7865;112.7918;2.4848;69.5298;0.9188;1.5692;-10.611;-43.069;8.7826
755;52.9108;6.7013;87.4773;4.8011;37.6864;0.8;0.6647;-13.4287;-72.3023;18.052
756;117.3829;5.4596;152.5944;6.001;72.3552;0.9216;1.1077;-12.8556;-59.935;12.4797
757;78.8797;7.057;81.1171;4.0931;54.1429;1.3802;0.9562;-24.2929;-76.9065;21.6511
758;73.3271;6.325;107.3441;7.1349;32.5117;1.1267;0.5363;-21.2203;-84.1336;31.5131
759;54.5496;3.4077;123.6246;7.4768;64.0992;1.2147;1.158;-19.4404;-68.2222;15.7342
760;82.6056;6.1267;98.0863;4.9558;55.6112;0.8205;1.0215;-11.2737;-58.5012;12.0486
761;59.6385;2.9967;95.3974;5.4121;67.5934;0.899;1.6686;-9.1431;-38.1279;8.0812
762;72.1962;3.318;69.9621;6.1911;53.7065;0.8;2.6728;-0.3796;11.3667;4.4897
763;116.0815;2.1009;140.4014;5.4166;79.5346;0.8754;2.4508;-4.0825;-6.6812;5.358
764;68.2709;7.9222;95.8416;5.2559;51.2082;1.3121;0.7757;-24.1072;-80.2947;25.3739
765;90.6869;3.1335;114.3783;3.8139;78.513;0.9141;1.7514;-8.497;-36.1344;7.8289
766;57.3428;4.3539;118.315;2.069;66.1158;0.8713;1.2544;-11.0886;-52.0068;10.4181
767;69.3702;3.6379;85.464;2.5149;75.327;1.0489;1.9776;-10.9053;-37.1533;7.9559
768;101.8744;8.3676;95.1817;8.1736;50.2352;0.8915;0.8257;-14.2002;-69.1246;16.1941
769;58.7146;3.3502;139.6013;5.0837;61.9113;1.0187;1.1867;-14.584;-61.1717;12.8772
770;102.6241;6.1625;75.6313;4.2315;60.3105;0.8925;1.5042;-10.0702;-43.8202;8.9
771;82.7395;6.8992;170.2299;6.495;63.3517;1.0389;0.6128;-18.7696;-80.3395;25.4316
772;59.8756;3.8736;83.0092;3.4758;62.4537;0.9268;1.8884;-9.0575;-32.0822;7.3618
773;81.3833;3.5695;74.4621;5.4747;52.4768;0.8;1.685;-7.0006;-29.7918;7.1217
774;87.506;5.9043;103.363;4.7158;60.2021;1.2347;1.0526;-20.4417;-71.5832;17.5952
775;81.1926;7.5933;173.6874;5.29;84.3715;1.4385;0.9092;-25.5167;-78.9308;23.7313
776;41.736;5.963;62.0183;4.0954;27.5338;1.1046;0.7629;-19.3338;-76.9774;21.7178
777;56.9115;2.8226;96.536;3.153;57.6013;0.8;1.29;-9.3483;-46.2495;9.3022
778;65.5447;7.2746;112.6445;3.3657;54.1217;0.9554;0.633;-16.9603;-77.9159;22.6407
779;68.6602;3.6183;100.8448;3.4242;80.799;1.0502;1.7187;-12.3697;-45.4476;9.1655
780;81.1721;4.6914;110.0187;4.5955;90.4126;0.8;2.4592;-1.7569;2.4653;4.8797
781;73.1986;6.6519;83.5681;2.2658;71.4699;0.8983;1.6422;-9.346;-39.062;8.2051
782;45.9638;2.6153;86.0768;2.7289;62.1277;0.8;1.5287;-8.1743;-36.3061;7.85
783;76.8436;6.2145;96.3574;4.8033;51.3115;0.8139;0.9409;-11.7366;-61.4647;12.9751
784;80.9905;4.8178;75.3918;4.4085;42.6732;1.0703;1.2053;-16.2598;-62.4598;13.319
785;80.0762;7.3368;98.8891;4.8853;84.6237;0.9902;1.4847;-11.9374;-50.0191;10.0038
786;89.4541;2.521;90.7387;4.5324;53.9524;0.8033;1.6652;-6.9995;-30.9041;7.2363
787;85.0106;3.7932;88.913;8.3784;33.7679;0.9867;0.9622;-15.3146;-67.4944;15.3819
788;78.2652;6.6659;108.3424;4.7901;33.2818;0.9301;0.522;-17.0695;-81.2923;26.727
789;68.737;1.1758;63.4343;4.0314;56.5211;1.1931;2.6511;-9.4173;-25.9331;6.7506
790;40.1027;2.1324;94.4337;4.7517;71.7608;0.8;2.1059;-3.6741;-12.2521;5.6981
791;77.7331;9.2079;178.4857;6.1299;35.7022;0.8623;0.2396;-17.4075;-90.7362;50.0
792;73.7384;3.0824;76.2214;4.5256;59.8476;1.3546;1.936;-17.1826;-52.3588;10.4951
793;74.8884;8.7247;137.9023;5.6271;63.3863;0.8;0.5665;-13.6708;-76.3976;21.1843
794;47.0185;2.5821;101.3758;5.1941;59.2463;0.8056;1.3047;-9.4576;-46.0111;9.2612
795;50.541;3.4818;86.0072;4.1644;40.495;0.9016;0.9459;-13.7618;-65.0285;14.2974
796;88.9568;5.9461;71.8808;4.7663;74.4655;1.2889;2.4206;-12.6317;-37.3954;7.9866
797;69.288;5.2295;103.5537;6.9984;85.6246;1.0838;1.6072;-13.2914;-50.5662;10.1145
798;82.267;4.7222;143.8138;4.9646;53.4235;0.8086;0.7963;-12.6424;-67.172;15.2309
799;70.5097;4.4088;90.7281;3.121;55.2203;0.9833;1.2607;-13.2752;-57.2622;11.6993
800;70.5356;6.7734;97.9963;4.1207;58.993;0.9321;1.0677;-13.8262;-61.8183;13.0953
801;86.8891;2.8622;128.7359;1.4286;72.2277;1.0941;1.3149;-15.832;-59.9397;12.4812
802;60.7112;3.911;108.8954;4.8061;42.8741;0.9917;0.8744;-16.1628;-70.609;17.012
803;71.7302;2.4215;67.4982;6.5681;59.6951;1.0401;2.745;-4.8356;-12.025;5.6834
804;61.679;4.8164;102.503;2.5879;55.2998;0.9377;0.9084;-14.5515;-67.7098;15.4846
805;62.1791;2.9394;145.9449;4.8246;63.6958;1.3028;1.0231;-22.079;-73.8222;19.1001
806;64.4349;3.3442;99.0807;6.0781;66.5015;0.9915;1.5823;-11.8468;-46.8039;9.3992
807;73.9984;4.0703;60.0;6.2367;54.3128;0.8823;2.1707;-5.6515;-17.9861;6.0965
808;61.3825;1.2974;110.192;6.5197;36.8586;1.2363;1.0962;-20.2143;-70.4431;16.9165
809;92.6036;1.9777;95.1597;1.7976;60.5992;1.1254;1.7099;-14.0158;-49.3517;9.872
810;53.8971;5.4299;63.3007;5.3574;69.1929;0.8337;2.2391;-4.1623;-10.4704;5.5847
811;66.6363;3.8377;65.7177;2.3417;68.7414;0.8;2.5416;-1.5646;5.9002;4.7214
812;62.0848;7.0014;127.6059;3.1025;35.4369;1.1141;0.5083;-20.9466;-84.7934;32.8805
813;96.0456;5.494;83.2688;5.8317;65.0263;0.9165;1.9038;-8.0732;-30.7582;7.2211
814;73.538;0.9386;79.7021;4.8371;51.2392;1.0085;1.9904;-9.4615;-34.216;7.6006
815;88.5732;4.9514;99.113;5.6895;71.2469;1.2667;1.5916;-17.3922;-58.1182;11.9384
816;43.2599;1.992;85.1249;3.2063;73.9219;0.8265;1.9332;-6.145;-22.0285;6.4126
817;74.8069;6.1832;102.5328;6.8104;85.0272;0.8;1.6598;-7.0268;-30.8412;7.2297
818;86.0134;9.2485;95.0583;5.6325;40.1219;0.8;0.7413;-12.8478;-69.1113;16.1872
819;71.4811;4.4165;74.0819;5.9339;44.3102;1.5538;1.225;-25.7172;-73.7191;19.0252
820;89.1786;5.4071;88.003;2.9797;69.3296;1.2691;1.6383;-17.3559;-56.9697;11.6197
821;60.6888;2.8741;111.7047;6.3571;68.1146;1.1438;1.6569;-14.7818;-51.7115;10.3544
822;95.3683;3.8845;101.0535;4.1258;52.5353;0.8;1.2376;-9.5978;-48.434;9.6963
823;111.3802;6.9065;97.9723;3.6832;66.3529;0.8;1.148;-10.2144;-52.1678;10.4532
824;63.4689;2.4941;162.3113;5.5382;47.719;1.1509;0.7724;-20.2991;-77.6293;22.3506
825;61.981;3.0113;120.0526;5.4748;43.633;1.0836;0.858;-18.2571;-73.6065;18.9441
826;96.1609;3.9272;123.7521;3.3298;54.8413;0.9471;1.0442;-14.3943;-63.2496;13.6053
827;98.4323;5.6256;95.9357;7.6845;57.4082;0.8;1.7777;-6.5047;-25.9312;6.7505
828;60.5885;3.5577;105.6579;7.3215;56.5872;1.235;1.6262;-16.9007;-56.108;11.3916
829;62.4366;7.8078;89.783;5.5076;66.488;1.431;0.9682;-25.2091;-77.4482;22.1712
830;64.9279;1.9978;121.4567;5.2456;79.1058;1.0917;2.0166;-11.6894;-38.4271;8.1205
831;45.7999;3.5315;97.2777;5.0947;87.2388;0.8597;2.0175;-6.288;-21.7741;6.3917
832;53.4643;5.6006;105.7169;2.275;63.0552;1.3564;1.0686;-22.6507;-73.7384;19.0392
833;51.9255;2.8167;104.097;4.7692;32.9912;1.0343;0.7694;-17.9004;-75.2023;20.1631
834;56.1796;5.22;99.5469;4.7493;86.6631;1.3854;1.5983;-19.9498;-61.5445;13.0021
835;69.3757;2.4749;200.0;3.736;41.4755;0.9309;0.4949;-17.2607;-82.2791;28.2153
836;74.2159;1.6531;84.6492;4.136;76.7173;1.5105;2.5745;-16.2042;-43.1861;8.8007
837;97.909;2.1953;84.457;1.0281;91.6312;0.9142;3.2751;1.6941;19.4152;4.1871
838;52.0296;7.8422;118.9489;2.9541;36.0002;0.8761;0.428;-16.4028;-83.7166;30.7061
839;87.7178;4.5403;86.1748;5.9827;83.2216;1.1804;2.1088;-13.2486;-40.4477;8.396
840;66.1482;6.3199;92.9739;7.1968;68.3476;0.9855;1.2046;-13.7003;-59.2555;12.2716
841;69.1097;3.3383;76.2157;3.1849;37.6054;1.0806;1.3356;-14.9021;-58.8001;12.1359
842;82.1468;4.7954;113.0759;4.8743;60.3101;0.8157;1.1265;-10.5686;-53.9646;10.8612
843;49.791;4.2047;113.4355;6.2476;64.2737;0.8186;1.3685;-8.7386;-44.2762;8.9728
844;76.8834;8.1004;92.4227;3.8197;90.8439;0.9266;1.9023;-8.804;-31.5629;7.306
845;72.9961;5.9029;119.5667;5.6144;69.0212;1.0743;1.014;-17.4659;-68.537;15.8917
846;78.8641;5.7669;62.843;4.5493;37.0331;0.8559;1.0715;-11.9163;-58.2699;11.9818
847;75.205;1.5492;83.802;6.3856;67.0629;1.2384;2.8253;-8.8681;-23.9529;6.5749
848;114.1954;4.5276;95.8395;2.6763;33.5425;0.9788;0.8245;-16.1006;-71.9191;17.8057
849;58.5207;4.0464;74.5969;2.9431;45.4204;1.407;1.1239;-23.4125;-73.3728;18.7778
850;60.4421;7.8095;64.5856;5.0193;54.6133;0.8102;1.1126;-10.7233;-54.229;10.924
851;58.7835;2.9722;92.5914;4.7443;27.7546;1.0709;0.7019;-19.0856;-78.1519;22.8853
852;60.0014;3.0318;118.9467;4.5155;59.9564;1.0962;1.1113;-17.3334;-66.2071;14.796
853;58.527;3.7434;137.7854;5.4638;60.9829;1.0557;0.9459;-16.9489;-70.1337;16.7413
854;91.4023;2.9042;87.2125;3.204;74.5977;0.9903;2.1697;-7.606;-26.9644;6.846
855;95.5691;2.2516;120.1179;2.5458;30.4184;1.1846;0.8011;-20.9161;-77.4573;22.1801
856;59.7266;6.9207;117.2497;3.8498;65.2847;0.8;0.7682;-12.5937;-67.9928;15.6215
857;55.0176;4.5802;135.6153;4.0176;63.2939;1.0582;0.9155;-17.332;-71.1622;17.3383
858;78.4855;6.9637;91.6175;4.1744;67.5421;0.821;1.1913;-10.3719;-51.6299;10.337
859;60.06;6.6489;63.7867;6.5036;59.2777;0.8906;1.426;-10.5704;-46.6307;9.3687
860;81.3928;3.0903;101.7701;5.7556;75.6065;1.0552;1.9492;-11.005;-38.4227;8.1199
861;73.6526;4.5159;77.612;5.3999;45.37;1.2088;1.2857;-18.3067;-64.5463;14.1029
862;42.7166;1.9059;83.4539;4.933;50.8289;0.8;1.706;-6.5086;-28.9177;7.0341
863;97.8551;7.626;92.7461;3.9487;54.4609;1.3912;1.0466;-24.007;-74.9223;19.938
864;102.3258;3.7058;91.8759;3.3191;52.5795;1.222;1.6587;-16.2061;-54.7532;11.0505
865;58.9698;3.6502;103.6023;2.8043;63.5576;1.0087;1.3251;-14.084;-56.2136;11.4191
866;63.0214;3.1907;119.2187;3.5582;86.4519;0.8077;1.7472;-6.2962;-27.8987;6.9347
867;75.1456;4.0112;91.2165;4.5356;63.0794;1.3577;1.6268;-19.2545;-60.0602;12.5188
868;76.0202;2.9453;110.3983;2.8675;66.6482;1.0969;2.0504;-10.4919;-37.6896;8.0243
869;81.8538;3.5523;100.3711;4.8543;69.1007;1.0967;1.6128;-14.0475;-50.9801;10.1999
870;106.1837;6.3526;126.3485;4.3083;54.7003;0.8732;0.8564;-13.7527;-67.3099;15.2951
871;66.8149;6.6801;95.3946;4.0041;62.5752;1.0396;0.9623;-16.7542;-69.1462;16.2055
872;55.6306;3.1977;98.0462;6.3423;55.401;0.8823;1.494;-9.7711;-43.5585;8.8587
873;45.1723;4.0577;91.0647;0.9091;71.3976;1.2751;1.6057;-18.0044;-58.0246;11.9117
874;56.8433;7.1033;96.0249;4.0244;73.2545;1.2814;0.9722;-21.9681;-74.7116;19.7719
875;69.4037;1.6185;82.2117;1.0713;68.394;0.9698;2.5783;-4.7091;-11.375;5.6417
876;102.302;7.2849;80.1998;4.9578;73.5282;0.8896;1.5072;-10.5477;-43.5212;8.8529
877;60.683;2.7816;121.4025;5.7433;78.4783;1.1715;1.6284;-15.3585;-53.6663;10.7913
878;74.0282;5.3765;76.2769;2.5733;56.5078;1.1392;1.2205;-17.2481;-64.2867;14.0004
879;69.7044;4.7312;92.332;2.7654;83.6821;0.8;1.6645;-7.319;-30.6441;7.2092
880;91.3911;4.5475;128.896;2.0526;51.1945;0.9434;0.8261;-15.2717;-70.8115;17.13
881;115.4848;6.9418;91.56;4.6955;74.7348;1.5505;1.5137;-24.329;-67.458;15.3648
882;60.4444;2.0532;123.021;4.0888;74.3909;0.9984;2.317;-6.9331;-22.6421;6.4635
883;61.1901;3.4104;86.2637;4.182;69.6503;1.0481;2.2976;-7.8918;-26.9318;6.8429
884;88.7949;4.4587;76.8903;4.048;52.7477;1.1152;1.9194;-12.5071;-42.6269;8.7149
885;82.274;6.4575;67.1188;3.1396;43.2025;0.8943;1.052;-12.4834;-60.7892;12.7516
886;103.2407;2.7673;138.844;6.2978;54.2763;1.1656;1.1397;-17.9243;-67.408;15.3412
887;80.5107;6.3799;75.2603;5.0085;85.09;1.0785;1.8774;-12.0486;-41.9775;8.6173
888;63.5327;3.6815;120.5382;2.823;52.2469;1.2524;0.8749;-21.5616;-76.7125;21.4707
889;80.6318;2.6182;77.8811;3.5492;74.6189;0.8;2.4664;-1.6899;2.7658;4.8654
890;89.9567;5.9966;139.0059;3.2919;80.5095;1.0734;1.0479;-16.9011;-67.4587;15.3651
891;84.7687;1.9693;173.6195;6.7089;84.3219;1.0429;1.4456;-13.8374;-53.7952;10.8214
892;79.1309;4.3195;65.5975;5.6668;39.8785;0.8;1.3629;-9.0512;-43.2138;8.8049
893;89.2001;1.7317;76.2472;4.4103;60.6447;0.9481;2.8696;-3.0946;0.8907;4.9559
894;91.0473;3.458;121.3226;7.1608;45.7335;1.082;1.0783;-16.6091;-66.7818;15.052
895;94.8789;4.8494;113.6849;6.7781;68.2519;1.0101;1.6198;-12.0487;-46.5436;9.3534
896;81.6768;4.5669;121.4376;4.2539;66.9591;0.9951;1.0551;-14.9901;-64.6563;14.1468
897;66.9919;3.7079;86.6374;3.9842;46.7355;0.9971;1.1852;-13.8376;-60.3801;12.6199
898;72.6408;3.8382;164.3591;4.0565;45.4227;0.9111;0.5897;-16.3751;-78.4261;23.1762
899;91.7172;2.8207;102.9952;3.1709;84.085;1.4935;2.2952;-17.9825;-48.772;9.7603
900;55.2952;3.9847;73.7683;7.201;19.3246;1.0679;0.7229;-18.7618;-77.4362;22.1594
901;76.6361;8.2369;93.8674;3.0904;89.4508;1.0639;1.7838;-11.7336;-44.1111;8.9463
902;62.9199;6.8464;74.0158;5.9025;69.8598;0.8;1.7139;-6.893;-28.5881;7.0016
903;70.5174;2.3572;148.845;5.6358;67.1819;0.9388;1.2664;-12.4334;-55.036;11.12
904;93.0121;1.341;84.7823;4.1427;57.4767;0.8996;2.4001;-4.2082;-11.0671;5.6222
905;73.4398;7.8975;113.1021;7.3151;25.4961;0.9938;0.4048;-19.3485;-86.4232;36.8274
906;70.8359;4.3901;88.8991;2.2614;71.1771;0.9377;1.6951;-9.1385;-39.7452;8.2981
907;45.5226;4.4562;85.7403;4.4805;50.6901;0.8838;1.111;-12.1958;-58.1013;11.9335
908;83.4326;6.1813;62.0293;3.8664;55.2167;0.9553;1.6031;-10.8547;-44.0662;8.9391
909;81.6187;3.2492;116.1304;6.0409;77.0773;0.8053;1.7585;-6.1136;-27.2075;6.8688
910;108.9386;4.1303;138.3747;5.1303;39.0589;1.1264;0.7516;-19.7419;-77.7574;22.4794
911;64.46;8.5564;79.5335;2.0091;53.31;1.1747;0.7538;-20.9345;-78.6098;23.3752
912;73.9447;5.3307;67.9562;6.4592;76.7582;1.1047;2.1682;-9.6234;-34.5789;7.6428
913;74.4889;2.4109;122.2416;5.3282;71.1695;1.1867;1.6509;-16.0352;-53.6266;10.782
914;98.3942;2.2788;66.2616;3.0468;38.4428;1.1701;1.7022;-14.9183;-51.5099;10.3114
915;68.2847;2.7026;135.6467;4.0755;59.8064;0.8;1.2129;-9.8844;-49.4641;9.894
916;75.0224;6.0613;79.7639;2.6502;39.8575;1.3479;0.8402;-24.1291;-79.2225;24.0645
917;80.9421;3.1548;75.8947;4.3437;48.0032;1.1898;1.5483;-16.0612;-56.624;11.5271
918;73.359;1.2127;106.4085;4.8252;72.8113;0.8;2.1801;-3.6497;-9.1631;5.5044
919;61.9642;8.0732;77.141;4.098;51.1632;0.859;0.9698;-12.6784;-62.3657;13.2858
920;73.4936;2.5077;83.7966;3.9243;67.7118;0.8;1.9492;-5.0117;-18.7815;6.1562
921;89.3254;0.9765;109.2529;2.1809;47.6684;1.0907;1.5199;-14.1447;-53.5482;10.7639
922;51.5227;2.8732;60.0;5.1059;73.2346;0.8987;2.73;-2.7231;1.2568;4.9379
923;72.3935;2.8626;150.7729;1.7133;36.9323;1.0048;0.6159;-17.8766;-79.5694;24.4731
924;57.3978;3.8003;101.097;4.6466;66.9205;1.4147;1.3882;-22.3155;-67.2904;15.2861
925;91.5108;7.6991;72.3799;1.9013;56.7862;1.3349;1.1546;-22.4354;-71.1686;17.3422
926;42.5826;7.1655;77.545;4.6758;45.1413;0.8257;0.7355;-13.7028;-70.3074;16.8392
927;59.9394;3.9903;128.1347;4.5908;79.814;1.0959;1.2258;-16.2957;-62.7163;13.4107
928;76.7898;3.741;116.214;5.205;62.9755;1.4411;1.4236;-22.1488;-67.073;15.1851
929;98.1794;4.5602;141.4386;5.8934;73.5284;0.8328;1.2563;-10.6471;-49.7149;9.9433
930;68.8165;2.9046;84.3087;6.1714;64.2014;1.2136;1.9464;-14.198;-46.5403;9.3528
931;60.0064;1.6133;107.6964;2.1849;40.2567;0.9669;0.9391;-15.4776;-67.624;15.4436
932;103.8608;7.9896;111.2536;4.5127;66.4482;0.8285;1.0464;-11.3499;-57.8991;11.8762
933;43.9357;2.6057;118.9838;7.6164;60.3549;1.3537;1.2692;-21.4198;-68.7468;15.9984
934;30.4215;2.6707;132.554;4.7787;53.3016;0.9179;1.0022;-13.8387;-63.6059;13.7385
935;77.9203;4.077;83.5842;3.353;65.097;0.9705;1.6864;-10.365;-42.0818;8.6329
936;60.963;4.1856;97.1861;4.4804;75.522;0.9315;1.5887;-10.9709;-43.1472;8.7946
937;51.6178;1.1617;85.8527;4.0245;49.6025;1.2345;1.5655;-17.2971;-57.7303;11.8288
938;82.7504;2.3745;98.6933;2.8353;78.1401;1.2174;2.1022;-14.1407;-42.4372;8.6862
939;74.3884;3.5694;119.078;5.9037;46.2572;0.8621;1.0325;-12.0942;-60.0793;12.5248
940;59.8466;5.4139;66.1326;5.4765;85.0712;1.0235;2.4207;-6.7226;-21.159;6.3419
941;46.9545;2.8291;131.9619;2.5982;82.5604;1.0765;1.5011;-14.9099;-53.5204;10.7574
942;85.7042;3.8057;75.2168;4.4601;70.2801;1.2154;2.315;-11.2434;-36.5113;7.8754
943;81.7036;4.5745;92.6036;3.7503;67.8034;0.8856;1.8626;-8.1613;-29.891;7.1318
944;68.2148;7.2781;136.4769;2.1976;54.0773;1.3185;0.799;-23.7838;-79.8003;24.7528
945;103.2395;3.3055;108.5458;2.4778;70.8504;1.1769;1.8271;-14.0627;-48.2528;9.6624
946;50.7385;2.281;108.8589;2.7011;39.3197;0.827;0.8645;-12.797;-65.1572;14.3502
947;42.5405;4.1722;74.4415;4.5124;63.8574;1.1018;1.6773;-14.0787;-49.2561;9.8534
948;57.5457;5.896;77.0264;3.9131;60.67;1.1028;1.3858;-15.3902;-58.1133;11.937
949;69.1795;2.1153;126.5306;3.1612;43.7306;0.8678;0.9041;-13.3145;-65.2725;14.3978
950;74.3801;3.8147;86.3047;4.0122;61.1751;1.089;1.5806;-13.9028;-51.6201;10.3349
951;65.6578;1.1499;88.362;5.7213;70.0088;1.0005;2.5034;-6.0973;-16.5943;5.9948
952;76.337;1.3928;127.2506;5.135;63.7818;0.8;1.4887;-7.6137;-37.9716;8.0608
953;47.4723;4.1362;76.9143;6.1028;77.013;0.8;1.8088;-5.7932;-24.634;6.6343
954;95.9878;3.1685;106.9626;4.2575;64.5738;1.5066;1.6943;-22.6733;-62.5119;13.3376
955;68.5213;6.7906;101.0785;7.0038;31.1216;0.9755;0.5186;-17.971;-82.2778;28.2133
956;90.1113;4.8564;99.9329;5.1221;70.1562;1.0218;1.7673;-10.841;-42.3503;8.6731
957;76.1691;3.9739;87.8439;3.8666;76.2141;0.8144;2.0151;-4.9902;-17.5237;6.0624
958;78.2216;3.7253;86.5054;4.7394;78.6433;0.8872;2.4258;-4.0282;-8.8597;5.486
959;80.2558;4.2179;76.3692;2.7279;57.3468;1.5429;1.5959;-23.1854;-65.5221;14.502
960;78.0588;1.48;112.8248;4.1407;64.5213;1.6219;1.8659;-23.6204;-61.652;13.0385
961;81.569;7.3299;84.6168;5.245;62.061;0.8;1.1854;-10.0435;-50.6087;10.1232
962;93.9247;9.6641;127.4031;5.5175;35.8921;1.0116;0.3986;-19.5067;-86.8639;38.063
963;73.5374;2.5761;94.5408;3.9848;64.1758;1.453;1.867;-20.1142;-57.1685;11.6736
964;82.7621;2.1909;76.7503;8.7008;59.7948;1.0404;2.3609;-9.2431;-24.3588;6.6102
965;68.3848;2.3466;94.2279;4.3417;68.0067;1.1466;1.9569;-12.6225;-43.1107;8.789
966;95.9221;5.2522;90.2385;2.0824;76.4314;0.9667;1.7511;-9.6713;-39.6163;8.2804
967;57.8249;5.2551;128.6951;6.4199;61.9742;1.1086;0.989;-18.1942;-70.261;16.813
968;102.4169;6.8199;91.1877;5.5107;76.9834;1.3352;1.5908;-19.4704;-60.2879;12.5906
969;69.2772;5.9375;93.3278;4.9475;66.7099;1.11;1.6123;-14.4864;-51.5822;10.3268
970;44.246;3.9506;142.317;3.9026;67.3;0.8;0.9393;-11.6301;-60.8613;12.7751
971;72.3059;4.926;113.5493;5.19;80.507;0.8815;1.3222;-10.7833;-50.0028;10.0006
972;57.7411;5.4471;151.5396;7.0285;74.1307;1.1673;0.8465;-20.1822;-75.8272;20.6844
973;85.1316;4.3076;136.9932;4.9024;47.8452;0.9865;0.7722;-16.5884;-73.9093;19.1639
974;58.2528;4.095;80.1083;2.3949;63.6465;0.8967;1.4137;-11.0875;-47.446;9.514
975;61.9687;5.1419;128.0804;-0.58;75.3175;0.8041;0.8579;-12.3383;-64.4366;14.0594
976;35.9883;4.5752;146.4225;5.1768;87.7936;0.8193;1.0101;-11.2129;-58.9018;12.166
977;61.8585;5.134;146.6976;3.1211;64.5118;0.8667;0.7583;-14.0839;-70.8361;17.1445
978;30.0;4.926;128.021;4.4504;52.3826;1.0957;0.6368;-20.0158;-80.6266;25.8086
979;41.4897;5.6787;127.3642;3.3864;72.7028;0.9017;0.7964;-14.4775;-70.5594;16.9833
980;83.6875;5.1262;92.7127;3.2786;38.9437;1.0362;0.7838;-17.6941;-74.7871;19.8312
981;84.1444;4.3487;81.1115;3.4521;70.0462;1.032;1.8597;-10.1881;-39.9329;8.324
982;77.6582;5.3999;91.5711;3.5877;71.48;1.1662;1.4284;-16.3689;-59.1727;12.2467
983;52.5944;3.9494;65.955;5.7644;47.8283;0.8484;2.1672;-4.9106;-14.8534;5.8722
984;69.1412;2.8958;139.8918;5.4605;58.1356;1.3817;1.0216;-23.4889;-75.3535;20.2869
985;69.9352;0.6835;93.1627;2.788;38.1539;0.8;1.1885;-10.0329;-50.4791;10.0967
986;49.1494;4.5905;138.1034;2.9924;66.7095;0.937;0.9504;-14.5824;-66.1872;14.7873
987;97.0612;4.7826;73.5007;5.1687;41.2088;0.9186;1.2339;-12.0695;-55.2225;11.1663
988;85.7925;8.6366;131.0824;6.1788;50.5004;0.8539;0.515;-15.4728;-79.8953;24.8698
989;66.0226;3.4837;88.3627;6.1557;50.5704;0.8;1.4605;-8.6037;-39.1448;8.2162
990;70.4839;3.6525;72.5356;3.0956;55.2613;1.2747;1.7846;-16.5467;-53.3308;10.7137
991;73.7509;2.6892;150.1973;6.084;60.2841;1.1804;1.0839;-18.5599;-69.3937;16.3365
992;33.2488;1.7943;131.8939;1.9356;70.1778;1.1049;1.1987;-16.4304;-63.8354;13.8257
993;65.5508;6.113;105.4375;4.2957;58.2751;0.8648;0.931;-13.0811;-64.1157;13.9337
994;57.7243;2.9351;100.8521;5.3305;33.0998;0.9038;0.8599;-14.1221;-68.2866;15.7662
995;51.9708;4.9002;111.6141;1.4818;73.6927;0.935;1.1029;-13.4455;-60.6803;12.7163
996;64.9402;5.4433;104.986;7.7393;69.3354;0.9532;1.2926;-12.464;-54.7972;11.0612
997;102.3584;4.0702;82.0313;6.59;72.7804;1.1724;2.299;-11.1567;-34.6333;7.6492
998;81.5352;7.1325;90.2115;5.5705;71.6458;0.9058;1.2894;-11.6182;-52.5501;10.5374
999;59.7188;3.9183;163.2609;3.1525;93.9069;0.8425;1.1564;-11.1194;-54.2489;10.9287
1000;80.3065;3.1041;195.0409;4.4978;78.952;1.0298;0.9722;-16.4642;-68.5289;15.8876
1001;95.1884;7.3704;147.7966;5.7856;52.0025;1.0085;0.5505;-18.5167;-81.8046;27.4795
1002;86.6434;6.9659;112.6996;2.916;52.7134;1.1059;0.7549;-19.6473;-77.2475;21.9756
1003;71.0733;2.4738;91.9029;4.3293;56.2246;1.3202;1.5108;-19.7619;-61.8528;13.1071
1004;58.3551;1.2852;81.9102;5.9656;63.7232;0.9218;2.8166;-2.7128;1.8481;4.9093
1005;82.568;1.9619;83.2709;2.3581;32.1715;1.2049;1.3144;-18.174;-63.639;13.751
1006;77.0827;3.112;87.0823;5.0986;27.2119;1.0288;0.7966;-17.3581;-74.19;19.3724
1007;86.1135;8.6418;171.222;1.9678;63.8273;1.2274;0.4627;-23.9059;-87.4339;39.7896
1008;81.4331;4.5816;157.0777;3.1842;69.717;1.2794;1.0456;-21.4696;-72.7596;18.3551
1009;88.8919;3.5441;120.5108;3.8431;36.1135;0.8595;0.7516;-14.122;-70.8516;17.1536
1010;60.3658;7.2796;78.6507;5.3703;80.8772;1.4857;1.7208;-21.9902;-61.3916;12.9505
1011;93.7131;3.9695;125.0151;3.5488;43.5111;1.0369;0.9866;-16.5148;-68.284;15.7649
1012;73.5568;3.2519;94.209;4.7883;79.6795;0.8;2.148;-4.1296;-10.4999;5.5866
1013;107.3547;8.0229;60.0;3.5692;55.5373;0.8;1.6834;-7.3382;-29.8581;7.1284
1014;57.5946;6.8366;107.4414;3.8041;65.1877;1.3426;0.9624;-23.2728;-76.1057;20.9255
1015;101.2473;6.7757;81.0197;6.476;69.5466;1.3007;1.5191;-18.6631;-61.068;12.8429
1016;73.5624;4.305;81.7084;2.8747;52.2511;1.2452;1.2688;-19.3569;-66.0359;14.7214
1017;58.2745;6.258;93.9317;5.7387;52.7871;0.8974;0.9029;-14.0378;-66.4645;14.9096
1018;61.2901;2.5639;88.2867;4.5984;44.4571;0.928;1.5264;-10.5597;-45.171;9.1193
1019;64.2337;4.6726;99.1472;3.7367;41.4038;0.8;1.1445;-10.1901;-52.3129;10.485
1020;77.635;8.9635;97.9628;2.7737;37.34;0.9433;0.4764;-17.6021;-83.167;29.7036
1021;79.411;3.1333;62.5657;2.8806;51.8561;1.0347;1.9086;-11.1067;-38.5155;8.1321
1022;59.6734;6.302;146.2386;3.492;77.9042;1.3499;0.7895;-24.4157;-80.505;25.6476
1023;69.5616;4.1791;78.2044;4.3749;50.9225;0.9464;1.6698;-9.7053;-41.1876;8.5016
1024;108.5609;1.4723;78.8124;5.5053;90.7518;0.9354;3.902;5.2191;39.0441;3.596
1025;101.0958;6.0302;92.1145;4.1496;53.412;1.0596;1.3764;-14.1209;-56.699;11.5471
1026;77.8538;2.5009;97.328;4.25;23.9919;1.1854;0.6377;-21.7054;-82.0694;27.8852
1027;70.6841;5.0495;144.0147;4.474;83.6462;1.3642;1.0612;-22.9906;-74.0711;19.2835
1028;72.1606;1.9264;106.9676;5.3152;72.776;0.8695;2.0976;-5.5973;-19.5817;6.2175
1029;81.0433;8.1203;115.2135;5.5672;71.693;0.9664;0.9765;-15.0581;-66.3193;14.8453
1030;51.5897;3.137;107.1044;2.5196;33.9498;1.0278;0.6598;-18.452;-78.5994;23.3638
1031;65.3672;2.8192;105.9572;4.1769;51.6523;0.9481;1.2905;-12.827;-54.6307;11.0207
1032;39.9655;2.2513;108.0509;6.4411;64.6375;0.8833;1.457;-9.9247;-45.0178;9.0939
1033;77.186;8.105;61.6817;2.6258;85.3063;0.9499;1.7798;-9.3491;-37.5449;8.0058
1034;81.6495;5.623;93.9432;4.7115;65.2702;0.8;1.2913;-10.0117;-46.1965;9.2931
1035;61.3026;5.8552;133.7183;4.3437;41.3818;0.8858;0.4874;-16.1157;-81.6595;27.2621
1036;98.3318;4.2303;200.0;3.75;30.2898;0.8;0.3489;-15.3279;-85.4643;34.398
1037;47.9362;4.0898;74.0021;6.9862;86.1661;1.0024;2.6096;-5.0559;-13.2231;5.7619
1038;43.6413;2.1165;111.1566;4.6553;58.668;0.9247;1.9149;-8.4749;-30.969;7.2431
1039;74.0401;4.5898;86.6961;6.8667;71.1286;0.8966;1.7541;-8.9899;-34.7903;7.6676
1040;88.8478;2.9216;166.848;4.6084;67.6742;1.0032;1.0687;-15.2267;-64.4898;14.0805
1041;100.3107;8.7672;71.2877;5.2904;41.7324;0.8;1.0035;-11.3815;-58.1887;11.9585
1042;61.7401;6.322;116.9101;3.7342;36.7634;0.9386;0.5409;-17.4486;-80.7916;26.0303
1043;89.4163;3.7521;70.3419;3.7509;33.5766;1.0397;1.2195;-14.6987;-60.9015;12.7882
1044;69.3068;2.3959;92.3447;5.214;60.345;1.2153;1.6901;-16.2865;-53.6429;10.7858
1045;66.8927;6.2217;99.1458;5.2415;44.7926;1.1296;0.7156;-20.3245;-78.884;23.6787
1046;85.9059;2.2026;130.6593;5.497;36.3222;1.2893;1.0405;-21.2963;-73.0993;18.5869
1047;81.7418;2.6205;76.392;5.165;78.1273;0.8;2.9448;0.7815;22.6995;4.075
1048;41.6249;2.7413;118.0391;2.5954;66.6009;1.2328;1.4114;-18.0016;-61.8388;13.1023
1049;96.5777;4.5717;100.4705;3.3904;60.5384;1.0616;1.2601;-15.4261;-60.4325;12.6366
1050;94.8416;6.2369;107.0578;5.8749;55.799;0.8982;1.2372;-11.8977;-54.0852;10.8897
1051;58.7399;3.2474;127.0719;1.6623;85.7487;1.0219;1.5335;-12.9475;-49.9777;9.9955
1052;77.1245;1.9181;72.5685;5.0389;58.8025;1.8684;2.5637;-24.2328;-54.2629;10.932
1053;78.8925;4.0327;122.4642;4.4322;79.3073;1.0295;1.4526;-13.9974;-52.9665;10.6307
1054;74.6921;5.9072;86.7425;5.8744;42.0958;1.0162;0.8555;-16.8418;-71.9387;17.8181
1055;60.0945;2.7945;131.5173;5.2249;53.8296;1.1875;1.1096;-19.3192;-68.8508;16.0518
1056;57.9108;2.7854;108.7237;3.604;75.504;0.9572;1.6387;-10.7661;-42.9322;8.7615
1057;69.54;8.1267;94.8966;3.536;47.5374;0.8534;0.6069;-14.9766;-76.2961;21.0936
1058;91.1091;8.2539;86.2857;3.8158;55.9462;1.3242;0.9246;-23.0968;-76.7266;21.4837
1059;79.7848;9.2037;122.8537;5.4701;62.7673;0.8;0.7154;-13.1465;-70.1902;16.773
1060;63.3289;6.4236;137.0585;1.1467;60.0888;1.0087;0.707;-17.4277;-76.6355;21.4
1061;83.8906;2.6141;87.5279;4.8361;65.3273;0.9871;2.4528;-6.6804;-17.1748;6.0368
1062;30.0;2.7438;75.333;3.2754;70.1531;0.8465;1.8772;-6.4263;-26.0823;6.7643
1063;90.6778;3.3762;118.9523;4.8863;83.1015;0.8;1.9139;-5.3923;-20.2528;6.2698
1064;38.6852;3.2662;69.619;5.1167;76.937;0.9748;3.3039;0.1641;12.9757;4.4257
1065;63.4761;8.2997;72.1532;2.1065;65.4643;1.076;1.0702;-16.6207;-66.847;15.0816
1066;49.8459;6.2548;76.6688;4.2597;44.6981;1.2331;0.8369;-21.6004;-77.3767;22.1011
1067;46.6957;5.7159;90.1349;4.8334;34.8823;0.857;0.6142;-14.9212;-76.1124;20.9313
1068;90.8949;2.6016;71.5994;4.7319;25.189;0.8548;1.193;-11.2578;-53.4783;10.7477
1069;61.5814;7.5471;61.5882;4.4167;40.9576;1.3569;0.9364;-23.6572;-76.9974;21.7367
1070;76.2371;6.6167;75.2871;2.7687;58.4379;0.9107;1.2329;-12.2873;-54.871;11.0794
1071;69.1554;2.4714;117.4237;2.9971;59.3379;0.9354;1.226;-12.8413;-56.3101;11.4443
1072;78.5867;7.073;72.7686;2.5329;53.5132;1.276;1.1149;-20.7694;-70.8771;17.1686
1073;71.3828;3.0433;91.845;5.4311;59.6322;0.8;2.3475;-2.5541;-2.1877;5.1118
1074;46.9061;1.8859;162.6897;4.4266;57.2267;0.8;0.8604;-11.9979;-64.1504;13.9471
1075;87.9328;5.2228;98.7782;4.5224;72.6648;1.321;1.6637;-19.0797;-58.0185;11.91
1076;61.1124;5.2019;108.9406;2.0418;73.3028;0.8866;1.1134;-12.2187;-58.1434;11.9455
1077;41.9815;2.0015;78.9378;4.5496;60.0485;0.8987;1.8952;-8.154;-29.7052;7.1129
1078;62.2939;3.2697;171.7498;5.5505;73.8253;0.914;1.0675;-13.0823;-61.0686;12.8431
1079;97.0137;9.3087;87.3433;1.8372;78.5741;0.938;1.0205;-13.9745;-63.7342;13.7871
1080;85.304;5.3756;94.4569;3.7969;75.3489;0.9122;1.4788;-10.7758;-45.9632;9.253
1081;63.7243;5.7633;138.9946;2.2445;50.6224;1.0289;0.7431;-17.8889;-75.9269;20.7701
1082;63.7134;2.7487;95.5583;3.9696;44.8792;1.2847;1.099;-21.2112;-71.4849;17.5346
1083;64.2106;1.8679;101.2044;3.2485;66.394;0.8515;2.1798;-5.2305;-14.6729;5.8598
1084;107.3815;3.0656;93.2;5.1714;81.3993;0.8885;2.5187;-3.9305;-5.5077;5.2914
1085;76.8748;2.9313;93.3599;4.8539;71.5011;1.0064;1.904;-10.2658;-36.9401;7.929
1086;77.7407;2.8602;109.7051;6.5373;79.4421;1.3693;2.0347;-16.8998;-50.4686;10.0946
1087;88.5451;2.6396;114.8246;4.5189;66.377;0.9426;1.604;-10.4071;-43.2789;8.8151
1088;74.2982;4.6822;85.1452;5.1077;48.7495;0.8354;1.6291;-8.0155;-35.0014;7.6925
1089;65.3372;3.3156;82.5703;3.7634;56.8541;0.8;1.5651;-8.0034;-34.7895;7.6675
1090;66.4657;6.5435;85.8744;2.9454;41.5864;0.8588;0.8944;-13.253;-65.2864;14.4036
1091;68.7112;2.5902;70.4467;5.8521;46.2112;0.8407;2.3177;-3.8645;-8.1044;5.441
1092;69.33;4.0332;67.1926;6.4649;30.036;0.8;1.0041;-11.1942;-58.1608;11.9505
1093;83.0973;1.0695;107.7121;5.6585;43.1481;1.0142;1.325;-13.529;-56.4499;11.481
1094;70.935;4.129;126.4465;4.7968;57.7648;0.9488;1.2017;-13.1033;-57.779;11.8424
1095;83.1875;1.6516;124.329;3.1389;16.1837;1.33;0.3789;-26.5967;-90.5042;50.0
1096;68.5471;8.7829;60.0;6.3124;41.1136;1.044;0.9321;-17.0991;-70.241;16.8016
1097;71.4154;6.2683;94.0573;5.4693;48.8553;1.2235;0.8895;-21.1504;-75.7671;20.6331
1098;34.0324;4.177;75.9175;7.6373;59.6566;0.9663;1.5774;-11.5886;-45.5866;9.1889
1099;86.4939;1.934;103.6588;2.8684;77.9711;0.8389;2.7267;-2.5051;8.3458;4.6149
1100;76.2368;4.794;90.0815;5.8938;72.9493;1.1318;1.7269;-14.1588;-49.1384;9.8306
1101;87.9642;5.9947;115.9487;5.4237;58.3401;0.8;0.9258;-11.4705;-61.4232;12.9612
1102;30.0;2.6283;99.5223;4.087;58.1571;1.2605;1.417;-18.5578;-62.5286;13.3435
1103;107.5907;4.6414;62.2507;6.6458;69.8485;0.8611;2.7986;-0.3131;8.3376;4.6152
1104;67.4874;6.485;78.5236;5.2035;47.5751;1.1596;1.3354;-17.411;-61.6136;13.0255
1105;89.9473;6.0742;100.1447;3.1947;47.8696;1.0782;0.9342;-18.0991;-71.1169;17.3112
1106;51.2817;6.3805;102.2783;4.4225;51.4088;0.8235;0.878;-12.2919;-64.4593;14.0684
1107;81.0299;7.1672;70.3689;3.1767;56.8227;1.2739;1.2444;-19.8838;-67.4391;15.3558
1108;51.0385;7.9643;68.1053;3.8972;63.0667;1.4683;1.1048;-24.9749;-74.9196;19.9359
1109;58.7722;3.7125;101.4161;5.6557;86.6994;0.8608;1.8254;-7.0228;-29.3164;7.0738
1110;104.4526;4.6449;70.4042;6.0839;50.51;0.8773;1.8937;-6.704;-28.0496;6.9492
1111;66.5677;6.2689;65.8917;4.9318;76.7993;1.0138;1.8543;-10.8166;-39.0349;8.2014
1112;73.9138;5.5122;89.4684;3.4749;89.1325;1.1895;1.6459;-15.2706;-53.8776;10.8407
1113;85.6612;9.4542;88.505;5.1724;75.7956;1.2775;1.1553;-20.6235;-69.8547;16.5864
1114;78.9223;1.07;80.284;5.6851;80.7259;0.9309;3.167;0.0465;13.4065;4.4089
1115;72.7075;3.4514;83.8673;1.6418;43.2729;1.028;1.1004;-15.1413;-64.3164;14.0121
1116;76.5693;3.0854;100.3465;4.7747;57.9777;0.932;1.7044;-9.4324;-39.0444;8.2027
1117;113.2615;2.996;83.5236;4.3147;67.0666;0.9207;2.2538;-5.3013;-18.4042;6.1278
1118;68.9629;2.7989;101.7831;6.0306;86.9918;0.8991;2.2895;-5.2663;-15.1213;5.8908
1119;73.6198;5.6019;90.9266;5.1785;55.0967;0.8;1.1582;-10.3339;-51.7408;10.3607
1120;88.9118;1.9188;104.2803;5.3265;71.591;1.1884;2.031;-13.4353;-43.0354;8.7774
1121;89.8995;5.8548;124.5518;3.8771;62.1142;1.0206;1.0215;-15.9125;-66.6375;14.9869
1122;91.3665;5.4848;123.3446;4.6025;34.5521;1.3569;0.61;-25.8526;-85.0137;33.3637
1123;81.4971;2.9406;137.9957;6.0155;47.8184;1.1792;1.0168;-19.1539;-71.258;17.3961
1124;49.4259;2.9505;123.3107;4.5027;79.575;0.9231;1.4029;-11.2527;-49.3393;9.8696
1125;99.4018;5.032;106.1454;4.862;72.6695;0.8;1.4648;-8.1765;-38.9659;8.1921
1126;49.3658;6.0231;89.7306;2.2961;53.4854;1.4528;1.1033;-24.4448;-74.6849;19.7511
1127;75.4474;7.134;90.761;4.4972;42.1066;0.8;0.6926;-12.9935;-71.1429;17.3268
1128;56.423;6.8643;80.2965;1.582;38.2892;0.9339;0.6042;-16.4465;-78.4331;23.1837
1129;68.8455;8.4718;100.1133;3.8258;40.5457;0.9368;0.5323;-17.0819;-81.061;26.4005
1130;75.9177;4.7238;119.0468;4.6953;63.2515;0.8786;1.2732;-11.3339;-51.698;10.3515
1131;75.7844;7.5354;83.4088;5.7505;32.6049;0.8434;0.5748;-14.7442;-77.2824;22.0093
1132;77.5946;6.4315;99.0739;3.1013;43.4643;0.8;0.6716;-13.1085;-72.0149;17.8666
1133;99.0468;7.3534;84.4221;5.1605;60.9303;0.8649;1.3936;-10.1633;-46.2928;9.3097
1134;78.1636;1.0255;105.3732;6.8027;76.3094;0.9898;2.4856;-5.7966;-16.2932;5.9732
1135;65.6052;8.4942;87.1669;3.6389;71.3664;1.063;1.0536;-16.4363;-66.9618;15.134
1136;87.3536;4.0831;83.1206;2.2794;78.8257;0.9003;2.0487;-7.4552;-24.1491;6.5919
1137;91.4105;6.3366;84.3672;5.0348;61.3571;0.8994;1.3644;-11.3599;-49.4308;9.8874
1138;47.9031;2.2381;113.4092;2.812;83.0209;0.8118;1.7252;-6.9469;-29.1619;7.0583
1139;80.7532;3.662;97.6103;3.3715;34.6355;1.0341;1.1575;-15.1816;-62.6896;13.4011
1140;82.6211;3.0395;89.8431;5.985;59.7459;1.0097;1.6757;-11.3693;-44.6778;9.038
1141;64.6439;3.1367;106.7534;7.4153;56.534;1.0789;1.4592;-14.1394;-54.9144;11.09
1142;94.7627;2.2109;90.156;3.099;43.6287;0.8974;1.6241;-9.1594;-39.6749;8.2884
1143;67.299;6.406;132.5288;3.4939;77.5241;0.8335;0.8925;-12.5675;-64.3057;14.0078
1144;72.2604;0.9685;78.3906;3.9402;56.1062;0.9961;2.3373;-6.1253;-21.7858;6.3927
1145;66.8847;3.2385;95.4333;3.7783;75.1181;1.1097;1.9079;-12.7964;-42.6907;8.7246
1146;70.2804;2.5353;70.3849;7.4999;53.1862;0.8374;2.3907;-3.4793;-4.8383;5.2542
1147;50.267;4.7723;91.6935;3.8041;42.0993;0.882;0.8699;-13.6338;-67.1264;15.2098
1148;44.0791;2.9573;65.7107;4.0184;54.2278;0.8;1.8222;-6.5657;-24.073;6.5853
1149;98.7011;2.9802;120.512;7.0243;81.5958;0.8;2.0706;-4.7418;-13.726;5.7955
1150;54.7547;4.1669;121.1217;5.465;67.7953;0.8964;1.452;-10.683;-46.0075;9.2605
1151;52.1549;5.1942;121.6579;6.0788;39.9341;0.8451;0.5818;-14.7468;-77.0545;21.7908
1152;31.239;2.1973;100.7244;3.2408;64.9942;1.1736;1.4094;-16.9179;-59.9708;12.4909
1153;58.4987;2.5417;80.2545;3.8047;82.8685;1.006;2.4533;-5.7307;-18.712;6.151
1154;46.1844;2.9229;81.8661;3.0404;48.8751;1.2879;1.3857;-19.4968;-64.1354;13.9413
1155;99.5563;8.6787;146.6008;5.8019;56.7735;1.2905;0.5335;-24.7665;-86.2209;36.2869
1156;88.1767;3.6684;143.1781;6.4379;58.8984;1.003;1.0387;-15.571;-65.4802;14.4844
1157;57.6133;4.836;103.1113;3.7003;55.0999;0.8;0.9586;-11.3675;-60.0575;12.518
1158;110.5438;2.8951;87.9054;4.0536;73.3269;1.0829;2.3162;-8.8425;-28.7053;7.0131
1159;87.6718;4.179;140.798;4.1193;57.8676;1.2571;0.991;-21.4485;-73.7232;19.0282
1160;64.153;1.8268;84.0611;2.2792;71.2705;1.1348;2.2023;-11.4549;-35.3135;7.7296
1161;30.0;1.4084;105.8881;3.5893;67.7106;1.0722;1.6675;-13.2045;-48.1626;9.6455
1162;111.237;4.0562;140.2126;5.7599;84.6386;0.9516;1.5189;-11.3763;-46.7971;9.398
1163;44.9877;3.6763;81.1327;3.2869;70.9877;0.8;1.6732;-7.1991;-30.285;7.1721
1164;40.3828;2.303;123.0359;4.7395;62.608;1.1333;1.2224;-16.9974;-64.0461;13.9067
1165;88.4063;5.4421;113.8988;2.638;67.0715;0.9617;1.233;-13.0308;-57.262;11.6992
1166;113.9155;9.313;99.017;4.384;22.798;1.0644;0.3307;-21.1659;-89.6436;48.2794
1167;94.9169;3.6605;78.008;3.755;66.1323;0.8892;2.0698;-5.6953;-22.4097;6.4441
1168;80.1504;5.0033;83.4344;2.7675;64.7753;1.4916;1.4571;-23.7996;-67.439;15.3558
1169;80.7056;8.4309;107.5045;5.7856;44.6346;1.049;0.7089;-18.4227;-77.4718;22.1944
1170;85.3615;6.6529;70.0589;5.8699;81.202;0.9269;2.0842;-7.0868;-25.0446;6.6706
1171;83.6607;4.0272;103.3226;3.1457;74.2813;0.8;1.5287;-7.5781;-36.306;7.85
1172;75.0614;5.8218;114.4838;4.2757;68.4289;0.8;1.1785;-10.3798;-50.8965;10.1826
1173;71.8756;2.2445;127.929;4.6665;75.761;1.1322;1.5114;-15.4421;-55.5003;11.236
1174;68.8733;4.3039;70.4978;1.8779;65.5631;0.8901;2.0458;-6.6998;-23.3843;6.5261
1175;56.4286;3.0759;138.9664;2.5044;68.6277;0.9139;1.0099;-13.7193;-63.1655;13.5742
1176;64.9478;2.4564;152.7818;6.5294;33.2231;0.8971;0.6106;-15.7545;-77.312;22.0381
1177;39.5268;3.8232;110.7979;3.0023;76.513;0.8038;1.6496;-7.4765;-31.5923;7.3091
1178;68.2299;2.264;77.1428;6.4873;73.866;0.9436;2.6223;-3.9638;-7.3682;5.3977
1179;52.2054;5.5259;92.1247;2.5819;43.5645;1.0113;0.7006;-17.6714;-76.9089;21.6534
1180;50.1354;3.9867;98.8171;5.5882;60.6764;0.8176;1.2971;-9.8511;-47.1197;9.4553
1181;73.2381;4.4162;106.9954;4.133;48.3948;1.0686;0.9098;-17.3459;-71.6208;17.6185
1182;95.056;2.3645;100.5511;4.3439;44.6878;0.8;1.2843;-9.0639;-46.4865;9.3434
1183;86.5297;2.322;107.2821;7.3839;87.6866;0.9156;2.5647;-4.863;-6.6265;5.3548
1184;41.731;4.7366;97.7569;2.7187;64.882;1.0756;1.0252;-16.855;-68.2288;15.7375
1185;52.1867;9.0016;106.8522;5.4922;58.9925;0.9973;0.6691;-17.768;-77.6367;22.358
1186;86.9339;2.0119;89.125;5.4302;56.9531;0.8;1.8732;-5.5746;-21.9491;6.4061
1187;52.3152;3.1081;91.8929;9.6319;58.512;0.8;1.7208;-6.2801;-28.3018;6.9737
1188;65.9566;7.0537;86.5882;2.9843;51.566;1.1201;0.9383;-18.7797;-72.0758;17.9056
1189;79.9009;1.8101;161.4968;3.661;60.9226;1.148;1.0982;-18.2947;-68.1131;15.6804
1190;52.5698;7.1271;144.1919;5.8239;62.4509;1.0914;0.5946;-20.1668;-81.8407;27.5342
1191;71.8968;4.3755;114.8921;4.2996;57.0664;0.9556;1.213;-12.9469;-57.6851;11.8162
1192;45.9875;3.727;139.2816;3.9054;56.5412;0.9516;0.8982;-15.2091;-68.5366;15.8915
1193;59.1754;3.2246;122.0933;6.0363;28.762;0.9789;0.5672;-17.565;-80.6871;25.8894
1194;75.7561;3.1632;104.636;4.2001;56.0362;1.1242;1.3133;-16.3966;-61.0586;12.8398
1195;41.3261;3.2056;68.6333;3.2622;39.8043;0.9737;1.1879;-13.5758;-59.331;12.2944
1196;77.9285;7.2322;93.6561;5.6893;40.3453;1.0777;0.9014;-18.1198;-72.1175;17.9324
1197;69.6465;5.7143;91.9652;5.1629;72.5541;1.3006;1.4535;-19.5385;-62.7493;13.4226
1198;79.9448;5.3135;75.3317;4.1307;71.9175;0.8241;1.7321;-7.187;-29.9415;7.1369
1199;74.0305;6.3417;68.9671;4.0595;56.0424;0.9636;1.505;-11.9188;-47.939;9.6041
1200;94.5545;2.9711;113.1088;3.2276;63.386;0.8423;1.6267;-8.9739;-35.6225;7.7667
1201;72.254;4.9601;108.4508;5.6876;46.1122;0.9243;0.7793;-15.2688;-71.8946;17.7902
1202;62.2707;4.0079;74.6881;4.0598;81.5235;0.98;2.6947;-4.6785;-8.3392;5.4549
1203;72.2014;6.1964;82.9884;3.4452;50.5753;0.8387;1.0744;-11.2868;-57.2986;11.7092
1204;79.7794;3.2225;133.6836;2.6717;91.0335;0.8;1.5769;-7.2889;-34.2965;7.6099
1205;70.8795;5.1288;80.2981;5.1882;26.3363;0.8;0.6187;-13.4563;-74.2216;19.3961
1206;70.7307;7.2013;104.3624;3.8371;51.3981;1.0928;0.8375;-18.5954;-74.4535;19.5722
1207;57.3641;3.6947;95.3663;1.581;31.5469;0.8749;0.6466;-15.08;-75.3639;20.2955
1208;58.0678;1.7579;113.4953;2.7951;58.0045;0.9572;1.463;-11.5077;-49.0517;9.8139
1209;44.7531;4.327;80.7327;4.2496;70.9458;1.0099;1.5301;-12.5295;-49.5001;9.901
1210;101.4924;3.4051;102.2776;4.2917;48.5717;1.199;1.1796;-18.9995;-67.2034;15.2455
1211;47.6105;5.3313;104.3083;4.2347;86.9595;0.9448;1.379;-12.0171;-51.3472;10.2769
1212;57.5277;8.1955;105.9233;4.0259;90.9603;1.0505;1.3141;-14.9718;-58.3036;11.9914
1213;57.0687;4.1513;101.9965;2.3862;41.835;0.8;1.0709;-10.3549;-55.3804;11.2058
1214;86.1086;4.042;108.9972;3.2882;70.0043;0.9683;1.7549;-9.5572;-39.5898;8.2767
1215;64.6909;5.2073;172.9691;6.3757;76.162;0.8224;0.8239;-12.8816;-66.6059;14.9727
1216;92.4594;2.0678;189.7096;6.1543;76.6424;0.9722;1.2683;-13.3204;-56.5139;11.4979
1217;57.8772;2.9537;85.2311;5.4669;62.7112;1.0258;1.9921;-9.925;-35.269;7.7243
1218;75.0219;7.6788;60.0;5.3343;65.871;0.9542;1.5205;-11.3217;-46.8873;9.4139
1219;54.9638;5.315;116.0527;5.9571;75.2018;0.9188;1.6491;-9.3261;-40.176;8.3579
1220;108.6127;1.0651;104.7664;2.9188;28.5708;1.0553;1.1033;-15.7194;-65.1507;14.3475
1221;48.6232;2.7045;130.3771;4.6494;58.7216;0.9225;0.9884;-14.1161;-64.288;14.0009
1222;75.5768;5.4075;107.3819;2.9196;25.29;0.9205;0.4182;-17.5507;-84.8569;33.0183
1223;81.408;6.0418;101.4759;2.9456;90.9516;0.8101;1.6252;-7.2587;-33.1273;7.4769
1224;77.4484;6.7367;132.6079;5.1521;70.1466;1.1065;0.8071;-18.7454;-75.684;20.5626
1225;66.6648;3.1392;137.3271;6.0201;56.0016;0.9916;1.1049;-14.6729;-62.8561;13.4612
1226;67.6632;7.8584;70.706;4.3092;45.1294;0.9085;0.9339;-13.8346;-65.7347;14.592
1227;70.7886;4.5476;81.5339;7.0735;76.8378;0.8124;1.9985;-5.5364;-18.0029;6.0978
1228;67.354;5.5078;97.3947;4.9177;77.2957;1.5958;1.4426;-25.4841;-69.8659;16.5925
1229;87.3498;4.8215;102.4915;3.4348;77.6378;0.8;1.5057;-8.2338;-37.2627;7.9697
1230;109.7894;2.2074;94.507;2.9699;65.3477;0.8593;2.0723;-5.802;-19.6121;6.2198
1231;59.9651;8.4338;111.4663;6.1272;52.801;0.908;0.6781;-15.7368;-75.1069;20.0859
1232;45.3435;2.2083;128.2776;4.7927;46.5811;1.2021;1.1143;-19.3646;-69.1015;16.182
1233;68.4109;2.9604;153.8299;5.6141;51.4061;0.939;0.8996;-14.7721;-68.0661;15.6574
1234;116.4348;6.4795;115.5725;0.6131;74.8418;1.0371;1.1044;-15.7832;-64.5015;14.0851
1235;55.5339;4.9638;80.8089;4.967;59.6769;0.9155;1.4193;-11.0783;-48.3262;9.6761
1236;99.5041;6.7193;96.3826;3.8323;45.9647;1.4459;0.7944;-26.311;-81.6853;27.3004
1237;100.1986;4.3252;98.1338;2.5094;66.1776;1.0823;1.4902;-14.4544;-54.1037;10.8941
1238;60.0354;3.5634;113.7303;4.506;70.7114;0.878;1.4737;-9.9025;-44.0521;8.9369
1239;80.2417;7.7202;110.1907;6.2377;34.4526;1.1511;0.4671;-21.9891;-86.4728;36.9625
1240;99.3111;1.4279;166.9625;7.9993;47.468;0.9517;1.3212;-12.0902;-53.7252;10.805
1241;63.1757;6.9069;89.1029;4.9632;65.2671;1.441;1.5446;-21.5732;-64.2708;13.9941
1242;66.3356;2.8414;110.0966;3.5363;69.2489;1.3104;1.4574;-19.7088;-62.9261;13.4866
1243;59.5297;6.8284;180.1605;3.4457;83.6265;1.0606;0.6964;-18.6794;-78.1142;22.8459
1244;51.7344;2.3182;86.3897;6.0447;61.5147;0.9538;1.9813;-8.6906;-30.7554;7.2208
1245;58.313;4.7165;103.6954;3.1047;53.8492;0.8807;1.0541;-12.7752;-60.1061;12.5333
1246;47.9691;7.2722;78.9607;5.5336;84.6804;1.1929;1.5518;-16.2379;-56.6395;11.5312
1247;70.6135;4.0831;102.0734;5.0405;64.9624;1.3369;1.3506;-20.9074;-66.3248;14.8477
1248;56.1405;5.8947;82.279;4.8747;69.0079;0.9433;1.8801;-8.7753;-33.5634;7.526
1249;74.2081;6.3959;129.9137;2.2478;71.3944;1.094;0.9422;-17.814;-71.2919;17.4167
1250;41.9939;5.8139;103.7516;4.0646;40.7034;1.1064;0.5895;-20.4105;-82.2385;28.1507
1251;75.9558;7.7716;79.1481;2.4128;86.1312;1.1948;1.6243;-15.6237;-54.6843;11.0337
1252;85.0035;3.9349;123.3853;3.7176;69.3026;0.8558;1.4137;-10.0429;-44.9382;9.0807
1253;34.1128;2.5277;104.5941;5.9757;63.4082;1.0929;1.358;-15.4585;-58.5801;12.0715
1254;76.733;1.5656;126.8969;6.4466;50.7777;1.5664;1.2824;-26.5345;-72.7113;18.3226
1255;92.098;2.9194;75.0575;4.9209;45.8405;1.0194;2.333;-7.5852;-23.7102;6.554
1256;48.2265;2.3442;109.6591;3.7445;42.7403;1.095;0.9904;-17.7567;-69.8511;16.5843
1257;100.1063;4.5782;121.329;6.9821;56.9522;1.0787;1.3734;-15.008;-57.5608;11.7816
1258;77.5423;2.5958;89.9565;3.7246;53.0507;1.1171;1.5838;-14.6153;-52.7386;10.5795
1259;57.3098;1.4616;72.9971;2.8965;33.8403;0.8;1.245;-9.7615;-48.1259;9.6387
1260;68.9962;1.4245;98.9652;5.6447;43.9225;1.5061;1.3513;-24.1758;-70.0933;16.7187
1261;80.0499;6.6533;135.938;5.2866;63.0482;1.0202;0.8109;-17.1937;-73.5046;18.8712
1262;71.3681;4.7877;132.5093;3.7861;50.2884;1.1151;0.7033;-19.9197;-78.9756;23.7819
1263;79.6976;3.4664;89.8429;4.7503;75.4697;1.0178;2.1443;-9.7339;-29.7726;7.1197
1264;53.4279;7.3479;72.5589;5.2632;68.4491;1.2076;1.5216;-16.2718;-57.9996;11.9047
1265;73.0485;1.7912;89.7812;4.9055;43.8195;0.9045;1.5174;-10.4661;-44.0784;8.9411
1266;44.5531;8.8561;88.9479;5.2884;68.5989;0.8;0.8716;-12.2619;-63.6845;13.7682
1267;67.9979;4.9486;111.8079;3.8414;62.7065;0.9768;1.1109;-14.1372;-62.0882;13.1885
1268;53.7297;2.5874;97.4091;5.3894;58.9553;1.1006;1.7152;-14.0187;-48.0516;9.6249
1269;56.7605;5.3803;82.8353;4.6263;44.0776;0.933;0.868;-14.945;-68.9888;16.1232
1270;92.2497;6.0332;131.7935;3.8923;65.139;0.8743;0.8761;-13.5471;-66.5994;14.9698
1271;89.6436;3.8397;103.573;4.2312;46.0339;1.0722;1.4686;-14.2181;-54.3417;10.9509
1272;80.9645;6.9666;111.4999;4.4531;42.0187;0.8307;0.5601;-14.6327;-77.5251;22.247
1273;50.3384;2.3921;64.9699;2.4319;55.2635;1.2164;1.7842;-15.4485;-51.1071;10.2264
1274;64.3046;3.0749;60.0;3.645;82.9099;0.9394;3.462;2.0191;22.8364;4.0705
1275;91.8358;1.9901;69.8105;4.6974;66.4815;1.1046;2.947;-5.914;-11.0676;5.6222
1276;72.5509;2.7379;88.68;2.5735;62.2607;0.8;1.6558;-6.497;-31.0065;7.2471
1277;111.7479;2.8811;115.4987;3.6701;63.1816;1.3109;1.4782;-19.2073;-62.4111;13.3018
1278;77.0797;7.6596;60.0;8.177;84.2188;1.0983;2.5026;-8.1072;-24.0482;6.5831
1279;73.4569;1.862;148.9161;2.9061;49.8597;1.1306;1.3198;-16.4091;-61.0871;12.8492
1280;64.4359;3.8294;104.3564;4.0243;73.8887;0.8;1.6362;-7.1764;-31.823;7.3338
1281;72.4037;4.4237;140.5051;3.3494;63.0971;0.8608;1.063;-12.1758;-58.8357;12.1465
1282;67.2555;7.4044;80.1322;4.4247;81.7548;1.0406;1.4459;-13.2463;-53.6843;10.7955
1283;82.746;9.6086;113.4242;3.3776;70.0956;0.8053;0.9045;-11.9045;-62.5618;13.3553
1284;87.2206;5.9503;102.1527;4.2351;87.1859;0.8822;1.6192;-8.8027;-38.8173;8.1722
1285;55.8522;8.6063;122.6815;3.5222;45.4099;1.163;0.4216;-22.7518;-87.9152;41.3743
1286;46.0378;6.2373;94.3227;6.1827;68.8583;0.8859;1.2088;-12.1833;-54.5152;10.9927
1287;36.9483;8.4357;112.5586;4.7225;46.4059;1.0776;0.4292;-20.8248;-86.7239;37.6616
1288;79.1438;5.5879;131.7253;3.0955;56.115;0.8475;0.9744;-12.6941;-61.678;13.0473
1289;50.1394;1.8764;84.9766;5.8612;65.7413;1.1277;2.1171;-11.4455;-37.4208;7.9899
1290;31.248;3.6935;106.2432;3.1626;47.9605;0.8;0.7729;-12.5039;-67.7955;15.5258
1291;76.9944;5.1522;62.3775;2.2539;55.6216;1.1261;1.684;-14.0913;-50.1543;10.031
1292;114.874;3.4291;119.1992;4.5954;54.8554;1.5414;1.1911;-25.6693;-74.2422;19.4116
1293;69.8907;3.0487;163.014;7.4609;54.2093;0.8985;1.0802;-12.8856;-59.9273;12.4773
1294;85.0928;4.6988;73.2634;1.8585;49.6747;0.8761;1.3325;-11.1068;-49.3031;9.8625
1295;71.4729;7.8971;97.7414;2.6035;80.2998;1.2559;1.0309;-20.7234;-72.6394;18.2744
1296;68.22;1.4115;124.6227;5.7288;54.2375;1.013;1.6293;-12.249;-46.3885;9.3264
1297;86.5434;6.0826;100.7885;3.6365;36.6069;0.8;0.6465;-13.2787;-73.0614;18.5607
1298;64.7751;5.706;104.2139;5.5179;59.0067;1.0702;1.1012;-16.4119;-65.7004;14.5774
1299;74.8131;8.4517;90.6876;3.3438;76.369;1.0443;1.2427;-14.7218;-60.3333;12.605
1300;75.7906;7.8534;89.8491;4.8129;66.3099;0.8812;1.0879;-12.4057;-58.8463;12.1496
1301;57.9744;6.0236;97.856;7.2167;49.6756;0.8744;1.1174;-12.7501;-57.4029;11.7379
1302;87.8568;4.3526;101.0472;2.8081;52.3402;1.1897;1.2296;-18.0986;-65.5496;14.5136
1303;66.8507;2.7026;74.4263;6.1356;34.9709;0.8207;1.2291;-10.1594;-50.0782;10.0157
1304;56.3966;4.5007;98.363;5.6196;75.4624;0.8;1.4316;-8.4852;-40.3488;8.3821
1305;79.6572;6.0498;148.0135;2.3661;21.1762;0.8564;0.286;-16.8792;-88.868;44.9154
1306;53.8276;7.366;90.052;5.4384;59.2557;1.189;1.0053;-19.8687;-71.8159;17.7405
1307;70.5073;6.2605;73.395;4.7092;49.0574;0.949;1.2402;-12.7713;-56.4406;11.4786
1308;69.8359;2.6535;96.2853;4.7366;59.7356;0.8933;1.5635;-9.7916;-41.6562;8.5699
1309;89.5461;4.8405;83.6396;5.1048;69.6296;0.9864;1.7052;-10.695;-42.3751;8.6768
1310;78.5446;3.3359;71.5635;4.0745;65.2752;1.1024;2.1359;-11.3636;-35.4169;7.742
1311;69.5495;0.9676;103.5404;4.7051;45.3746;1.3593;2.0053;-17.1878;-50.8234;10.1674
1312;84.7198;2.6807;83.7302;4.9622;56.6587;1.0727;1.9089;-11.4926;-40.6817;8.4291
1313;95.0237;2.1398;85.5406;5.7191;24.5926;1.4799;0.9432;-26.5086;-78.7564;23.5365
1314;80.0406;6.7659;103.9102;2.3093;80.7154;1.1575;1.1308;-18.4976;-67.4365;15.3546
1315;70.1863;2.9778;68.1613;6.5363;61.9745;0.9422;2.5139;-5.3246;-11.0641;5.622
1316;46.3869;3.1031;64.7011;2.8671;34.1581;1.1951;1.3458;-17.8749;-62.4617;13.3197
1317;50.828;8.3678;118.2603;5.7424;93.2449;1.1359;1.05;-18.4658;-69.1873;16.2271
1318;64.506;3.5742;61.711;4.7192;72.1493;1.2617;2.6337;-11.0194;-30.418;7.1858
1319;59.0288;0.9771;78.3355;2.6783;66.5545;1.1588;2.2659;-12.0335;-34.8214;7.6712
1320;66.6345;3.099;63.7654;5.3922;69.8987;1.023;2.5291;-6.9054;-17.5963;6.0677
1321;71.0197;2.1833;88.5561;3.1819;35.579;0.9083;1.4716;-10.7624;-45.9945;9.2583
1322;79.5345;2.0626;111.2951;6.2032;70.2612;1.0273;1.8762;-10.6136;-39.1238;8.2134
1323;68.731;1.8566;102.8483;3.5337;63.1286;0.8;1.5843;-7.0402;-33.9886;7.5744
1324;78.757;4.7992;181.8421;2.3575;70.1537;0.9679;1.0756;-14.3891;-62.9597;13.4988
1325;71.1605;2.6206;131.2231;6.9008;49.6755;0.8;1.2527;-9.3799;-47.8049;9.5794
1326;34.4416;3.4825;79.232;4.872;51.5703;1.096;1.5472;-14.0694;-52.942;10.6252
1327;53.092;6.9708;74.1364;5.9008;56.8139;1.1816;1.1227;-18.7667;-68.3272;15.7864
1328;67.4064;3.8128;196.732;3.3228;62.3493;1.0651;0.7128;-18.9629;-77.6928;22.4143
1329;48.2255;7.6322;130.4269;1.7623;75.1076;0.968;0.8059;-16.0441;-72.2491;18.0174
1330;80.7987;4.2218;115.8751;7.1128;73.2621;0.9445;1.6458;-9.9618;-41.92;8.6088
1331;97.5535;3.6772;101.8889;4.5904;51.2034;1.2715;1.2111;-19.7887;-68.2495;15.7478
1332;91.9377;5.9258;107.0773;5.337;35.0168;1.2181;0.6847;-22.128;-81.2638;26.6863
1333;66.158;1.8183;69.0376;5.5849;73.6903;0.8088;3.169;0.8245;30.6107;3.8282
1334;96.8331;1.9578;104.0041;4.0969;53.838;1.0524;1.5424;-13.1111;-51.1459;10.2346
1335;72.676;5.1892;101.7967;4.9393;61.3075;1.0672;1.2328;-15.1031;-61.4935;12.9848
1336;63.9325;4.1589;79.769;6.9909;70.3518;0.9597;2.0095;-8.4648;-30.2085;7.1642
1337;58.9588;6.2667;87.4038;4.5513;62.4394;0.8;1.0977;-10.436;-54.2641;10.9323
1338;64.5555;7.6403;146.0522;6.0132;70.9951;0.8;0.7108;-12.9921;-70.3818;16.8815
1339;63.0128;3.6224;96.9191;1.6131;65.8523;1.035;1.2494;-14.9725;-59.7648;12.4269
1340;73.0675;4.8194;167.8319;6.2856;29.736;0.8;0.353;-15.3259;-85.2925;33.9962
1341;72.8903;4.2377;64.7155;2.317;73.6929;0.9006;2.4835;-4.0328;-8.0773;5.4394
1342;70.0548;8.8942;87.7628;6.1141;64.7057;1.1467;1.064;-18.4175;-69.0694;16.1652
1343;77.8649;6.6485;67.9214;5.1859;41.0786;1.0867;1.0057;-17.6723;-69.1533;16.2092
1344;91.4316;7.5773;73.9075;4.4561;49.4503;0.8875;1.0229;-12.7865;-61.5833;13.0152
1345;87.092;2.9578;81.2978;4.4506;37.4473;1.1961;1.2385;-18.009;-65.4859;14.4868
1346;43.2718;6.1107;108.2018;4.2209;57.9721;1.1109;0.7959;-19.324;-76.1203;20.9383
1347;30.0;3.011;106.8982;3.369;58.1089;0.907;1.3571;-10.9943;-50.124;10.0249
1348;86.8178;2.7266;84.3815;4.291;64.0672;1.3556;2.0565;-16.498;-49.4305;9.8874
1349;45.3962;8.0748;60.0;7.9121;51.8749;1.1024;1.3907;-15.3318;-57.9501;11.8906
1350;65.9542;1.1771;144.69;6.5535;51.2571;0.8556;1.0723;-11.9879;-58.2259;11.9691
1351;48.938;8.4829;93.1051;3.2935;62.4112;0.8;0.7179;-12.9082;-70.0879;16.7156
1352;37.5644;2.3828;75.6485;5.0015;83.0706;1.0458;2.5687;-7.2367;-18.1254;6.1069
1353;79.7463;6.5348;107.115;4.744;50.9377;0.904;0.8531;-14.3567;-68.5402;15.8933
1354;83.6648;3.0609;105.244;4.3866;37.0221;1.0042;1.0424;-15.0231;-65.4;14.4509
1355;59.6228;3.429;92.2499;3.0958;54.4021;0.9538;1.2045;-13.3114;-57.9034;11.8774
1356;30.0;2.7689;103.7831;5.2688;76.2685;0.8;1.7243;-6.6972;-28.1536;6.9593
1357;60.1676;4.7499;74.9194;5.8691;74.2365;0.9432;2.2781;-6.1627;-19.4942;6.2107
1358;77.0525;3.4158;120.9223;3.3492;69.7292;0.8021;1.3752;-8.8104;-42.8527;8.7493
1359;43.3796;5.2268;77.9411;7.5333;63.1998;0.9034;1.4232;-10.6412;-47.4852;9.5211
1360;73.3005;1.1096;85.951;6.883;48.9749;0.8907;2.0056;-6.5088;-24.9393;6.6613
1361;69.7244;1.7365;117.6096;5.4222;61.7124;1.0129;1.8882;-10.8408;-37.8598;8.0463
1362;80.4272;2.0385;135.1195;2.7524;48.286;1.0618;0.9752;-17.1724;-69.3841;16.3314
1363;72.1524;3.7841;148.6529;5.2021;85.6977;1.0967;1.4353;-15.1246;-56.3738;11.461
1364;52.4848;6.4906;130.2063;5.023;85.4043;0.8;0.9351;-11.5477;-61.0391;12.8334
1365;91.5383;7.2731;92.2177;5.3697;90.494;1.3288;1.6484;-18.3523;-58.648;12.0913
1366;67.1465;2.9113;68.0275;6.9857;56.6646;0.8;2.0544;-3.7362;-14.3996;5.8411
1367;69.5085;4.6798;142.0862;4.336;67.9224;0.9973;1.0015;-15.7108;-66.5263;14.9371
1368;53.2012;6.0752;140.8709;7.6717;79.8433;0.8473;0.9491;-12.9332;-62.6603;13.3906
1369;62.0209;3.123;84.5359;5.2098;42.6104;1.0609;1.1743;-15.4558;-63.1025;13.5511
1370;54.0736;3.731;125.8974;4.1643;63.2796;0.8;1.0171;-10.6669;-57.6222;11.7986
1371;66.887;4.3737;92.031;8.1991;86.8871;1.3632;2.1694;-16.4297;-46.9538;9.4257
1372;100.8108;2.2898;145.5456;5.8448;55.2657;0.9307;1.1435;-13.5519;-59.0427;12.2078
1373;45.3058;1.2855;87.9223;3.9179;41.3872;1.1053;1.3317;-15.5582;-59.8392;12.45
1374;40.9559;2.405;163.9945;4.7263;52.7806;0.852;0.8007;-13.8865;-68.6736;15.961
1375;96.4811;5.0186;121.7172;5.5528;45.4569;1.394;0.8164;-25.371;-80.4785;25.6128
1376;66.2322;1.8223;156.735;4.3737;79.7703;0.8;1.7693;-5.6389;-26.2772;6.7822
1377;57.9567;2.6226;89.052;4.8009;44.6412;0.8;1.1752;-10.3618;-51.0327;10.2109
1378;88.7183;3.3643;110.6561;3.3742;53.4057;1.3134;1.3112;-20.3629;-66.7206;15.0243
1379;59.0989;1.8599;78.4805;2.0722;70.2899;0.8;2.3892;-2.4147;-0.4505;5.0226
1380;102.8682;2.6337;123.4909;4.7596;45.8973;0.9861;1.1192;-14.4335;-62.1695;13.2169
1381;82.2027;7.5709;125.2023;4.81;61.7455;1.3657;0.7085;-25.3596;-82.7066;28.9128
1382;61.2176;1.177;182.0764;5.3907;80.4852;0.9221;1.3192;-11.6162;-52.3142;10.4853
1383;108.8315;5.1993;112.8072;3.7357;46.1898;1.0534;0.8267;-17.5991;-73.8421;19.1147
1384;59.0971;3.6018;119.8443;2.5892;47.2021;1.177;0.7663;-20.9649;-78.2981;23.0395
1385;83.3577;5.3343;88.8956;3.152;58.1037;1.006;1.3124;-13.3916;-56.5165;11.4986
1386;75.3873;4.7701;114.4932;6.1835;60.7274;1.2972;1.111;-21.0886;-71.4509;17.5137
1387;93.4313;2.8039;90.9398;3.6001;55.2701;1.1515;1.5415;-14.8322;-55.3766;11.2049
1388;98.1072;6.8124;102.9389;3.9369;79.3662;0.8363;1.3851;-9.8259;-44.79;9.0563
1389;70.5761;4.1874;104.4595;4.1314;43.2652;1.1576;0.9969;-19.4858;-71.2945;17.4183
1390;56.4385;6.5647;91.5691;3.6711;39.4058;0.9932;0.6463;-17.4348;-78.3067;23.0486
1391;78.2795;3.7151;101.5861;3.5602;58.2731;0.9941;1.3862;-12.7896;-53.5201;10.7573
1392;57.8011;8.9908;91.0443;3.2933;41.2923;1.0687;0.5382;-19.9366;-83.2146;29.7877
1393;106.241;6.0933;90.9434;6.701;61.6549;1.2021;1.3429;-18.0305;-62.7628;13.4274
1394;72.4576;8.4952;130.8873;5.6202;50.2546;0.8249;0.5553;-14.5033;-77.56;22.2816
1395;63.4242;4.3169;104.4829;6.4717;68.7581;1.2983;1.4728;-19.5847;-62.1877;13.2232
1396;73.3242;4.084;109.0642;6.774;46.05;1.2825;1.3423;-19.3558;-65.1124;14.3317
1397;45.7517;5.9673;69.4665;1.0752;60.719;0.8812;1.155;-11.9834;-56.3095;11.4441
1398;52.5109;7.1785;111.1671;5.1152;65.4905;1.4215;1.0845;-24.2177;-74.5705;19.6622
1399;91.6075;8.4559;114.18;3.7207;56.5248;0.9659;0.6472;-16.7799;-77.664;22.3854
1400;58.1759;3.298;90.5213;6.2752;61.8447;1.1201;1.6402;-14.1118;-51.1918;10.2442
1401;51.1556;6.3413;168.4144;3.4878;72.3571;0.9118;0.6203;-16.0399;-77.3243;22.05
1402;79.6597;2.7367;60.0;3.0188;24.8084;1.1781;1.4904;-15.8975;-57.8316;11.8572
1403;91.3427;4.5028;121.6639;2.4489;38.5939;0.9149;0.6658;-15.6807;-75.742;20.6117
1404;82.9412;2.5667;119.5066;4.146;77.1095;1.0325;1.7361;-12.2858;-43.9501;8.9206
1405;87.9289;3.4123;114.499;5.9724;69.731;0.8;1.4812;-7.9405;-38.2815;8.1013
1406;56.3777;7.8635;104.5038;4.9843;49.1952;0.9099;0.6697;-15.6678;-75.4682;20.3817
1407;44.4074;2.3627;114.7597;2.796;57.1134;0.8931;1.0268;-12.9816;-61.6762;13.0467
1408;97.024;5.0558;124.2399;7.829;75.7069;0.8;1.3747;-8.6609;-42.7228;8.7295
1409;64.1918;4.7973;83.4042;5.5743;38.6706;1.1661;0.8528;-19.882;-75.624;20.512
1410;65.485;2.1934;107.7667;5.7661;73.9775;0.9258;1.9618;-8.0446;-29.362;7.0783
1411;93.9075;3.305;95.5205;6.5275;87.1577;0.8;2.6684;-0.2202;11.183;4.4971
1412;80.0121;4.6091;76.0756;2.1397;33.4699;1.1279;0.9594;-18.5077;-71.6468;17.6347
1413;78.206;2.6084;119.6371;3.2328;49.7403;1.2435;1.0877;-20.5789;-70.8418;17.1479
1414;108.97;6.3588;86.8411;5.8345;45.865;0.9735;1.0166;-14.678;-65.1889;14.3633
1415;58.4167;8.6393;68.7657;3.3839;56.5032;0.8;0.9764;-11.5592;-59.3163;12.2899
1416;86.7011;2.7584;87.391;4.1875;53.513;0.8;1.557;-7.5475;-35.1266;7.7073
1417;71.0262;2.6069;81.8956;4.4834;71.6235;0.8;2.2146;-3.4775;-7.7233;5.4185
1418;74.8347;3.9795;129.32;2.6839;62.8826;0.8471;1.2657;-10.6643;-50.1937;10.0389
1419;97.5124;5.9044;103.9041;4.0588;61.2602;1.4077;1.2885;-22.2576;-69.4886;16.3873
1420;79.141;3.0882;141.2831;5.9718;74.7242;0.96;1.348;-12.6909;-53.1953;10.6827
1421;79.6893;1.1871;84.6505;5.6942;66.7836;0.8;2.7099;0.0832;12.9116;4.4282
1422;89.3051;4.4765;124.4262;6.2695;31.1219;0.8843;0.5722;-15.7221;-78.4286;23.1789
1423;63.4309;8.3012;200.0;6.1148;72.9679;1.2388;0.5229;-23.6174;-85.9305;35.5379
1424;54.8942;3.6376;109.309;5.2088;46.1425;1.1174;1.1304;-17.3735;-66.2787;14.8274
1425;51.1934;3.7902;124.0373;5.09;64.0771;1.0094;1.1673;-14.3688;-61.4529;12.9712
1426;34.6056;8.5619;118.9317;4.98;42.2048;0.9668;0.3783;-18.6735;-86.9571;38.335
1427;107.0117;5.4935;70.081;3.6594;44.6457;1.0007;1.268;-13.7394;-57.7657;11.8387
1428;50.1422;5.6785;115.7722;3.0551;48.2811;1.0317;0.6091;-18.7485;-80.3207;25.4075
1429;66.0174;4.6074;107.9625;3.5656;83.6187;0.9619;1.5046;-11.9953;-47.8592;9.5894
1430;65.0174;8.7006;93.7127;4.111;60.7996;1.0206;0.8542;-16.8276;-72.1011;17.9219
1431;75.5333;5.4513;80.1709;3.6163;59.7831;0.9416;1.3074;-12.2522;-53.719;10.8036
1432;84.6833;7.358;118.9456;5.2207;50.258;0.8427;0.767;-13.461;-69.6622;16.4811
1433;85.4885;5.5288;78.4192;4.9028;66.5145;0.9487;1.946;-9.1184;-31.6234;7.3124
1434;59.5046;5.803;170.4738;5.064;55.6547;1.0683;0.571;-19.689;-82.183;28.063
1435;66.9918;3.1307;102.8954;5.1271;39.4095;0.8646;1.0607;-12.3118;-59.1054;12.2266
1436;75.0864;3.1942;73.6514;6.3935;58.0705;1.0878;2.1408;-10.4773;-34.4032;7.6223
1437;65.5236;6.2011;87.9414;4.5871;48.1034;1.1805;0.9449;-19.6705;-73.3199;18.7406
1438;98.9322;3.1612;93.2829;6.1126;69.1938;1.0706;2.1862;-9.8954;-31.932;7.3456
1439;78.8375;4.6078;182.7765;5.3749;52.7148;0.8937;0.6471;-15.6024;-75.8651;20.7169
1440;83.2278;2.9335;80.1599;6.2945;69.6488;1.0194;2.3843;-7.0761;-22.0352;6.4132
1441;81.9319;6.5114;97.1364;7.0219;54.0232;1.0312;1.057;-16.0747;-65.8325;14.6338
1442;91.1225;2.12;87.419;5.465;40.5981;1.0407;1.389;-14.0744;-55.5075;11.2379
1443;73.2584;6.6322;113.2938;4.7557;48.0401;1.3472;0.7507;-24.4965;-81.4247;26.9175
1444;46.657;4.8601;87.7682;4.746;82.0625;0.8;1.672;-7.5006;-30.3318;7.1769
1445;77.1944;2.6069;75.2192;3.8948;76.5747;1.0422;2.7319;-6.0351;-12.6265;5.7226
1446;58.2756;4.4814;95.2349;3.8443;84.8101;0.9231;2.1001;-6.4262;-24.1656;6.5933
1447;60.4849;3.0925;92.7884;5.9532;72.1417;0.8;1.7488;-6.1554;-27.1327;6.8618
1448;80.5546;3.2926;86.2378;3.1545;74.831;0.8;2.8015;-0.6323;16.7308;4.2834
1449;92.2891;3.4332;87.3976;7.0222;81.6804;1.1918;3.0161;-6.489;-15.644;5.9273
1450;70.3829;1.7263;134.4704;4.3724;74.7066;0.8;1.6094;-6.9234;-32.9429;7.4563
1451;75.559;9.0338;92.3176;8.8931;53.7143;1.0616;0.8196;-17.7554;-74.2656;19.4293
1452;100.6399;1.3654;75.3119;3.5603;53.1633;1.0266;2.4358;-6.7961;-20.9125;6.3221
1453;74.3336;5.2625;89.0895;4.9753;45.2903;0.8423;1.1099;-11.5768;-56.0772;11.3836
1454;116.8303;3.5337;101.3677;4.0722;71.8193;1.182;1.8442;-14.32;-47.9916;9.6138
1455;80.1792;5.1482;71.6006;3.4104;73.4453;0.8;1.9217;-4.9105;-19.9311;6.2446
1456;38.3063;3.4571;150.1545;6.1957;74.8907;0.896;1.1786;-12.0881;-56.1522;11.4031
1457;83.5601;5.3421;124.2214;2.9417;45.1091;0.8039;0.7637;-12.8466;-68.3346;15.7901
1458;76.8609;5.7567;142.9812;3.5859;87.9312;1.1653;1.2128;-17.604;-65.3091;14.413
1459;93.2155;5.4637;110.2998;5.4795;83.4916;1.2671;1.5043;-18.1553;-60.4249;12.6342
1460;82.1173;2.1452;60.0;5.7174;60.0123;1.051;3.0043;-5.1577;-4.7144;5.2474
1461;67.5078;5.2233;146.7901;2.5122;51.9735;1.6617;0.6174;-32.3833;-87.6151;40.3719
1462;47.9626;3.0804;80.5822;5.4725;73.7605;1.0932;2.1811;-10.8958;-33.4968;7.5184
1463;66.2376;1.3271;82.2385;4.7933;67.2318;1.1348;2.6436;-7.762;-22.3458;6.4388
1464;54.6906;3.7619;103.9855;3.2234;67.1972;1.223;1.2281;-18.8727;-66.5268;14.9373
1465;59.5506;3.8625;141.1365;3.4167;41.2834;0.8742;0.5613;-15.6937;-78.5963;23.3605
1466;80.5944;4.0474;130.1245;1.5498;49.4339;1.0851;0.8144;-18.5737;-74.9814;19.9851
1467;100.0583;5.5695;125.4291;7.1762;78.7701;0.8242;1.3722;-9.0336;-44.5026;9.0094
1468;77.1041;3.2205;92.5004;6.1231;65.5645;0.8;1.8962;-6.3544;-20.9902;6.3283
1469;48.4741;3.2521;92.1362;2.6663;56.825;1.2441;1.311;-18.996;-64.8764;14.2354
1470;78.0028;1.6992;109.0336;5.7984;43.7674;0.8437;1.2293;-11.1697;-51.4288;10.2942
1471;91.5394;5.4364;96.8005;3.739;34.184;1.0374;0.667;-18.3543;-78.5679;23.3295
1472;59.0239;4.6391;124.8983;5.9722;75.7659;1.3858;1.1684;-22.864;-71.8975;17.792
1473;67.5877;3.4225;123.0634;3.8559;35.1304;0.8;0.7223;-13.0224;-69.9055;16.6144
1474;70.2644;5.5723;115.9322;4.055;63.0854;1.1391;0.9522;-19.1516;-72.1365;17.9446
1475;55.8718;4.4533;60.0;4.1675;54.2646;0.9956;1.9048;-10.1847;-36.2296;7.8406
1476;81.669;4.059;103.2515;3.614;57.2632;0.986;1.1959;-13.5238;-59.5714;12.3675
1477;67.8229;4.2994;97.3153;6.6989;52.7877;1.012;1.3291;-13.5525;-56.2212;11.4211
1478;77.5516;5.0824;104.2901;5.9478;41.9955;1.0035;0.809;-16.843;-73.1286;18.6071
1479;54.0251;5.245;82.8133;4.7649;83.6657;1.1103;1.75;-13.5244;-47.4619;9.5169
1480;62.1258;3.1236;71.8064;6.1369;76.942;0.8104;2.8444;0.3555;17.0005;4.2735
1481;83.0029;2.3283;112.2754;2.1594;53.6521;1.1056;1.2152;-16.4024;-63.3629;13.6474
1482;63.289;2.4287;91.4777;2.7573;56.8725;0.8;1.4605;-8.3639;-39.1469;8.2165
1483;101.0853;5.103;115.4507;5.3118;24.6083;1.5231;0.4786;-30.1376;-89.5264;47.7391
1484;62.8065;7.0924;84.5583;5.7033;71.2352;0.9792;1.2641;-13.2684;-56.969;11.6195
1485;74.0443;3.7335;142.4723;5.0191;39.17;1.0365;0.6115;-18.7963;-80.3359;25.427
1486;86.7866;2.5065;128.4367;1.776;71.1734;1.425;1.3426;-22.6566;-68.5937;15.9204
1487;44.4694;5.9768;107.7029;3.0065;84.8567;0.8565;1.2384;-10.6269;-51.8043;10.3744
1488;38.3054;6.6624;94.8075;5.2249;82.7345;0.9978;1.1933;-14.3488;-60.1353;12.5424
1489;42.5382;7.182;123.7511;8.2397;61.0571;0.8;1.0143;-11.179;-57.7359;11.8304
1490;92.7265;4.8867;110.3114;6.4269;76.0898;0.8236;1.4851;-9.0765;-39.8967;8.319
1491;60.0666;6.9567;106.1461;6.966;89.9624;0.8;1.6607;-7.0281;-30.8034;7.2258
1492;116.0476;1.1051;129.7859;5.1096;48.6178;1.1731;1.5457;-16.2594;-56.0793;11.3841
1493;59.8435;2.0959;142.8513;5.0987;34.3522;1.1206;0.6358;-20.198;-81.0867;26.4364
1494;73.3219;1.9828;73.1175;3.0498;61.3902;0.9163;2.3125;-5.468;-15.8727;5.9434
1495;97.758;5.6283;76.9053;6.0277;40.0544;0.9036;1.1006;-12.7002;-59.4008;12.3155
1496;106.1097;1.7855;82.2781;4.4902;74.8041;1.2143;2.8252;-8.4963;-22.4447;6.447
1497;107.1071;4.2128;68.6873;5.6391;40.6451;0.999;1.6159;-11.805;-46.0835;9.2736
1498;91.7506;4.0784;98.4435;4.646;76.2719;0.8408;2.123;-4.2426;-15.8291;5.9403
1499;88.4331;3.2296;116.1868;5.0187;69.8846;1.2394;1.8609;-14.7296;-49.9512;9.9902
1500;80.6655;7.0643;99.466;4.4684;48.9491;0.9721;0.7502;-16.5924;-74.276;19.4371
1501;84.0105;2.5119;87.5001;4.9369;71.5362;1.1451;2.3503;-10.3386;-31.5817;7.308
1502;60.0787;3.4379;132.5268;6.1001;74.4049;1.0145;1.5782;-12.0014;-48.142;9.6417
1503;55.2724;6.1247;103.5764;2.7007;71.8803;1.5152;1.0857;-26.5328;-76.1148;20.9334
1504;69.9393;1.35;108.9529;2.3606;49.2673;0.9595;1.2388;-13.4238;-56.9626;11.6178
1505;66.9367;5.3364;133.4503;5.2388;72.7101;0.8;0.9672;-11.4564;-59.6986;12.4065
1506;61.8419;6.5058;96.9659;6.7609;88.2243;0.9555;1.7155;-9.6014;-40.1524;8.3546
1507;82.535;7.8777;167.3728;7.1391;77.5535;1.0547;0.6827;-18.9133;-78.4233;23.1731
1508;87.1955;7.1319;89.4086;2.7634;47.235;1.0963;1.0198;-17.1264;-68.9936;16.1257
1509;71.5913;3.2724;164.7876;3.9957;65.533;1.1756;0.9117;-19.7198;-74.1492;19.3418
1510;96.5955;4.7553;78.3735;2.3812;53.4482;0.8903;1.4502;-10.5719;-45.7043;9.2088
1511;49.4496;1.8549;113.8113;3.7741;42.9715;1.3672;1.1651;-22.1637;-71.5935;17.6016
1512;66.5141;2.9748;85.1605;6.2843;50.1774;1.2128;2.1778;-13.4199;-40.1452;8.3536
1513;57.0972;1.9959;132.2986;4.5807;68.3458;1.0265;1.3128;-14.6807;-57.3725;11.7295
1514;36.4023;3.2517;88.7312;4.0392;51.9592;0.8704;1.4431;-10.1298;-44.7353;9.0474
1515;68.5117;7.119;107.5427;5.4176;77.1827;1.4705;1.0594;-25.2746;-75.9849;20.8203
1516;67.8085;3.4111;84.9901;3.4074;36.8323;1.157;0.9604;-18.9629;-72.331;18.0708
1517;97.2421;4.6024;126.4032;6.9895;50.5096;0.9062;1.0071;-13.142;-62.9566;13.4977
1518;81.3546;3.8616;84.8795;4.6109;61.9395;1.3237;1.9352;-16.8638;-51.2673;10.2601
1519;51.5646;4.0015;152.3261;3.9973;83.1294;1.045;1.3435;-14.4031;-57.1468;11.6677
1520;103.3737;8.5775;77.9581;5.4803;65.4041;1.3524;1.1715;-22.2039;-71.1243;17.3156
1521;91.9786;3.1585;71.4332;6.0089;58.6776;0.8448;3.0891;0.0461;21.8808;4.1024
1522;80.4778;5.0218;126.8567;6.994;46.3148;0.9607;0.7954;-16.0973;-72.4029;18.1179
1523;65.9233;3.7899;86.2508;4.285;32.2112;1.3184;0.7721;-23.9646;-80.4776;25.6116
1524;52.7301;1.7051;99.8192;6.2291;56.4224;0.8748;1.6235;-8.9392;-38.1382;8.0825
1525;63.3003;4.1725;92.2599;4.7518;52.2064;0.9506;1.3904;-11.731;-51.2441;10.2552
1526;89.5975;6.4768;72.0253;3.6829;51.2573;0.8;1.2283;-9.8769;-48.8215;9.7697
1527;103.9226;2.0315;98.0936;3.4348;63.013;1.0859;1.9802;-11.3741;-39.2176;8.2261
1528;97.7784;1.7856;137.1944;2.9545;34.2333;1.2597;0.7059;-23.2074;-81.3199;26.7665
1529;61.2007;2.4102;128.5033;3.4875;66.6608;0.8317;1.1871;-10.7676;-52.4229;10.5093
1530;49.8469;6.0418;105.966;6.2736;24.9139;1.0936;0.4133;-21.4651;-87.4033;39.6929
1531;72.536;5.7158;132.0575;5.6601;79.5326;0.8974;1.1691;-12.5335;-56.5768;11.5146
1532;38.1681;4.6217;76.7298;2.7382;52.9489;0.8;1.2399;-9.211;-48.3366;9.678
1533;75.817;4.0533;92.1858;1.9804;40.5312;0.937;0.8855;-14.9319;-68.5003;15.8732
1534;67.3432;7.2749;110.4012;2.9316;35.1423;0.8914;0.4147;-16.952;-84.4919;32.2412
1535;61.6113;6.0611;96.7922;3.4349;58.8673;1.0258;1.341;-13.8024;-56.4235;11.4741
1536;41.2953;6.4636;94.0159;4.1451;67.8455;0.9407;0.9835;-14.2244;-65.1478;14.3463
1537;79.2448;6.4761;74.0699;6.3593;67.1367;1.3066;1.7791;-17.9631;-54.6153;11.0169
1538;60.4114;5.1256;60.0;3.7784;60.4368;0.8945;1.7626;-8.1112;-34.3148;7.6121
1539;48.9415;3.9965;122.687;7.1207;40.8398;0.9745;0.6935;-16.9923;-76.278;21.0775
1540;30.0;7.0002;106.2692;2.0797;57.3527;1.0491;0.5952;-19.1391;-81.0883;26.4387
1541;69.5047;7.7818;125.2949;4.0771;66.2961;0.9899;0.8843;-16.1744;-70.2198;16.7897
1542;101.9005;1.2519;89.6453;5.7783;64.2113;0.8984;3.016;-0.3426;11.8992;4.4683
1543;99.9027;1.6065;83.678;5.8708;50.4271;1.0103;1.9701;-9.4234;-35.0009;7.6924
1544;61.7723;8.3436;100.1638;4.0964;75.4802;1.1106;0.9597;-18.4283;-71.1969;17.3592
1545;59.1602;3.0668;123.8065;6.1026;79.1365;1.1969;1.6254;-16.4493;-54.7324;11.0454
1546;78.4379;7.0981;94.3779;5.8183;55.7658;0.8;0.9074;-11.7298;-62.1913;13.2245
1547;52.0291;3.6246;122.1948;3.5768;54.8436;1.1066;0.9074;-18.5319;-72.6687;18.294
1548;75.4323;2.1819;77.7574;5.0724;62.9221;0.8738;2.276;-5.191;-13.1766;5.7588
1549;83.7894;1.8822;96.0442;5.6554;49.3141;1.2606;1.5923;-17.5821;-57.8969;11.8756
1550;92.0848;2.428;98.2624;3.6842;76.0242;1.205;2.0923;-13.4682;-42.1211;8.6387
1551;68.1972;2.9362;135.8794;7.1415;78.8594;1.2034;1.5211;-17.2495;-57.8649;11.8666
1552;66.3339;4.1679;105.3278;3.347;68.3745;0.8898;1.4068;-10.2143;-47.2987;9.4874
1553;54.1963;5.5446;154.7312;4.8161;78.4478;0.8;0.8002;-12.5987;-66.6598;14.9969
1554;55.1162;9.049;71.3965;2.7253;39.557;1.2895;0.6497;-24.3371;-83.2039;29.7688
1555;65.9234;3.9058;103.3013;4.755;52.9666;1.2634;1.1186;-20.7904;-70.4852;16.9407
1556;76.6126;4.3395;104.587;2.9994;87.4679;0.8;2.2442;-2.8182;-6.4899;5.347
1557;86.4445;4.3609;116.7685;4.1588;52.9762;1.3166;1.2604;-21.2439;-68.0895;15.6688
1558;55.5428;4.4658;81.6001;2.2201;54.3997;1.0736;1.0946;-16.5528;-66.0134;14.7117
1559;96.8684;4.3369;152.3654;5.7997;28.1084;1.0267;0.4431;-19.6722;-85.6161;34.7611
1560;65.1198;0.9565;100.3246;5.1344;63.6675;0.8483;2.0483;-6.1036;-19.5149;6.2123
1561;69.6154;0.7024;76.2032;6.2311;65.4509;1.2249;3.0468;-8.5358;-17.0885;6.0305
1562;56.5502;2.023;99.6002;4.0783;67.3412;0.9121;1.5541;-9.8956;-43.2031;8.8033
1563;30.0;2.0531;92.4696;6.3008;47.277;0.9113;1.305;-11.7156;-52.2653;10.4746
1564;85.9128;5.5701;200.0;4.6589;65.1772;0.8;0.6622;-13.3384;-72.4097;18.1223
1565;83.2632;2.7061;130.0158;4.7698;69.6081;0.8617;1.6713;-8.0265;-35.3518;7.7342
1566;64.9361;7.354;101.2493;7.7711;40.5999;0.82;0.7323;-13.415;-70.2336;16.7975
1567;71.2058;7.8211;97.2409;3.873;78.694;0.8;1.0577;-10.7654;-55.9285;11.3452
1568;79.2869;8.7339;126.841;6.4412;92.657;1.3658;0.9654;-23.7579;-76.4392;21.2217
1569;41.8742;7.9873;128.366;5.3195;86.7383;0.9754;0.7994;-16.184;-72.6792;18.3011
1570;60.4771;3.0416;60.0;3.7421;37.7283;0.8;1.4088;-8.7887;-41.3014;8.5181
1571;84.2968;4.2904;117.4389;2.6265;65.5233;0.8247;1.292;-9.7367;-47.7786;9.5746
1572;47.4228;2.5413;100.7016;3.0504;70.5302;0.8903;1.4761;-10.1579;-44.7351;9.0473
1573;75.284;6.4101;72.0517;6.296;53.8875;0.8876;1.5077;-9.9152;-43.3774;8.8304
1574;45.5815;7.2762;124.6143;7.2016;62.1443;1.1737;0.9216;-19.7225;-73.8251;19.1023
1575;78.3957;6.8553;175.3383;4.7372;67.5765;0.9476;0.5927;-16.733;-79.1506;23.9815
1576;69.3585;3.8615;114.9353;4.8158;73.0984;1.0199;1.3907;-13.7263;-54.5499;11.0011
1577;40.9276;5.994;131.6672;5.7647;48.6225;0.9484;0.5441;-17.2735;-80.877;26.1465
1578;90.9653;2.0223;156.9928;4.71;36.7593;1.2618;0.6948;-23.1185;-81.645;27.2406
1579;56.7774;1.4777;81.256;6.2496;77.9072;1.3172;2.6637;-12.0223;-32.5942;7.4178
1580;55.4155;5.9491;62.8517;5.0374;57.4676;0.9736;1.4376;-12.4737;-50.7798;10.1584
1581;73.6102;3.8183;117.8469;4.8033;43.9358;0.8276;0.8409;-13.1517;-66.1311;14.7628
1582;90.6755;9.456;93.9974;3.5512;50.5341;0.9783;0.6295;-17.1728;-78.5516;23.3118
1583;51.7152;2.0198;70.9253;3.1821;53.5482;0.8;2.6447;-1.107;10.1979;4.5373
1584;71.1102;6.9015;98.0647;-0.1386;72.3239;1.0647;0.9543;-17.151;-70.1243;16.736
1585;77.7187;4.1194;119.9478;6.4512;52.8928;0.8;1.1078;-10.8312;-53.8433;10.8327
1586;82.4759;6.6096;96.3442;4.3801;59.5546;0.9568;1.4544;-11.3639;-49.33;9.8678
1587;73.1759;6.5127;82.1431;3.9994;50.9681;1.0989;1.0296;-17.5374;-68.7696;16.01
1588;63.3935;7.6364;94.5656;1.6724;30.7037;0.8922;0.4322;-16.7377;-83.8518;30.9633
1589;55.1034;3.1668;99.5143;3.6398;64.3255;0.916;1.8027;-8.2718;-34.4027;7.6223
1590;71.5506;8.1729;61.7318;3.4425;75.6208;1.053;1.6253;-12.5657;-48.547;9.7176
1591;50.7015;2.3979;96.4936;3.4078;41.9133;0.8944;0.9849;-13.2743;-63.2941;13.6218
1592;30.0;1.8953;71.4562;5.0993;59.1865;1.2031;2.0774;-13.2871;-42.4412;8.6868
1593;77.8581;3.852;117.9106;4.7834;92.8631;1.1672;1.7074;-14.0605;-51.2375;10.2538
1594;86.2708;6.6212;67.688;2.5581;28.8076;1.1202;0.808;-19.3221;-75.9558;20.795
1595;30.0;4.0824;128.8106;2.6532;36.6691;0.8816;0.4965;-16.1941;-81.2266;26.6334
1596;51.8248;6.6307;90.2767;2.6505;65.1691;1.1215;0.9034;-19.0455;-73.1492;18.6214
1597;81.1448;5.7602;87.3066;7.3158;80.7331;0.8619;2.1274;-5.6068;-17.7277;6.0774
1598;107.0349;2.7302;107.6391;6.8391;55.9844;0.9827;1.5368;-11.9754;-47.8704;9.5915
1599;70.3743;8.1563;80.5326;3.3216;54.7721;0.8;0.9349;-11.3493;-61.0467;12.8359
1600;56.8959;1.7015;107.2172;1.6351;70.1707;1.2604;1.553;-17.6522;-58.929;12.174
1601;66.7079;7.3992;83.2746;4.7921;79.6056;1.4125;1.5611;-20.6294;-63.1593;13.5719
1602;94.7478;3.1989;87.0068;4.6704;70.4201;1.046;2.2359;-8.7188;-28.7475;7.0173
1603;58.3726;4.2346;110.6651;5.0754;75.857;0.8;1.2846;-10.0019;-46.4743;9.3413
1604;55.6145;3.8021;75.2281;5.7121;67.8256;0.9574;2.0008;-8.9424;-30.3401;7.1777
1605;61.3106;2.5202;72.8998;5.2776;61.5008;1.0143;2.6205;-6.1269;-13.8825;5.806
1606;52.8401;3.4668;106.4022;2.9253;39.1282;1.0032;0.7873;-16.9989;-73.8411;19.1139
1607;72.2081;2.6406;99.3298;5.0411;62.8766;1.6623;1.6792;-25.6483;-66.3283;14.8493
1608;99.2442;2.7005;104.3075;5.8807;70.893;0.9523;2.8038;-3.5747;-1.8565;5.0946
1609;75.8154;2.6077;108.5358;3.514;44.6604;0.8909;1.1525;-12.0689;-56.8808;11.5958
1610;65.4576;4.1707;101.4447;5.0499;61.4037;1.0331;1.2757;-15.1048;-58.842;12.1483
1611;64.7474;6.3343;116.4187;3.7708;85.1409;0.9719;1.1862;-13.9656;-59.3154;12.2896
1612;41.8626;4.6462;102.4658;7.5943;57.2915;0.8608;1.1682;-11.6862;-54.7626;11.0528
1613;85.896;7.3351;60.5424;2.6098;60.163;0.8;1.7411;-6.3636;-27.4551;6.8923
1614;68.5989;5.0837;64.599;6.3339;71.8597;1.1577;2.5273;-9.1774;-27.2349;6.8714
1615;66.7514;5.4548;161.9289;2.0938;74.3847;0.8413;0.76;-13.4717;-69.8856;16.6033
1616;127.4759;5.2985;100.0018;7.2896;48.5468;0.8177;1.2093;-9.9482;-50.703;10.1426
1617;75.3776;3.9493;126.8152;2.8877;74.3982;0.8503;1.3415;-10.5208;-47.4101;9.5075
1618;56.4678;5.4548;91.7203;4.8845;61.5176;0.8;1.1119;-10.6367;-53.6691;10.7919
1619;62.3256;1.7867;98.5601;2.1562;30.2566;1.1402;0.7757;-19.9428;-77.3231;22.0489
1620;90.672;6.9472;89.2846;2.575;76.3778;1.1101;1.2825;-16.0193;-61.4925;12.9845
1621;72.0389;6.1561;185.24;5.9466;46.0523;1.0387;0.4674;-19.8665;-85.002;33.3378
1622;44.111;2.9133;106.5358;6.1422;53.4353;1.1525;1.1747;-17.9014;-66.0249;14.7167
1623;86.5461;6.0724;87.484;4.959;68.3463;1.0902;1.4132;-14.8002;-56.7889;11.5711
1624;57.9734;1.048;66.1738;5.7116;66.9631;1.1247;2.9372;-6.8247;-12.9525;5.744
1625;103.7194;2.7715;163.793;6.1673;81.1366;1.4404;1.5745;-22.1621;-63.5627;13.7222
1626;89.4409;1.7438;96.0002;3.5737;42.4308;1.217;1.3129;-18.1615;-64.0397;13.9042
1627;61.9482;6.1771;120.4491;2.5016;51.5221;1.0358;0.8235;-17.3604;-73.4966;18.8655
1628;93.0583;5.9708;123.8622;4.5794;53.5961;0.8297;0.9576;-12.0517;-61.5257;12.9957
1629;71.2214;6.4796;89.0736;3.7342;65.8981;0.8;1.1482;-10.3238;-52.1585;10.4512
1630;85.3499;0.8263;118.3071;5.1829;43.6142;0.8;1.3376;-9.0579;-44.2673;8.9714
1631;78.7252;4.2408;85.9818;5.422;54.5932;1.2084;1.5218;-16.3662;-58.0212;11.9108
1632;54.7656;5.5696;78.0667;3.5775;60.9214;0.8944;1.258;-11.3901;-53.1163;10.6647
1633;58.4161;2.4211;133.792;5.6562;58.8877;1.016;1.1052;-15.2629;-63.7392;13.789
1634;88.5393;5.1741;96.1224;5.5812;69.6022;0.8265;1.4482;-9.398;-41.59;8.5602
1635;63.974;1.9134;113.8405;5.685;44.0691;1.5544;1.1072;-27.0143;-76.2579;21.0596
1636;62.7343;2.5752;110.8192;3.9883;64.9758;0.8;1.5245;-8.1851;-36.479;7.8714
1637;52.8078;4.0958;117.2904;5.7699;44.0878;1.0281;0.7579;-17.7279;-75.4268;20.3474
1638;77.6248;5.2002;67.7643;5.38;56.8086;0.9308;1.6819;-9.7077;-39.7693;8.3014
1639;107.1254;2.3613;86.3879;5.5603;54.8838;1.0037;2.4683;-5.9831;-18.0246;6.0994
1640;50.7844;2.5974;92.2084;7.1167;48.6096;0.9379;1.3019;-12.3981;-53.7292;10.806
1641;70.436;2.7035;81.2313;5.0917;62.8873;0.8367;2.0895;-5.6822;-16.7554;6.0064
1642;95.42;2.881;111.3214;3.6896;80.481;0.8;2.5076;-1.087;4.4832;4.7855
1643;68.5665;2.8196;134.5443;2.9343;74.5853;1.5063;1.6242;-22.8673;-64.0588;13.9116
1644;78.1427;3.6579;139.9754;6.2919;44.1189;0.9422;0.7414;-15.8194;-73.7696;19.0619
1645;50.8769;5.2018;91.8695;5.136;89.1319;1.0708;1.6606;-13.0699;-48.3071;9.6725
1646;77.7095;3.8868;107.5721;7.105;55.3303;0.8;1.1905;-9.809;-50.3969;10.08
1647;66.6314;6.1402;111.7854;1.5557;58.8992;0.8;1.0587;-10.8461;-55.8859;11.3342
1648;87.7431;5.6793;116.8025;5.966;86.7328;0.8734;1.4618;-9.6081;-44.2133;8.9627
1649;91.3729;2.2335;80.2893;4.2083;49.9408;1.1908;1.7562;-15.3158;-50.8393;10.1707
1650;116.6121;1.577;157.6402;4.0697;56.0667;1.0057;1.2001;-14.4287;-60.2238;12.5703
1651;80.4334;7.151;126.0653;3.4528;45.9851;0.8976;0.7784;-14.9854;-71.0945;17.2977
1652;75.8643;1.8769;126.8915;5.9494;55.741;1.0898;1.458;-14.7236;-55.4022;11.2113
1653;73.4989;2.377;135.1027;5.5203;78.8398;0.8958;1.7535;-8.1923;-34.7491;7.6627
1654;63.643;1.225;114.286;2.8864;47.1702;1.317;1.4041;-19.4699;-64.4609;14.069
1655;76.0927;5.0285;77.3501;4.8474;33.1937;1.3278;0.9315;-23.3939;-76.6158;21.3819
1656;64.6828;4.7301;96.5853;5.6592;64.1795;0.891;1.374;-10.6552;-48.5941;9.7265
1657;73.0323;9.0668;66.1819;4.867;90.2358;0.8561;1.5449;-8.681;-39.8484;8.3123
1658;93.7168;7.2579;110.9343;6.2618;54.4458;0.9855;0.9058;-16.0666;-69.3601;16.3186
1659;51.8822;3.7407;95.8579;4.1649;66.3692;1.0891;1.8445;-12.032;-43.5446;8.8565
1660;90.5178;3.5355;98.9921;1.2185;62.2194;0.9467;1.4048;-12.1082;-50.5381;10.1088
1661;93.7081;3.1619;135.121;4.8801;44.0555;1.2327;0.8202;-21.806;-77.8218;22.5447
1662;67.8748;2.4025;89.2036;4.8709;60.2271;1.0545;1.7632;-11.2626;-44.2679;8.9715
1663;31.8066;2.3109;93.8915;5.0668;72.8278;1.2432;1.7348;-16.4712;-53.4847;10.7491
1664;59.0592;2.2725;100.5508;6.2605;59.9702;0.8;1.5131;-7.667;-36.9547;7.9308
1665;93.3459;2.1463;63.1285;1.6713;52.3008;0.8882;2.3172;-4.2694;-13.0396;5.7497
1666;69.5884;2.89;93.5648;4.2423;62.488;1.1125;1.5842;-13.6912;-52.5346;10.534
1667;52.0126;3.2098;60.0;3.216;82.026;1.0106;3.4351;0.2925;13.2985;4.4131
1668;60.9141;8.4016;86.3829;2.788;68.8533;0.9632;1.0211;-14.5346;-64.6611;14.1487
1669;85.1312;4.7055;123.8372;4.4916;86.2448;0.9014;1.4867;-10.3681;-45.02;9.0942
1670;79.8412;9.0918;111.8308;5.6527;65.9592;1.0175;0.7594;-17.4572;-75.1204;20.0968
1671;65.6992;3.5401;86.1823;5.0514;48.1482;1.3306;1.2247;-21.5689;-69.3193;16.2969
1672;63.3972;3.9944;101.0252;3.5687;84.0522;0.8;1.5423;-7.2483;-35.7356;7.7804
1673;62.9484;3.2981;76.4336;4.3818;78.9738;0.9701;2.251;-6.1329;-22.6493;6.4641
1674;53.3966;2.5841;99.9414;5.9948;50.3669;0.9785;1.5567;-12.378;-46.9718;9.429
1675;99.0768;2.344;200.0;5.6247;76.7927;0.8045;1.2146;-9.9225;-49.675;9.9354
1676;64.1982;8.0889;158.6373;3.7708;41.8246;0.9693;0.3839;-18.7773;-86.7977;37.8721
1677;91.9089;9.0635;101.3242;3.6738;68.0705;0.8;0.8668;-11.7623;-63.8823;13.8436
1678;97.3837;1.5328;104.0848;2.0253;45.5412;0.8897;1.6374;-9.3742;-38.6571;8.1509
1679;87.9696;2.3896;78.279;3.9559;51.6978;0.9477;1.8887;-9.2403;-33.5689;7.5266
1680;62.2308;3.8084;81.8365;1.9963;72.9384;0.999;1.9608;-8.7369;-34.5721;7.642
1681;77.2671;2.6037;109.4772;7.7006;83.6057;1.455;2.2673;-17.7548;-48.0581;9.6261
1682;69.5645;3.496;87.7022;3.3173;47.3162;0.8494;1.2918;-10.5557;-49.3053;9.863
1683;53.7334;2.251;125.3623;6.2635;33.5205;0.8;0.6667;-12.9985;-72.2195;17.9982
1684;75.8385;3.9882;148.0562;7.3272;60.0562;1.2195;0.9975;-20.385;-72.7355;18.3389
1685;48.7773;3.0407;108.671;4.9243;59.2169;0.8;1.1469;-10.1092;-52.212;10.4629
1686;91.3782;3.4351;102.5761;4.45;61.2146;0.8835;1.4999;-10.0139;-43.4145;8.8362
1687;61.6369;1.9966;65.6919;2.6165;52.5686;0.9369;1.9121;-8.7275;-31.9751;7.3502
1688;73.6209;3.8332;120.551;3.8431;77.3162;0.8284;1.7647;-7.1799;-28.9935;7.0416
1689;75.0992;8.9448;75.1324;7.0059;62.6151;0.9812;1.5526;-11.5748;-47.2541;9.4794
1690;65.3397;3.3192;90.0773;5.1269;41.7626;0.8784;1.0734;-12.3369;-59.2651;12.2745
1691;80.5605;7.1334;127.1114;4.6425;52.1082;0.8;0.6373;-13.4828;-73.4448;18.8287
1692;61.4517;6.7709;129.3614;6.5682;70.304;1.1316;0.826;-19.4612;-75.6671;20.5483
1693;85.6834;8.2145;88.9917;5.6444;78.8761;1.1404;1.2805;-16.4624;-62.5719;13.3589
1694;45.7724;6.264;90.2823;4.3782;67.7264;0.8208;1.1135;-10.9692;-54.7799;11.057
1695;72.2748;5.2422;83.96;4.9244;57.9176;0.8974;1.432;-10.5471;-46.8103;9.4003
1696;104.9007;6.9118;74.1216;3.4479;49.9965;1.4495;1.1915;-24.104;-72.6002;18.2483
1697;51.994;1.8404;85.3253;3.7584;37.5693;1.0938;1.1258;-16.7212;-65.6927;14.5741
1698;57.8006;4.0232;66.8123;4.2906;51.8058;1.0;1.624;-11.5701;-45.8689;9.2368
1699;79.2503;9.1547;118.6213;5.4362;66.6599;1.3819;0.6817;-25.7792;-83.5571;30.4082
1700;73.2325;6.0857;110.3659;2.729;62.3324;0.8;0.8385;-12.3417;-65.0642;14.312
1701;76.3113;8.4119;115.0426;4.7144;51.6807;0.8;0.6096;-13.5747;-74.6007;19.6856
1702;78.8054;6.1719;78.7729;4.0152;53.708;1.0339;1.3912;-13.8567;-55.1489;11.148
1703;81.425;7.1155;74.1732;3.2486;51.1529;1.183;1.4883;-16.2608;-58.0633;11.9227
1704;89.9746;5.5823;101.3468;4.0233;43.5301;0.8;0.8471;-11.9513;-64.7045;14.1661
1705;77.3767;6.0092;101.6155;1.1179;57.0079;0.8;0.9175;-11.6784;-61.7712;13.0791
1706;65.6574;4.369;96.3852;3.4636;61.916;1.1719;1.2701;-17.7772;-63.8742;13.8405
1707;82.1063;7.7554;93.0186;2.9508;48.6078;0.8;0.6781;-13.3432;-71.7445;17.6957
1708;104.1979;6.589;153.3717;4.1801;63.9773;0.9501;0.7123;-16.3623;-75.0085;20.0068
1709;67.6126;6.7779;111.2385;1.1803;57.3811;1.0429;0.7994;-17.5825;-74.4483;19.5681
1710;52.4585;5.3369;163.668;4.8863;59.8515;1.2104;0.7898;-21.4602;-78.2487;22.9871
1711;89.9275;3.1996;137.3334;5.9641;53.6872;0.9406;0.9802;-14.3553;-65.2602;14.3927
1712;67.8331;1.4199;153.0842;4.4241;71.7782;1.1035;1.8428;-12.795;-44.3342;8.9822
1713;30.8919;7.9314;76.4437;5.3482;71.4376;0.8;1.0523;-10.9646;-56.1556;11.404
1714;85.2536;4.7538;115.9852;3.8309;72.8184;1.125;1.2698;-16.4182;-62.3761;13.2894
1715;60.3641;3.1682;89.768;2.2681;55.5548;0.8338;1.2903;-10.1927;-48.4169;9.6931
1716;68.3704;2.382;65.9781;4.6025;44.1901;0.8;1.9649;-5.3658;-18.1278;6.1071
1717;75.9756;6.633;145.3538;5.6206;69.1248;1.5114;0.7371;-28.3959;-83.7437;30.7574
1718;73.429;6.7028;92.9208;2.6134;87.4626;1.442;1.4651;-22.2588;-66.1307;14.7626
1719;82.7701;6.4878;76.8146;3.9022;31.6664;1.0301;0.7722;-17.5244;-75.0111;20.0089
1720;62.1612;5.1418;90.1549;4.2293;76.2963;1.3626;1.8259;-18.1293;-55.3343;11.1943
1721;79.2359;3.5069;81.9504;8.8771;56.3806;0.9369;1.7374;-10.3172;-38.1897;8.0893
1722;65.3282;3.1971;84.0781;4.9351;65.2354;0.9732;1.8179;-9.3944;-37.7308;8.0296
1723;83.2986;0.9508;94.6106;1.7416;49.9173;0.9653;1.6722;-11.2193;-42.2569;8.659
1724;81.0766;6.6736;154.142;1.3707;56.7087;0.833;0.5411;-14.9859;-78.3479;23.0925
1725;53.1621;1.941;84.6556;5.6957;65.6887;0.8;2.0222;-4.2406;-15.7435;5.9343
1726;89.5477;5.0447;151.4095;8.3275;62.1853;0.94;0.8918;-14.8011;-68.3762;15.8109
1727;60.3527;4.2573;123.6407;4.1785;59.5864;1.2976;0.9267;-22.4359;-76.194;21.0031
1728;84.545;4.3897;110.4141;4.0888;40.3701;1.0567;1.1261;-15.8501;-64.4781;14.0758
1729;76.6112;7.7924;120.5663;5.2462;70.4659;1.1769;0.7917;-20.611;-77.5772;22.2987
1730;103.0873;1.3665;100.342;3.4026;39.1218;1.0818;1.2209;-16.1183;-62.3794;13.2906
1731;65.9776;6.1181;137.9212;0.7838;82.5029;0.8442;0.8478;-13.1454;-66.5245;14.9363
1732;63.7123;1.6119;115.2283;6.1559;69.3841;1.0509;1.8586;-11.4839;-41.0472;8.4814
1733;69.6504;1.4519;65.957;3.6802;47.6045;0.9357;2.1914;-6.6081;-21.9328;6.4047
1734;64.5428;3.8423;107.6875;6.1752;34.2291;0.8086;0.72;-13.091;-70.3185;16.8455
1735;84.399;1.7239;121.6519;3.4585;86.5563;1.2019;3.0007;-6.9534;-16.7807;6.0082
1736;40.9064;6.2554;93.0298;4.7827;29.4734;0.8;0.4654;-14.5778;-80.6068;25.7822
1737;51.0337;4.4068;103.2067;5.8822;49.4353;0.8765;0.9223;-13.5306;-64.9263;14.2557
1738;50.7795;1.3305;85.7946;6.2055;63.9585;1.558;2.2099;-19.6158;-52.7193;10.5751
1739;87.1055;1.4808;70.8641;4.9495;53.5648;1.1506;3.3351;-4.7336;-3.3828;5.1751
1740;100.791;4.9248;67.8688;4.8749;66.6398;1.0502;2.093;-9.9089;-33.5691;7.5266
1741;68.1199;6.4092;68.095;5.5296;46.9629;0.8;1.0332;-10.7304;-56.9497;11.6143
1742;66.9612;3.8856;118.2063;5.2963;58.4813;0.9767;1.0678;-14.297;-63.5579;13.7204
1743;71.2609;4.5575;60.0;2.6632;55.0094;0.8;1.7751;-6.2258;-26.039;6.7603
1744;90.9138;6.3515;84.6521;2.6919;56.3754;0.9845;1.0727;-14.6388;-63.6827;13.7676
1745;53.3076;4.9107;82.5791;1.4364;70.0538;0.9626;1.3475;-12.8396;-53.3395;10.7157
1746;74.2906;2.8104;93.1891;5.7498;71.4757;0.8425;2.263;-4.0154;-10.4681;5.5846
1747;87.5536;4.9273;62.8696;4.0064;56.0748;1.2643;2.133;-13.973;-43.761;8.8906
1748;79.0197;5.0281;110.6246;5.8303;70.7841;1.2104;1.2492;-18.4603;-65.5996;14.5347
1749;73.4125;5.795;72.7392;5.2056;62.517;0.8;1.5143;-7.8875;-36.9054;7.9246
1750;88.0188;4.9789;132.724;3.0964;59.0794;1.37;0.849;-24.6094;-79.3424;24.2042
1751;30.0;8.5698;85.6037;4.4197;45.181;0.8;0.5501;-14.1213;-77.0772;21.8123
1752;82.2018;2.6646;97.638;3.9178;74.0245;1.3949;2.1054;-16.702;-49.6901;9.9384
1753;58.2266;8.1965;100.0944;3.6862;80.0473;0.9587;1.3907;-12.3088;-51.6476;10.3408
1754;37.0486;4.4592;106.2963;5.9729;61.0413;0.923;1.2325;-12.0724;-55.4917;11.2339
1755;79.2016;5.3294;100.9297;8.3661;78.3773;1.3469;1.5667;-19.8951;-61.2282;12.896
1756;94.7259;2.0369;89.8725;6.2743;73.4935;0.9677;2.8126;-2.5889;-3.1167;5.1608
1757;67.5259;3.5819;108.9547;4.5596;75.3917;1.2455;1.5374;-17.9163;-58.8546;12.152
1758;87.1517;6.0838;112.3599;6.4893;37.1033;0.8;0.5753;-13.9545;-76.0273;20.8571
1759;99.021;5.5852;82.5898;7.1694;64.9652;1.0057;1.9669;-9.2958;-34.8102;7.6699
1760;93.6685;1.4764;111.248;2.5114;69.2278;1.0996;1.9582;-11.4982;-40.6354;8.4225
1761;99.5194;4.509;134.7068;6.4373;48.9848;1.2703;0.8671;-21.9378;-77.2468;21.9749
1762;83.3583;1.948;119.3003;5.7545;75.9541;1.1531;1.8984;-12.5727;-45.1243;9.1115
1763;71.3578;9.4751;126.25;6.3822;66.9275;1.009;0.6339;-17.9967;-79.058;23.8755
1764;41.1646;7.3866;104.3917;5.8199;58.6374;1.0994;0.7521;-19.2948;-77.1962;21.9262
1765;65.5709;1.2076;79.1332;4.2584;38.6309;0.8645;1.4731;-9.9389;-43.2019;8.8031
1766;54.8216;6.9341;81.6759;7.6493;84.1835;1.1284;1.6024;-14.4789;-52.6657;10.5632
1767;109.077;7.6853;108.3257;5.1094;41.5706;1.1002;0.6028;-20.2035;-81.7372;27.3781
1768;66.8341;3.4434;126.5783;3.9485;44.2989;0.856;0.8483;-13.1363;-66.9668;15.1363
1769;72.2177;5.6811;200.0;5.359;68.7422;1.0249;0.685;-18.0413;-77.7212;22.4428
1770;79.9267;3.909;127.8203;6.0586;42.8858;1.1668;0.869;-20.0206;-75.1749;20.1409
1771;70.7848;5.2118;74.6314;4.7421;30.6934;1.6303;0.725;-31.1026;-85.1768;33.7308
1772;100.5109;3.3766;82.5457;5.1897;48.0202;1.2676;1.4314;-18.6639;-62.3582;13.2831
1773;58.7923;3.2881;176.7612;4.7326;50.6852;1.046;0.6048;-19.1415;-80.7285;25.9451
1774;73.5029;3.8133;94.7814;3.6099;26.8015;1.0586;0.602;-19.3188;-81.0428;26.3752
1775;56.6355;2.3594;101.1949;3.3673;78.0949;0.9714;2.0546;-8.255;-29.4924;7.0914
1776;46.2396;6.649;78.6546;2.4958;61.9994;1.0225;1.0078;-16.1518;-67.1456;15.2186
1777;58.9882;3.4188;147.8866;6.877;62.2218;1.168;1.0469;-19.0868;-70.121;16.7342
1778;69.3333;3.6841;113.3243;4.2649;60.2015;1.1622;1.2141;-17.6613;-65.1794;14.3593
1779;62.2726;7.3457;82.3946;-0.5414;67.9484;0.9831;1.056;-15.2142;-64.1956;13.9647
1780;57.5364;4.2143;78.0004;5.1948;50.7997;0.8026;1.5226;-8.0471;-36.7677;7.9074
1781;44.6863;4.4948;107.9827;5.1637;71.4563;0.9581;1.2972;-12.7988;-54.8694;11.079
1782;68.5041;8.2992;101.1113;1.8001;53.4879;0.8461;0.626;-14.4906;-75.3358;20.2723
1783;42.915;7.2554;123.1247;3.3514;34.0276;0.8;0.3455;-15.3156;-85.6057;34.7359
1784;83.681;2.5062;114.6532;3.2856;72.3385;1.1294;1.614;-14.8073;-52.3637;10.4962
1785;71.4839;4.0813;93.6018;3.4866;60.8081;1.0715;1.5207;-13.8713;-52.6933;10.5693
1786;43.7641;8.6184;87.2886;6.4192;51.8702;0.8321;0.7346;-13.5793;-70.575;16.9923
1787;64.4342;3.5395;96.0803;4.3767;69.6019;0.9372;1.7168;-9.2908;-38.9371;8.1883
1788;56.4612;3.5355;87.1386;3.9591;57.9318;1.0633;1.4519;-13.8446;-54.4819;10.9846
1789;75.7451;2.6522;96.7975;6.2836;65.6849;1.0529;1.8166;-11.2948;-42.4876;8.6938
1790;94.1281;2.1478;100.4119;5.343;65.9159;1.0918;1.9391;-11.7611;-40.7985;8.4457
1791;36.2469;5.8443;79.8929;1.9885;48.5081;0.8586;0.8164;-13.4224;-68.3037;15.7747
1792;72.0705;6.0894;117.078;3.6751;62.694;1.0742;1.0048;-16.7233;-68.8211;16.0365
1793;67.1176;8.5645;91.1552;5.0829;44.8823;0.9905;0.6512;-17.3378;-78.0863;22.8167
1794;82.0841;6.1183;81.0202;3.1992;54.4829;1.1669;1.377;-16.9731;-60.6647;12.7112
1795;73.8375;2.9041;91.5851;7.6443;57.3677;1.2398;1.9594;-15.4353;-47.3216;9.4916
1796;56.4646;1.4761;106.2436;4.7693;62.717;1.8328;1.6869;-29.7319;-69.3199;16.2972
1797;64.257;9.0159;102.0977;3.4699;70.9686;1.2994;0.763;-23.392;-80.4267;25.545
1798;55.6715;3.3773;111.1299;2.9156;66.9828;1.0255;1.1805;-14.7639;-61.6298;13.0309
1799;89.3681;3.2358;125.1805;5.9913;56.9827;0.9925;1.2699;-13.5263;-57.3503;11.7234
1800;70.3836;7.4992;138.5741;3.6282;79.596;0.8293;0.7812;-12.9451;-68.5978;15.9225
1801;104.2214;4.7473;107.398;5.1699;75.4371;0.8334;2.1207;-4.8012;-15.1804;5.8949
1802;68.9081;2.759;76.5405;2.8727;53.2674;1.0558;1.7549;-12.1954;-44.5962;9.0247
1803;57.2487;7.2843;93.4936;4.7053;74.7285;1.0624;1.164;-15.6434;-63.4777;13.6903
1804;42.7531;9.3355;77.796;3.6462;71.2517;1.7079;0.8107;-31.9727;-84.1772;31.5999
1805;37.5435;1.9348;152.8388;4.1269;63.8972;0.8646;1.0036;-12.7279;-61.3067;12.9221
1806;41.4856;6.9734;164.3536;3.4056;78.7233;0.8468;0.6744;-14.1179;-73.4515;18.8334
1807;74.8083;3.6336;117.654;6.1384;39.634;1.0513;0.9061;-17.1054;-71.2706;17.4038
1808;79.1571;4.3742;123.9384;3.8635;60.1609;0.9042;1.0489;-12.7193;-61.33;12.9299
1809;41.5386;7.6199;106.4745;4.3848;71.7911;1.081;0.8084;-18.6628;-75.0704;20.0565
1810;86.1107;8.6695;109.5832;4.4573;26.1242;0.9096;0.3252;-17.8888;-88.0814;41.9512
1811;61.3049;2.9953;67.0747;7.0184;72.5921;0.9445;2.5695;-4.3288;-9.32;5.5139
1812;72.6423;2.7484;98.1687;5.9355;47.5908;1.0897;1.2901;-15.6666;-60.5377;12.6703
1813;99.02;1.8828;80.2287;5.786;74.1456;0.8928;3.3205;1.0082;23.9721;4.0332
1814;86.1431;4.6018;107.2872;2.2332;75.4962;0.9304;1.3482;-12.0279;-51.7016;10.3523
1815;65.1664;1.0684;98.5208;3.6154;55.8482;1.1115;1.7196;-13.4398;-48.4304;9.6956
1816;53.9585;3.7463;162.6947;6.3829;55.5573;1.0094;0.7885;-16.9794;-73.9592;19.2007
1817;31.2673;1.8202;125.7539;2.8436;65.8216;0.8799;1.5312;-9.5467;-41.9931;8.6197
1818;57.0552;3.7109;107.3719;4.726;46.6315;0.9081;1.0399;-13.2085;-61.8304;13.0994
1819;66.1997;1.4739;93.5443;3.0021;60.5097;1.2318;1.937;-14.8232;-47.5838;9.539
1820;52.2308;6.6897;152.0449;3.1526;57.6997;1.064;0.5059;-19.9256;-84.152;31.5496
1821;67.6374;2.7319;99.2539;7.1212;74.486;0.9303;2.0259;-8.0783;-27.4065;6.8877
1822;71.3833;3.3166;108.6453;5.6789;77.6569;1.1891;1.8657;-14.9958;-47.6994;9.5601
1823;65.9526;7.0603;101.0618;6.0747;38.5136;1.0912;0.7079;-19.2585;-78.3737;23.12
1824;58.3;5.8923;90.3898;5.7756;73.0611;1.3112;1.4569;-19.237;-62.9646;13.5006
1825;73.0358;2.7808;100.9168;4.3911;73.2098;1.1938;1.6797;-15.221;-53.0997;10.6609
1826;77.9549;1.8068;61.2325;3.5626;55.0291;1.2628;2.8646;-9.3142;-24.3826;6.6122
1827;50.3728;5.6517;67.9141;3.9969;72.8665;0.9342;1.6674;-10.5221;-40.5065;8.4043
1828;95.3968;3.6346;109.1341;4.3123;59.2171;0.8371;1.3831;-9.4291;-44.926;9.0787
1829;68.2254;6.0559;148.0012;7.2644;60.6433;1.1669;0.716;-20.9838;-79.5471;24.4464
1830;70.3393;3.9265;109.0957;2.5955;82.6536;1.1691;1.8348;-13.8272;-47.6882;9.5581
1831;82.7479;3.4052;83.5193;3.7695;62.1837;0.9793;1.802;-9.3309;-38.661;8.1514
1832;74.1979;3.9589;69.7179;3.2306;70.4956;0.8116;2.0603;-4.5588;-15.3852;5.9091
1833;87.1565;5.9109;121.6687;6.1849;45.1613;1.0633;0.7907;-18.2295;-75.2123;20.1713
1834;75.1682;7.45;86.7796;7.3807;73.6969;1.0808;1.3111;-15.7652;-59.5641;12.3652
1835;58.9761;1.5872;117.446;5.0632;70.086;0.8;1.7481;-5.8702;-27.1638;6.8647
1836;76.5071;4.3745;110.2374;5.1865;62.1098;1.0777;1.2218;-16.0863;-62.2118;13.2317
1837;49.4129;1.3831;112.7018;4.737;44.772;1.2588;1.0422;-20.9723;-72.4014;18.1169
1838;71.9541;4.0543;100.8436;5.2562;44.223;0.8;0.951;-11.47;-60.3755;12.6185
1839;69.4019;7.238;110.0661;5.7597;80.2599;1.1116;1.073;-17.2934;-67.8267;15.5408
1840;66.2539;3.4843;97.0578;5.2385;61.6578;1.2996;1.4957;-19.348;-61.6362;13.0331
1841;67.6863;7.8806;85.3144;5.3483;59.214;1.316;0.938;-22.8881;-76.2396;21.0435
1842;36.1267;5.0437;78.594;5.7631;34.7174;0.8;0.7315;-12.8582;-69.5227;16.4056
1843;60.123;7.9075;60.0;1.9326;54.0544;1.243;1.0908;-20.2523;-70.7495;17.0937
1844;71.6712;5.9815;95.5732;4.603;69.2489;0.9392;1.4659;-11.577;-47.9745;9.6107
1845;72.8774;2.0673;146.2057;5.0578;73.8233;0.9177;1.4483;-10.6848;-47.3925;9.5043
1846;51.5018;2.843;120.0238;5.2242;60.4596;1.6528;1.1306;-29.2932;-77.1976;21.9275
1847;92.7827;3.6527;105.8579;4.3437;54.319;1.045;1.2294;-15.6383;-60.7843;12.75
1848;54.4089;2.51;83.2351;4.8411;65.5213;0.9263;2.0292;-7.3594;-26.9773;6.8472
1849;87.4502;4.2045;128.3172;3.5201;43.425;1.1733;0.7571;-21.0467;-78.4916;23.2467
1850;77.6895;4.0709;97.0613;1.9377;65.3048;1.4009;1.5569;-20.6119;-62.9559;13.4974
1851;58.3679;8.2945;148.2506;6.0747;67.9639;1.0353;0.8165;-17.2742;-73.7122;19.0202
1852;101.9556;3.8635;78.2492;2.8984;58.7727;0.8988;1.8901;-7.5319;-29.8983;7.1325
1853;48.5145;6.2243;82.9035;4.3593;75.1516;1.0184;1.3213;-14.0426;-56.7533;11.5616
1854;86.5448;8.0346;80.9112;3.4763;64.7916;1.2438;1.2203;-19.4202;-67.2952;15.2883
1855;88.0105;7.1399;69.0369;6.9805;92.0085;0.9397;2.5193;-4.9144;-10.6351;5.595
1856;57.9288;2.7262;79.1155;4.4805;63.7427;1.244;2.3779;-12.3566;-36.2847;7.8474
1857;95.0644;4.2109;102.614;4.1343;50.7459;0.9723;1.2634;-13.1784;-56.6889;11.5444
1858;65.4992;3.414;83.69;5.7218;42.502;0.8;1.1401;-10.0176;-52.4973;10.5257
1859;75.1965;3.6826;60.0;7.8347;73.1802;1.3552;3.2974;-8.8709;-18.8972;6.165
1860;74.6858;3.4803;130.809;5.2085;68.5523;1.0694;1.2504;-15.135;-61.0225;12.8279
1861;67.5824;6.6019;65.6375;4.0339;60.2816;1.2347;1.4048;-18.1445;-62.0736;13.1834
1862;84.5945;3.964;115.871;5.6449;72.506;1.0623;1.455;-14.1504;-54.3448;10.9516
1863;84.2828;4.372;100.7834;2.241;61.472;1.0075;1.1862;-14.0565;-60.7543;12.7402
1864;38.5264;8.9196;169.7817;4.6696;57.7622;1.1588;0.3403;-23.2295;-90.2102;50.0
1865;93.4781;1.6935;128.3049;7.5909;26.2539;0.9697;0.7792;-16.2117;-73.2129;18.6657
1866;40.0751;4.1647;88.1482;4.8366;89.3665;1.4372;2.4029;-16.5365;-44.268;8.9715
1867;88.5858;6.1238;83.9024;4.7617;72.6878;0.9939;1.5553;-11.7235;-47.8404;9.586
1868;90.2807;2.3948;145.5984;4.631;77.2852;1.4387;1.4965;-21.8757;-65.3274;14.4206
1869;50.3626;4.9174;69.1448;4.0068;47.6442;1.1285;1.1564;-17.7465;-65.8438;14.6386
1870;62.6053;2.8848;104.8877;5.0717;52.7064;0.8;1.2381;-9.3471;-48.4137;9.6925
1871;50.0973;7.0306;96.7751;5.7629;50.0774;0.8204;0.6839;-13.5361;-72.2143;17.9949
1872;66.1314;3.3106;91.7772;4.1023;56.9128;1.1852;1.4554;-16.7445;-59.0676;12.2153
1873;64.4554;3.3204;109.2402;0.8639;70.605;0.8322;1.2805;-9.6036;-48.7083;9.7482
1874;84.0339;4.8309;104.8531;5.2984;72.2044;0.8;1.4879;-7.8415;-38.0031;8.0649
1875;93.5856;2.588;112.1145;7.7997;77.3712;1.2928;2.8448;-10.8415;-26.6503;6.8167
1876;95.1223;3.104;103.5355;4.0356;71.0195;0.8;1.7991;-5.7021;-25.0362;6.6699
1877;59.881;3.7715;111.0067;2.3933;59.3752;1.1684;1.0334;-19.0398;-70.5174;16.9592
1878;66.234;3.4439;102.3616;5.6161;80.7624;0.9299;1.838;-8.8914;-34.1169;7.5892
1879;39.6981;4.379;84.8015;7.2157;58.6977;1.1508;1.2873;-17.166;-62.7136;13.4097
1880;55.4943;4.8402;100.1001;5.3941;64.2116;1.0548;1.1608;-15.4801;-63.3155;13.6297
1881;87.3673;4.6319;83.6443;7.1871;38.761;0.8;1.0063;-11.1758;-58.0728;11.9254
1882;99.0805;5.2044;82.2757;5.7905;36.5267;0.939;1.0249;-13.811;-63.6141;13.7416
1883;47.7817;3.2151;91.9397;5.6603;45.9263;0.9523;1.1406;-13.5546;-60.0779;12.5244
1884;59.3356;2.2328;97.0585;3.823;90.9098;1.0853;2.4515;-8.7426;-24.7031;6.6404
1885;69.5247;6.0117;100.8845;5.0281;75.9113;1.0658;1.4141;-14.1384;-55.7727;11.3052
1886;75.0429;6.8499;125.7461;4.5558;72.035;0.9522;0.8637;-15.4485;-69.7623;16.5356
1887;55.4271;2.9706;88.2836;4.5044;84.7336;0.8;2.5098;-1.6818;4.575;4.7813
1888;77.6331;3.7208;105.0444;4.2192;41.4355;1.101;0.8818;-18.6248;-73.3027;18.7285
1889;61.4709;4.2255;102.9947;4.9384;63.5323;1.1903;1.3413;-17.0176;-62.4395;13.3119
1890;69.7399;4.4292;85.8853;2.6555;44.3808;1.0684;1.2839;-15.5665;-59.9441;12.4825
1891;79.8331;5.2414;101.8606;5.8176;46.7749;0.9571;0.8718;-15.0899;-69.6351;16.4664
1892;70.1156;1.494;128.4899;3.2834;77.8536;0.9286;2.0446;-6.928;-26.6038;6.8123
1893;62.1451;5.6963;104.7731;4.2246;60.9174;0.8323;1.0575;-11.774;-57.6474;11.8057
1894;68.027;1.7132;105.8281;5.0958;76.7482;1.0509;2.1441;-9.4534;-31.9933;7.3522
1895;68.4095;4.0537;83.834;3.2091;65.6191;1.0391;1.8053;-11.1874;-42.0855;8.6334
1896;63.3398;6.6148;163.5935;1.6503;65.8245;1.182;0.554;-22.4164;-84.3768;32.0037
1897;65.3417;3.959;85.0365;4.0254;61.2983;0.8829;1.6496;-8.8763;-37.7197;8.0282
1898;98.7756;2.3817;65.9057;2.4534;65.2405;1.0241;2.7807;-4.3496;-9.4947;5.5245
1899;80.0966;9.0024;123.9919;5.6685;86.0691;0.8;0.8739;-12.1954;-63.5868;13.7313
1900;64.6814;7.2866;97.1704;2.8697;53.507;0.9344;0.7293;-15.8483;-73.9808;19.2166
1901;82.5452;6.1003;92.7038;6.8277;78.9787;0.8937;1.959;-6.7054;-26.9345;6.8432
1902;63.9912;3.7442;87.2504;4.5913;58.2941;1.2356;1.5403;-17.0547;-58.4458;12.0325
1903;91.1162;2.5896;159.6683;4.6888;58.2526;1.4067;1.1242;-23.4071;-73.361;18.7695
1904;76.6536;8.0261;109.2695;1.6291;44.5792;0.8;0.6029;-13.5252;-74.8802;19.9046
1905;68.0686;4.4234;114.733;4.8173;66.4462;1.1991;1.1804;-18.7234;-67.1856;15.2372
1906;78.0589;6.8666;104.1492;4.4797;37.2317;1.1458;0.5475;-21.5522;-84.0736;31.3945
1907;41.7242;3.3856;106.9844;2.6514;71.1293;0.896;1.5691;-9.8469;-41.6277;8.5657
1908;49.7182;3.3514;141.858;4.7309;45.5629;0.8604;0.6814;-14.5743;-73.6005;18.9398
1909;48.5093;9.0194;93.9212;4.0031;91.4341;0.8582;0.9974;-12.641;-61.2594;12.9064
1910;72.573;4.361;69.4728;4.2748;82.5575;0.9273;2.5749;-4.6274;-7.4428;5.4021
1911;101.1853;2.328;124.2361;4.6388;61.395;0.9308;1.4939;-11.0886;-46.5004;9.3459
1912;110.1634;2.7841;113.2214;3.8928;36.9893;0.9699;1.0627;-14.5727;-63.4772;13.6901
1913;81.4849;4.1305;102.7363;4.9697;44.5283;0.903;0.9728;-13.7928;-64.0911;13.9241
1914;79.0152;1.5043;112.4893;4.4702;37.9869;1.1749;1.4406;-16.7203;-59.1277;12.2332
1915;37.581;4.0216;91.148;5.3092;80.2889;1.1071;1.6846;-13.2633;-49.2787;9.8578
1916;60.2319;3.7839;100.5187;3.807;70.7757;0.9659;1.6444;-10.2961;-43.2532;8.8111
1917;55.8199;6.1693;96.7611;3.0026;69.9255;0.8977;1.2525;-11.4693;-53.4924;10.7509
1918;58.8247;3.4505;86.2541;3.5367;51.0689;0.8929;1.4074;-10.7477;-47.4614;9.5168
1919;66.9734;8.9227;134.621;6.764;59.1181;1.0917;0.5269;-20.4767;-83.9116;31.0784
1920;61.5024;2.572;70.2532;6.0339;47.9722;1.0113;1.9395;-9.9942;-36.0712;7.8212
1921;34.3726;4.7847;180.4386;6.4201;72.2183;1.0406;0.6713;-18.4534;-78.4944;23.2498
1922;83.4624;1.9596;124.5255;6.5241;54.7112;1.1873;1.568;-15.7763;-55.9781;11.358
1923;50.6906;5.7931;64.1149;3.9005;46.6225;0.9892;1.3324;-12.6821;-55.1028;11.1365
1924;74.3064;9.4093;94.55;5.0437;65.2264;1.3153;0.7661;-23.6957;-80.5847;25.7529
1925;107.3335;6.532;95.8739;4.7138;57.477;0.8;1.1915;-10.4082;-50.3544;10.0714
1926;53.4511;4.5644;110.2932;5.5893;47.6965;0.8;0.8179;-12.4849;-65.9224;14.6724
1927;30.0;4.1464;78.0872;4.1662;42.0714;1.4362;1.1209;-24.1304;-73.9857;19.2202
1928;64.8519;6.6878;100.8038;4.7395;56.3664;0.9235;0.8652;-14.6274;-68.7735;16.012
1929;89.8173;7.9366;97.0174;4.7084;59.2795;1.061;0.901;-17.4043;-71.6951;17.6648
1930;105.2503;9.1528;83.1599;5.3984;79.1498;1.2848;1.4052;-19.531;-63.5428;13.7147
1931;47.8681;3.6652;80.3171;5.5836;47.3104;1.0711;1.1774;-16.2017;-63.3565;13.645
1932;78.9406;9.2228;125.8224;4.7405;59.5301;1.2003;0.5665;-22.7425;-84.2693;31.7849
1933;61.6244;2.4244;65.4329;4.786;54.7837;1.131;2.7937;-6.585;-17.6641;6.0727
1934;68.0929;2.9539;112.6899;4.9388;61.406;1.2172;1.3208;-18.7547;-63.8304;13.8237
1935;117.5982;1.954;122.0643;7.0698;84.4193;1.1036;2.6109;-7.5561;-21.1414;6.3405
1936;42.9465;3.0409;94.6826;2.005;62.8434;1.1575;1.3802;-16.8328;-60.2508;12.5789
1937;74.5673;6.0716;101.3179;3.1455;68.2921;0.8905;1.1948;-12.007;-55.2753;11.1795
1938;78.4185;6.8726;133.7596;5.6105;62.6811;1.1103;0.8917;-18.3173;-73.2294;18.6772
1939;89.5442;6.1655;83.8439;5.0047;74.1244;0.9919;1.5682;-11.6435;-47.301;9.4878
1940;71.7637;5.0468;86.0352;4.9941;37.7258;0.9827;0.856;-16.0634;-70.9643;17.2202
1941;75.5449;4.3148;88.3494;5.6012;61.2645;0.8;1.5692;-7.352;-34.6185;7.6474
1942;62.9503;5.5987;133.8208;4.921;58.974;0.9191;0.8852;-14.2328;-67.8982;15.5754
1943;74.8443;3.6353;138.1367;3.7611;60.493;0.9735;1.0254;-14.7109;-64.888;14.2401
1944;63.8225;6.7515;70.5412;5.5432;65.4956;1.365;1.7397;-19.3348;-57.5148;11.7688
1945;81.1883;5.3668;128.603;4.6313;56.8743;0.9457;0.8748;-15.2428;-69.1638;16.2147
1946;63.347;5.5171;122.719;3.9286;46.8515;1.0582;0.653;-18.9145;-79.4301;24.3074
1947;76.7878;4.4448;147.4618;5.6355;70.2434;1.3166;1.0051;-22.4637;-74.5532;19.6489
1948;69.4733;7.2373;110.1064;5.5766;70.3868;0.8;0.9964;-10.9281;-58.4836;12.0434
1949;90.2689;2.9465;98.8996;4.9221;62.3708;0.9263;1.616;-10.0693;-41.8468;8.598
1950;69.0749;3.5849;133.1497;7.1757;65.8805;1.1924;1.1771;-18.1624;-67.0928;15.1942
1951;38.0854;6.1546;119.092;6.5902;60.6657;1.6386;0.8464;-30.2304;-82.7828;29.0408
1952;92.7146;4.1921;175.2818;6.1028;52.2232;0.8;0.8792;-12.0825;-63.3686;13.6495
1953;53.6968;7.2857;127.0839;8.4495;51.1041;0.9768;0.6225;-17.3276;-78.7589;23.5393
1954;58.2322;3.4072;103.9133;4.3803;74.9598;1.1339;1.5802;-14.6783;-53.5453;10.7632
1955;59.2781;3.5239;74.563;3.9028;47.2811;1.1832;1.4361;-16.7749;-59.5422;12.3586
1956;94.7399;7.2799;86.4824;5.8905;59.1631;1.5671;1.1075;-27.5858;-76.4418;21.224
1957;31.5579;4.0318;69.8382;4.221;46.1481;0.8789;1.2846;-10.5965;-51.2837;10.2635
1958;126.4795;4.3275;94.7654;4.6179;74.0534;0.9541;2.0471;-7.586;-28.478;6.9909
1959;89.009;3.3388;126.0511;3.1211;62.9736;0.8;1.3877;-9.4219;-42.1791;8.6474
1960;74.0183;3.0645;99.9083;5.51;44.4567;1.026;1.0595;-15.9842;-65.5761;14.5248
1961;69.0119;5.2168;129.1018;2.3935;47.9099;1.1076;0.6551;-20.1197;-80.2839;25.36
1962;75.14;2.1871;108.8057;4.4553;58.6442;1.5195;1.693;-22.6157;-62.8618;13.4632
1963;79.3802;7.1666;90.4138;4.577;55.0715;1.4061;1.0463;-24.0523;-75.1963;20.1582
1964;81.6139;6.1682;102.2148;3.9459;76.2512;1.3542;1.4459;-20.0633;-64.4112;14.0494
1965;80.0009;2.6284;112.5271;1.9642;71.0592;0.8702;1.5536;-9.1019;-40.4889;8.4018
1966;71.6125;5.4892;103.5419;1.9531;79.5403;1.089;1.269;-15.7616;-61.1582;12.8727
1967;66.4479;4.8595;103.839;3.4807;73.2875;1.0809;1.3024;-15.7126;-59.8387;12.4498
1968;67.2771;2.5935;82.509;5.4086;62.275;1.0979;2.4106;-8.9996;-26.8141;6.8319
1969;66.4917;3.0479;89.7409;5.0334;31.7399;0.9915;0.9662;-15.5787;-67.518;15.3931
1970;90.4079;3.7308;175.8771;4.5753;39.8071;1.2538;0.5575;-23.7756;-85.1794;33.7369
1971;80.684;5.5278;135.95;3.2731;54.8178;0.9313;0.7319;-15.6515;-73.8042;19.087
1972;30.0;5.0985;69.1799;5.1117;49.9505;1.0681;1.3014;-14.6695;-59.3852;12.3108
1973;81.8062;4.4227;60.0;1.9015;52.8265;1.3373;2.0312;-16.5228;-49.3711;9.8758
1974;73.5053;6.0756;101.9231;1.0052;55.6913;1.5384;0.8727;-27.8583;-81.0913;26.4428
1975;69.6632;5.9879;125.0281;4.2354;41.2457;0.8473;0.6011;-14.6668;-76.3525;21.1439
1976;63.0067;4.9589;87.8108;3.7809;60.413;1.1164;1.3861;-15.9466;-58.6152;12.0817
1977;90.234;6.2363;129.0997;6.1198;91.0157;1.0951;1.3417;-15.5426;-59.161;12.2432
1978;87.0555;3.3463;101.5025;4.837;54.7918;1.2763;1.5889;-17.9801;-58.5017;12.0487
1979;56.0882;7.1899;96.0054;7.0761;84.6213;1.3864;1.3387;-22.1777;-67.8132;15.5343
1980;77.3269;4.9395;120.8076;3.7777;43.0476;0.9355;0.6845;-16.2059;-75.6085;20.4989
1981;52.5102;6.563;87.5492;5.3302;57.1745;0.985;0.9567;-15.4575;-67.6255;15.4442
1982;45.1669;4.5071;93.0832;4.2216;59.2595;1.0148;1.4956;-12.1501;-50.8718;10.1775
1983;58.7191;2.7777;118.2395;6.6726;74.0151;1.1005;1.648;-13.5257;-50.082;10.0164
1984;85.5231;4.4837;99.2182;4.2939;44.7173;1.1798;0.996;-19.4697;-71.8613;17.7691
1985;87.1563;3.5331;161.1546;5.8816;52.9746;0.9277;0.816;-15.1169;-70.6781;17.0521
1986;79.2355;5.5149;118.9409;2.9836;60.8969;1.4498;0.8971;-25.6983;-79.374;24.2412
1987;83.0517;4.0958;117.0234;3.9772;65.1519;0.8;1.3208;-9.2165;-44.968;9.0856
1988;79.2912;6.6987;98.77;4.4739;45.3542;0.8;0.7704;-12.7332;-67.8993;15.576
1989;58.4533;5.3731;124.4444;6.4951;60.1307;1.1292;0.9381;-18.6754;-72.3098;18.0569
1990;77.7746;5.4198;92.2515;1.3042;59.7188;0.9677;1.0524;-14.6025;-63.7494;13.7929
1991;84.4074;2.771;107.3146;4.101;31.2196;0.893;0.8389;-14.1007;-68.6863;15.9675
1992;83.5772;8.9766;79.527;4.0503;37.9295;1.2115;0.5798;-22.8169;-84.0474;31.3429
1993;91.4004;6.7552;129.6749;1.4845;40.2783;1.1765;0.5018;-22.7048;-85.782;35.1667
1994;82.7495;6.2542;107.5355;3.9039;75.1369;1.2838;1.2078;-20.3238;-68.6404;15.9441
1995;76.3261;3.3261;164.1529;2.289;73.8642;0.8129;1.2953;-9.3023;-46.8857;9.4137
1996;89.2627;4.443;181.8614;1.104;67.2458;1.1765;0.6982;-21.3867;-80.2177;25.2751
1997;69.5226;2.3045;121.0254;4.2065;63.1464;1.174;1.3691;-16.9433;-61.1278;12.8627
1998;54.1263;4.46;101.7253;4.1558;60.8253;0.8175;1.1589;-10.3772;-52.7467;10.5813
1999;67.0648;2.3614;78.9373;4.2326;67.5703;1.0079;2.2426;-7.574;-25.8315;6.7414
2000;56.5918;4.5481;125.3811;4.9793;41.6444;1.2138;0.7677;-21.6964;-78.9163;23.7151
2001;57.8468;5.1668;105.3978;3.2809;41.856;1.3079;0.7169;-24.0369;-81.7294;27.3663
2002;67.3987;3.632;114.3975;7.2863;27.0786;0.9711;0.5318;-17.9839;-81.7454;27.3903
2003;55.7364;4.2253;154.1024;4.5501;41.3158;0.8027;0.5259;-14.2541;-78.1596;22.8934
2004;64.4567;7.1244;81.3747;6.5296;20.2584;1.3586;0.3876;-27.2768;-90.4889;50.0
2005;35.9149;2.1057;79.3679;2.0802;69.5359;1.008;1.9293;-9.893;-36.2003;7.837
2006;73.8393;6.2785;94.2606;3.3482;58.7817;0.8;1.1766;-10.1867;-50.9744;10.1987
2007;70.0217;2.5138;122.7894;5.6295;68.0182;0.9532;1.7553;-9.7638;-38.619;8.1458
2008;55.2924;1.4337;114.8799;4.2602;64.8948;1.2543;1.9727;-15.7139;-47.5742;9.5373
2009;81.8664;2.5994;79.9377;2.9902;69.7533;0.8;2.1183;-4.3654;-11.7368;5.6649
2010;86.8763;6.0472;120.8208;1.8421;61.9026;1.0237;0.9106;-16.3468;-70.349;16.8628
2011;41.0639;3.7104;74.0594;5.6998;74.5506;0.9366;1.919;-8.3195;-31.7053;7.3212
2012;56.271;7.0884;81.1042;5.5774;42.2827;0.9925;0.891;-16.1014;-70.0756;16.7088
2013;56.1554;4.378;97.1548;4.965;57.783;0.9164;1.1856;-12.5497;-56.8768;11.5947
2014;53.0817;1.2269;87.0787;3.8561;64.5608;1.1059;2.4459;-9.197;-26.2741;6.7819
2015;84.9305;5.6597;124.9152;2.9304;74.6718;0.9565;1.0781;-13.9936;-62.4256;13.3069
2016;66.5111;2.118;107.422;4.5205;63.6875;1.1404;1.781;-13.7151;-47.9427;9.6048
2017;65.2387;6.2575;155.4867;2.627;49.6699;0.9291;0.4616;-17.4566;-83.4394;30.1922
2018;33.9305;2.4981;94.0074;3.4726;54.7353;1.2507;1.212;-19.334;-67.6993;15.4795
2019;81.4375;3.4024;96.9911;6.4919;58.6891;1.0026;1.4942;-12.2078;-50.3224;10.0649
2020;47.6933;6.0156;135.3367;1.8237;67.0615;0.8;0.8105;-12.6861;-66.2295;14.8058
2021;71.0788;8.2554;97.7526;5.6163;43.8984;0.8426;0.5878;-14.6503;-76.7487;21.5042
2022;74.9928;3.5347;145.2812;6.8413;69.7563;0.8;1.1657;-10.3436;-51.4299;10.2944
2023;94.4919;6.6318;114.4774;5.8244;70.9651;0.8024;1.2209;-10.1174;-49.2795;9.8579
2024;46.4412;2.6287;60.0;5.1973;58.8914;0.8;2.5008;-1.1155;4.2008;4.7984
2025;30.0;6.4191;134.2311;3.9046;59.2987;0.8048;0.8263;-12.2296;-65.7734;14.6085
2026;73.3093;5.2275;125.6314;3.6312;45.0746;0.9989;0.7687;-16.9718;-74.3487;19.4922
2027;102.4092;2.6395;126.8498;1.2278;67.3083;1.1592;1.526;-15.5095;-56.1171;11.394
2028;92.301;3.1895;62.0181;4.6555;50.4539;0.8;1.9736;-5.2445;-17.768;6.0804
2029;73.7739;2.2691;84.726;3.9966;71.3135;0.8514;2.6109;-2.49;2.2263;4.8911
2030;61.1505;3.5943;86.3142;3.5529;72.527;1.1742;1.8443;-14.1319;-47.6461;9.5504
2031;84.5282;2.6992;81.0357;4.5699;60.0173;0.9689;2.2248;-7.1692;-23.4588;6.5324
2032;52.4762;5.1344;154.5706;4.6936;38.6028;0.8;0.4225;-14.851;-82.3958;28.4022
2033;78.5744;9.3955;99.7062;3.6467;45.3986;1.0076;0.546;-18.6882;-81.9371;27.681
2034;79.0985;1.0341;99.0901;7.0196;53.5541;1.0751;2.1499;-10.5495;-33.3434;7.5011
2035;89.0838;4.4747;114.7978;5.6959;51.2692;1.0649;0.9825;-17.1238;-69.2461;16.2581
2036;119.6739;4.6754;115.2952;5.9444;50.4607;1.567;1.0008;-27.7284;-78.7118;23.4872
2037;77.0635;7.6115;60.0;4.445;90.2389;0.8602;3.1067;0.8173;20.3932;4.1531
2038;60.8387;4.2685;85.079;5.3669;51.2233;1.2461;1.2906;-19.2705;-65.4776;14.4834
2039;69.5397;4.4915;70.2439;3.2564;85.0483;0.9951;2.8735;-4.3442;-3.7468;5.1946
2040;38.1566;4.0725;110.5255;5.5994;57.2892;1.0982;1.0756;-17.4474;-67.3536;15.3156
2041;57.4952;3.0273;93.0323;4.2934;78.3474;0.8778;1.9208;-7.0416;-27.0641;6.8553
2042;62.6329;1.6536;100.3854;3.067;56.8962;0.8741;1.5558;-9.3874;-40.6684;8.4272
2043;60.5664;3.7291;60.0;4.5658;53.4078;0.8;2.2715;-3.457;-5.356;5.283
2044;72.7424;1.6176;92.5461;4.1619;65.0585;0.8;2.0107;-5.45;-16.2215;5.9681
2045;55.1964;4.5326;132.152;8.0846;52.5931;1.1437;0.9049;-19.1346;-73.6265;18.9584
2046;90.1786;3.2129;142.2424;5.2531;57.6907;0.8983;1.1434;-12.5351;-57.5708;11.7843
2047;70.0037;4.4308;119.6877;6.9696;54.4551;1.6637;1.0264;-29.7463;-79.4343;24.3123
2048;69.8326;2.2859;71.615;6.2969;40.6512;0.9096;1.7084;-9.5428;-37.3955;7.9867
2049;64.0979;7.8834;137.0054;4.6567;62.7778;1.144;0.6579;-20.8254;-80.8317;26.0847
2050;72.7934;7.3515;119.8416;3.9344;56.5232;1.0111;0.747;-17.4086;-75.3741;20.3038
2051;84.8518;2.6242;97.1128;1.9897;43.663;0.8;1.1512;-10.038;-52.0321;10.4236
2052;54.3917;3.3924;60.2746;3.2936;60.8588;0.8;2.0964;-4.1296;-12.6512;5.7242
2053;58.1539;4.9302;126.9215;5.5941;43.6743;0.8;0.6636;-13.5596;-72.3494;18.0828
2054;64.5329;2.0075;86.2395;4.1468;31.7949;1.3415;0.9482;-23.4371;-76.4399;21.2224
2055;45.7743;3.4486;109.0397;5.1637;82.7067;1.2965;1.6537;-17.98;-57.4851;11.7606
2056;55.2534;2.9421;101.7245;1.5546;43.2855;1.4704;0.8389;-27.0496;-80.9834;26.2928
2057;61.428;7.6297;146.9025;5.2803;76.6779;0.8;0.9585;-11.7383;-60.0629;12.5197
2058;85.739;6.8682;96.9144;6.2447;66.5385;0.8;1.1292;-10.3642;-52.9516;10.6274
2059;74.7261;4.7141;99.6229;1.9364;68.832;1.1286;1.3582;-15.8926;-59.8832;12.4636
2060;73.4846;4.3523;148.387;5.1573;49.1045;0.8577;0.6908;-14.3572;-73.1545;18.6251
2061;85.3162;7.8537;84.8271;6.6153;65.6179;1.149;1.3509;-16.4951;-60.807;12.7574
2062;67.5273;7.8802;122.5784;7.1201;44.6609;0.9148;0.6597;-15.8323;-75.9626;20.8009
2063;77.0284;8.5719;95.1559;3.8448;76.902;0.8962;1.0563;-12.9878;-60.7137;12.7271
2064;68.142;2.2256;77.8306;5.7699;48.4628;0.8;1.6488;-7.967;-31.299;7.2779
2065;74.7765;2.4528;100.029;6.7447;61.0919;0.8911;1.6481;-8.758;-38.3473;8.1099
2066;59.5103;5.3635;118.8778;5.2021;40.0054;1.077;0.5861;-19.6601;-81.8594;27.5625
2067;30.0;4.4778;140.274;6.5276;62.992;0.8207;0.844;-12.5102;-65.72;14.5858
2068;67.583;1.1622;144.5815;4.5462;55.1043;1.0138;1.0979;-14.7847;-63.9037;13.8518
2069;95.6095;1.7132;92.8959;5.1915;61.8416;0.8111;2.0306;-4.1825;-16.5523;5.9918
2070;86.6719;7.2719;78.1287;3.6676;64.0218;0.8565;1.3679;-9.7397;-46.7663;9.3925
2071;87.3772;7.047;92.3407;4.3531;33.1059;0.8685;0.5794;-15.4459;-77.7603;22.4823
2072;92.2504;3.4623;74.4247;5.2506;64.6115;1.0974;2.0718;-10.3805;-37.0671;7.945
2073;71.5958;7.3083;94.7104;3.5551;85.0262;1.1873;1.2949;-17.3325;-63.6454;13.7534
2074;73.5517;4.8019;91.813;4.2646;52.9829;1.4443;1.4023;-22.4731;-67.6369;15.4497
2075;58.8823;6.4073;119.9461;5.7413;74.2793;1.1687;1.0973;-18.703;-68.7005;15.9747
2076;64.3107;3.8294;60.0;7.6788;70.0031;1.0755;2.684;-6.3578;-16.8111;6.0104
2077;81.0839;2.1411;83.2433;1.5258;67.0971;1.4262;2.0401;-18.1796;-52.3158;10.4856
2078;91.6699;3.8635;83.4119;7.5649;55.6655;1.0564;1.9;-10.9139;-40.0516;8.3405
2079;67.49;3.9925;134.5522;4.2102;72.5905;1.1307;1.226;-16.6486;-63.8585;13.8345
2080;61.8966;4.5354;75.6948;6.0473;71.8793;1.2108;1.8133;-14.7041;-50.0795;10.0159
2081;70.0095;2.0835;105.8301;6.3416;78.2737;1.0354;2.1185;-8.9533;-31.7937;7.3307
2082;80.8217;9.2438;96.8475;6.9467;75.9954;0.9865;1.1632;-14.3781;-60.6962;12.7214
2083;44.0106;2.908;129.7917;3.5081;86.1472;0.9672;1.6004;-10.702;-44.8461;9.0655
2084;30.0;2.6715;116.0624;4.2621;76.3118;0.8918;1.555;-10.0308;-41.8764;8.6024
2085;60.0903;4.3904;103.0775;4.5196;54.6223;0.9055;1.0202;-13.5006;-62.4461;13.3142
2086;48.0272;4.4524;87.0518;4.0638;77.4978;1.2366;1.7078;-15.7257;-53.968;10.862
2087;60.8535;3.8966;62.9339;6.5781;68.6881;0.803;2.6061;-1.3903;8.1789;4.622
2088;67.34;6.1052;106.3719;4.4848;65.7652;1.0279;1.1276;-15.3677;-63.4357;13.6745
2089;61.8415;4.3306;114.1819;2.1722;47.5473;0.9953;0.7438;-17.2539;-75.0893;20.0717
2090;96.1444;4.9054;67.4545;3.6505;58.2276;0.8;1.9587;-4.8481;-18.386;6.1264
2091;75.8814;5.7139;73.4604;2.2324;66.814;1.1825;1.5366;-16.3685;-56.6849;11.5433
2092;75.4085;1.2709;106.5115;4.2575;83.9443;0.8;3.0595;1.2242;27.4773;3.9223
2093;81.1997;4.6566;108.8483;5.6088;69.1346;0.8615;1.776;-7.0288;-31.2841;7.2763
2094;49.501;7.2249;78.0624;3.6183;65.1861;0.983;1.0771;-14.9796;-63.4762;13.6897
2095;88.704;1.1426;86.6307;3.9955;47.6329;1.3472;1.7132;-18.3903;-57.6084;11.7948
2096;68.6362;3.7107;63.1838;4.1879;68.9933;1.1098;2.6669;-7.7501;-19.8973;6.242
2097;82.0687;7.7851;141.1024;4.8111;75.2854;1.0642;0.7262;-18.6268;-77.2516;21.9796
2098;50.7066;3.4414;72.255;5.3741;65.5472;1.3104;2.3512;-13.7564;-40.1915;8.36
2099;42.0323;4.0005;114.5183;5.8109;44.1012;0.9485;0.8687;-15.1021;-69.4733;16.3791
2100;84.722;8.8921;99.1298;7.9833;39.2887;1.4913;0.5534;-28.9918;-87.6308;40.423
2101;76.7754;2.6758;138.0435;4.7852;40.7535;1.106;0.7976;-19.1978;-75.962;20.8004
2102;53.7631;1.7449;82.0318;5.7037;40.8603;1.0271;1.9234;-10.906;-37.5748;8.0096
2103;54.3461;6.9425;101.5431;2.2187;71.325;0.8;1.264;-9.214;-47.3332;9.4936
2104;90.2578;7.0425;65.4027;4.0312;50.481;1.2155;1.2828;-18.335;-64.8233;14.214
2105;48.5906;4.0749;61.5924;4.1944;29.1544;1.1135;1.1185;-17.3373;-66.5167;14.9328
2106;99.5681;4.3162;116.077;3.074;40.0864;0.9565;0.7712;-16.062;-73.1237;18.6037
2107;53.7888;6.6956;64.002;3.796;67.3273;0.9039;1.4551;-10.7471;-46.3434;9.3185
2108;81.4911;5.8304;94.4543;4.4388;58.4969;1.4958;1.1493;-25.6968;-74.3889;19.5228
2109;64.0849;3.0095;128.7656;3.843;66.4996;0.8527;1.2898;-10.0638;-49.5784;9.9164
2110;80.8574;1.1334;120.5231;8.5028;77.8785;1.0723;2.3862;-8.1564;-25.8191;6.7403
2111;60.2059;4.1178;84.6922;5.3684;69.336;1.007;1.6528;-11.9586;-45.2857;9.1384
2112;67.0697;6.9369;67.2249;7.6015;59.9315;1.1476;1.8947;-13.0891;-44.9676;9.0856
2113;70.7365;7.3681;113.5841;6.839;61.1136;0.8;0.9547;-11.2422;-60.2209;12.5694
2114;51.9606;8.2938;139.8729;3.6411;22.3226;1.144;0.1992;-23.6512;-94.1945;50.0
2115;83.3348;7.17;84.7419;4.6563;71.5676;1.3771;1.2176;-22.4026;-70.5264;16.9643
2116;60.7622;4.7154;81.8053;3.9478;55.2238;0.8;1.6806;-6.7758;-29.9735;7.1402
2117;65.8852;3.9227;87.702;4.3573;62.7555;0.8272;1.6149;-8.6353;-34.9269;7.6837
2118;52.1017;6.1306;115.3617;3.1353;74.9067;1.1197;0.9482;-18.4499;-71.7728;17.7134
2119;30.0;5.8404;135.9517;3.9377;60.1587;0.9736;0.6585;-17.0058;-77.4544;22.1773
2120;66.5615;4.458;73.3519;5.1393;61.0237;1.1456;1.6423;-15.1149;-52.2141;10.4633
2121;113.4271;1.9401;68.7585;5.0997;62.3272;1.1605;2.8949;-7.1257;-16.8503;6.0133
2122;84.1229;7.7829;179.4989;4.9801;53.3463;1.0461;0.4652;-19.9744;-85.1772;33.7319
2123;69.6533;3.9832;95.6638;4.5105;68.4998;1.4227;1.4952;-22.2367;-64.9688;14.273
2124;65.268;3.4932;106.5265;5.8911;38.8329;1.1624;0.851;-20.2781;-75.5979;20.4901
2125;70.4044;5.0368;84.1152;4.2144;53.4471;0.8;1.2;-10.0207;-49.9989;9.9998
2126;79.8481;5.3428;113.0308;6.6873;48.5027;1.1505;1.0467;-18.6891;-69.672;16.4864
2127;48.7454;2.7369;127.1268;1.8286;68.7092;0.9935;1.4791;-12.8081;-50.3747;10.0755
2128;90.0578;6.707;107.7829;5.5852;52.6505;1.1157;0.8053;-19.1315;-75.94;20.7814
2129;82.8769;3.1284;154.5295;5.3326;56.1119;1.2632;0.8812;-21.7938;-76.7451;21.5009
2130;82.9273;2.6056;92.1561;3.5882;70.9059;1.3814;2.235;-17.0444;-46.0688;9.2711
2131;77.8926;3.7171;93.6392;4.0672;67.1107;1.017;1.7643;-10.6752;-42.1718;8.6463
2132;70.3531;5.7671;105.9558;5.2972;49.0642;1.1826;0.875;-20.7152;-75.3353;20.2719
2133;82.1115;8.4844;112.3266;5.9739;78.1534;0.8057;1.3084;-9.1889;-45.8691;9.2369
2134;80.6527;6.4387;105.8642;1.9758;44.0212;0.9114;0.7801;-14.8473;-71.4697;17.5252
2135;63.6273;8.0083;72.5348;5.5424;42.4207;0.8936;0.8108;-14.5402;-69.7526;16.5303
2136;59.6752;2.3274;108.1262;3.9135;77.2737;1.2298;2.0372;-13.389;-44.782;9.055
2137;71.8334;1.8002;91.0698;6.2879;53.0093;1.4126;1.8602;-20.1322;-56.1059;11.3911
2138;97.8824;4.5767;86.4811;1.8411;68.7494;1.8924;2.095;-28.9715;-63.0983;13.5495
2139;47.6961;3.1301;100.8154;8.2679;33.9207;1.188;0.8038;-21.1274;-77.447;22.17
2140;43.5845;6.6185;78.6328;3.2708;76.6482;1.2521;1.473;-17.6212;-60.7876;12.7511
2141;72.9657;5.3296;75.2881;6.7449;58.2311;0.8;1.6224;-7.7117;-32.3979;7.3962
2142;70.916;8.6048;60.0;4.4962;56.0865;0.8;1.2805;-9.7365;-46.6471;9.3716
2143;73.1201;2.9599;154.7761;3.372;54.4016;0.8405;0.823;-13.2032;-67.3619;15.3195
2144;74.3912;4.1523;114.9047;4.9977;55.1751;0.8;1.1015;-10.7361;-54.1048;10.8944
2145;65.9824;4.2409;97.1231;6.1437;61.419;1.1078;1.4004;-15.5632;-57.8613;11.8656
2146;96.8175;2.8834;84.6364;2.2709;66.4604;1.4151;2.4522;-14.8921;-42.2373;8.6561
2147;41.1837;4.779;60.0;5.6524;63.5528;1.0024;2.2004;-7.8789;-26.8286;6.8333
2148;55.0871;3.9155;83.3491;4.5817;79.1547;0.8771;2.1039;-5.8177;-20.0438;6.2534
2149;68.1414;3.9343;119.5981;5.4656;56.8573;1.063;1.1953;-15.3241;-62.5168;13.3393
2150;40.4226;3.4902;126.5597;4.6165;26.9524;0.866;0.4666;-16.0374;-82.0422;27.843
2151;66.8346;1.1341;117.4183;3.7422;68.7302;0.8971;1.8824;-8.205;-30.0528;7.1482
2152;99.9065;4.3626;104.0392;2.9303;73.628;0.9618;1.6159;-11.0007;-43.9932;8.9275
2153;70.376;3.3512;138.5372;5.609;77.325;1.0807;1.3469;-15.647;-58.4568;12.0357
2154;74.1526;0.6771;92.1148;5.6009;73.7132;0.8;2.5181;-1.8495;4.921;4.7655
2155;47.317;3.2161;131.1665;5.5934;63.2764;0.8;1.0924;-10.6081;-54.4818;10.9846
2156;58.9055;3.0739;90.8332;5.2414;86.723;0.8421;2.2932;-3.7383;-9.2232;5.508
2157;63.2465;3.649;80.229;6.017;77.6209;1.1101;2.1447;-10.8951;-35.6019;7.7642
2158;64.2811;2.2696;77.7689;6.7091;52.1137;0.8;2.0247;-3.9347;-15.6388;5.9269
2159;93.0696;4.2782;76.6344;1.7854;92.2933;1.4432;2.6295;-15.9482;-39.2664;8.2327
2160;80.0384;5.4775;117.9118;1.0873;53.7905;1.1858;0.856;-20.5683;-75.9381;20.7797
2161;49.9938;5.0409;83.0534;7.1769;77.733;1.1432;1.6861;-14.7606;-50.8394;10.1707
2162;74.4371;6.3875;77.2397;2.5884;33.9468;1.1865;0.6833;-21.7581;-80.8047;26.0481
2163;78.968;3.9633;119.5344;2.9706;43.5104;1.089;0.7653;-19.0728;-76.5752;21.3449
2164;90.5227;4.3449;108.5448;4.1686;59.4676;1.1067;1.2317;-16.1632;-62.9006;13.4773
2165;98.4497;6.4492;127.2073;2.119;38.7756;1.282;0.5672;-24.1751;-85.252;33.9029
2166;51.7283;3.8309;113.6723;4.0276;53.2951;1.2214;0.9733;-20.9753;-73.4372;18.8233
2167;55.4046;5.5454;82.8384;3.1778;49.379;1.0619;1.0092;-16.8418;-68.3225;15.7841
2168;47.3636;3.8682;101.9208;4.25;39.9019;1.4692;0.793;-27.0205;-82.0088;27.7913
2169;65.7876;3.7774;103.1778;5.0198;55.5187;1.0156;1.2715;-14.1159;-58.2697;11.9817
2170;78.3945;6.0067;79.4701;4.0847;72.6125;0.913;1.6197;-9.6121;-40.8679;8.4556
2171;87.772;2.5377;75.8694;4.0089;71.0019;0.8;2.4222;-2.2638;0.924;4.9542
2172;68.6329;3.368;84.3513;4.987;79.1405;0.8655;2.4836;-3.2764;-4.3458;5.2272
2173;64.2427;2.8074;166.3869;6.1664;63.889;1.2718;0.9691;-21.691;-74.6023;19.6868
2174;72.7316;3.4717;90.1959;7.0044;67.3939;0.9932;1.9219;-9.5248;-35.4998;7.7519
2175;54.9674;2.8391;136.0996;4.2722;51.816;1.1006;1.0376;-17.6922;-68.5752;15.911
2176;107.6117;4.7114;88.9438;7.3373;85.8301;1.0163;2.5926;-6.3056;-14.964;5.8799
2177;41.0621;6.3364;124.8833;5.9151;79.2214;0.8;0.9582;-11.3398;-60.0742;12.5232
2178;73.3253;6.233;125.3103;2.752;58.218;0.944;0.7785;-15.7431;-72.513;18.1904
2179;106.4249;3.4992;126.8897;2.7082;57.3795;0.8464;1.1724;-10.8345;-53.8246;10.8283
2180;70.1224;9.1355;110.1813;3.7341;91.6738;0.9167;0.9301;-14.2841;-66.1798;14.7841
2181;66.5793;4.803;141.1061;6.7669;53.8782;0.8373;0.791;-13.58;-68.5132;15.8797
2182;63.566;3.6802;109.9206;3.8479;34.9467;1.1012;0.6847;-19.8516;-79.2753;24.1258
2183;66.7529;6.6929;153.4773;1.7615;54.245;1.1764;0.4682;-22.7174;-86.7334;37.6887
2184;94.7113;5.7617;66.699;4.2567;67.6597;1.007;1.8533;-9.9852;-38.6534;8.1504
2185;30.1865;5.9167;109.0975;1.6291;57.0012;0.8;0.7236;-13.0161;-69.8517;16.5847
2186;97.6018;2.6583;107.34;3.0175;32.9092;0.8;1.0281;-10.8815;-57.1609;11.6716
2187;44.3688;4.0539;79.1259;3.7195;52.2212;1.1379;1.3768;-16.1994;-59.6675;12.397
2188;65.2003;6.9688;115.5919;4.8245;41.2992;0.8598;0.5545;-15.3646;-78.5033;23.2594
2189;62.2736;4.2571;68.8995;6.1362;71.6007;0.8599;2.2151;-4.5128;-14.1371;5.8232
2190;80.594;5.4119;84.9127;5.6412;62.1446;1.0139;1.4488;-13.0668;-52.3694;10.4975
2191;41.2338;4.7653;60.6669;2.831;43.2412;0.8544;1.1533;-11.1631;-55.0025;11.1117
2192;78.3191;6.7622;147.6474;4.0424;73.9452;0.8;1.1331;-10.2736;-52.7863;10.5902
2193;106.4376;3.1024;94.3756;4.7146;75.6432;0.8312;2.4966;-2.2577;0.1193;4.994
2194;45.4629;4.6867;171.8963;4.2067;65.909;0.9224;0.6567;-16.1684;-76.2678;21.0684
2195;73.4147;2.2108;122.2304;4.1961;75.5812;0.895;1.6152;-9.4706;-39.8399;8.3112
2196;58.0843;5.4612;111.854;2.0159;83.4222;1.1505;1.2943;-16.8091;-62.5017;13.3339
2197;77.666;5.7781;86.3677;2.8709;55.614;1.0179;1.5822;-12.1548;-48.1873;9.6501
2198;70.3447;1.5087;76.9829;3.9956;48.7113;1.0036;1.9237;-10.2393;-36.1073;7.8256
2199;58.4532;5.3567;113.9675;-0.0398;50.3868;1.2603;0.8847;-21.6632;-76.6005;21.368
2200;78.7817;3.7612;98.228;5.561;80.8172;0.8;1.9945;-4.6238;-16.8944;6.0164
2201;102.4783;2.2168;71.5469;2.541;54.081;1.3674;2.1626;-15.815;-47.2827;9.4845
2202;66.5637;3.789;68.4399;5.6303;79.7801;1.3914;3.4123;-9.0887;-18.2518;6.1163
2203;82.9556;2.6478;78.6883;5.4984;44.8497;0.9771;1.4748;-12.1116;-49.6884;9.9381
2204;46.7211;3.7658;157.6555;3.7845;43.6166;0.9244;0.5942;-16.4226;-78.5743;23.3365
2205;52.7841;3.6014;173.9016;6.1008;75.752;1.3081;0.9799;-22.3761;-75.0301;20.0241
2206;78.5033;5.829;105.2583;5.7148;67.3043;0.9486;1.1003;-13.4953;-61.3343;12.9314
2207;96.7141;6.1251;103.7938;4.1366;57.0809;1.0732;1.0415;-16.685;-67.6522;15.457
2208;76.401;4.888;91.9358;3.9674;32.7504;1.0572;0.9565;-17.1811;-69.8421;16.5794
2209;64.365;1.234;79.1662;6.2458;56.7467;1.1028;2.1578;-9.8918;-34.778;7.6661
2210;69.9872;7.8583;141.0289;4.948;48.287;0.8025;0.6895;-13.1473;-71.3626;17.4597
2211;47.4927;5.4321;159.7427;6.167;29.0517;1.0919;0.3744;-21.5439;-88.5699;43.7442
2212;80.8813;1.4012;79.9831;1.0165;59.258;0.8383;2.2096;-4.5373;-12.1351;5.6906
2213;85.882;6.529;97.9503;4.7477;45.8237;0.8871;0.8581;-13.8531;-67.7552;15.5064
2214;61.8624;2.6809;89.3627;2.2339;71.0416;1.2041;1.7048;-15.832;-52.804;10.5941
2215;61.5392;4.7102;90.0271;4.5613;75.7005;0.9042;1.882;-7.6539;-30.6204;7.2067
2216;74.7858;4.0444;134.5112;5.6707;64.6738;0.8802;1.0708;-12.5018;-59.4479;12.3298
2217;62.139;3.7887;72.037;7.2087;64.5117;1.0416;2.1555;-8.8724;-31.0206;7.2485
2218;68.8096;7.2919;112.3689;3.1927;53.3563;1.3091;0.8532;-22.9478;-78.2754;23.0154
2219;107.795;3.8832;119.9686;3.8114;62.4057;1.6177;1.2605;-27.3547;-74.0258;19.2499
2220;65.5535;1.8377;96.5086;4.4567;51.4892;1.2567;1.9109;-15.9096;-49.3142;9.8647
2221;63.5499;8.1162;125.0154;3.1382;55.9073;1.2534;0.572;-23.887;-84.7888;32.8706
2222;58.3442;7.7012;103.7603;6.0678;53.0377;0.9952;0.7458;-17.146;-75.0194;20.0155
2223;83.3955;5.419;135.5652;4.4949;46.3229;1.6685;0.7965;-31.5168;-84.0862;31.4192
2224;66.738;4.0515;68.3484;4.7829;51.2436;1.0405;1.4979;-13.5423;-52.0138;10.4197
2225;58.3113;1.9851;91.6499;5.5303;53.2471;0.9929;1.6969;-10.9543;-43.0333;8.7771
2226;93.7835;6.2697;98.2207;4.4924;11.5086;1.0795;0.2081;-22.1889;-93.5745;50.0
2227;95.5529;1.8389;60.0;3.3737;34.5277;1.0543;1.6764;-12.5489;-46.9977;9.4336
2228;59.1924;1.7764;76.2244;4.5055;73.2065;0.8;2.6365;-1.4358;9.854;4.5515
2229;36.4023;4.4535;81.5952;3.3157;27.9108;0.8699;0.5469;-15.6422;-79.0435;23.8589
2230;88.1352;2.4501;126.7506;4.762;22.3099;1.0791;0.4952;-20.457;-84.704;32.6884
2231;57.6767;0.9285;83.8022;6.0954;41.8578;0.854;1.4509;-9.6352;-43.3669;8.8288
2232;84.2313;3.8062;81.5039;2.8375;61.6746;1.1383;2.0079;-11.6721;-41.2019;8.5037
2233;34.5381;2.3052;122.6754;2.3014;59.1059;1.0072;1.0676;-15.6194;-64.6687;14.1517
2234;86.0668;2.4525;66.7325;4.6739;75.3827;1.206;4.0645;-0.7422;12.3378;4.4509
2235;48.1989;1.8515;60.0;3.4483;80.6265;0.9756;3.1965;0.0577;9.2191;4.578
2236;83.1538;2.707;91.3567;4.6476;64.6265;1.1011;2.4041;-8.8851;-27.222;6.8702
2237;70.2569;5.6503;69.6333;5.0806;69.973;0.8;1.9155;-5.4775;-20.1879;6.2647
2238;52.8291;6.4354;70.2985;1.3845;54.8955;0.8;0.9805;-11.4124;-59.1453;12.2385
2239;62.6733;3.9662;115.4143;5.6348;82.5333;0.8516;1.5828;-8.6326;-38.0452;8.0704
2240;82.3537;4.2716;124.4823;2.8455;81.8783;1.0642;1.4025;-14.2565;-56.0671;11.381
2241;71.9061;1.3807;121.8007;4.5665;57.9653;0.8554;1.8001;-7.1819;-29.8499;7.1276
2242;80.5194;1.7831;131.9423;3.6109;37.3669;1.1567;0.9452;-19.3073;-72.7635;18.3577
2243;105.5759;2.9733;136.3812;3.7721;49.5614;1.0804;1.0903;-16.6921;-66.3606;14.8635
2244;41.8437;4.4927;60.0;7.1409;66.1861;0.9123;2.1669;-7.2035;-20.8295;6.3155
2245;99.1098;5.8383;111.9188;5.0789;62.558;1.0458;1.3409;-14.3179;-57.2608;11.6989
2246;71.8784;4.8748;87.5989;5.957;61.0293;0.915;1.3832;-11.073;-49.6114;9.9229
2247;53.8219;3.6421;82.9563;4.8264;64.0218;1.065;1.5672;-13.757;-50.9495;10.1936
2248;46.0544;2.1764;115.0393;5.53;37.302;0.903;0.8523;-14.354;-68.536;15.8912
2249;66.5958;6.1818;64.8837;5.2261;57.7082;1.0825;1.5366;-14.2684;-52.6847;10.5674
2250;86.5897;3.4955;64.547;4.9817;30.6847;1.3127;1.3956;-19.8625;-64.5628;14.1094
2251;67.7041;5.8104;117.1627;6.2607;70.2097;0.8;1.0596;-10.9646;-55.8512;11.3253
2252;97.2008;4.3091;112.9694;4.8348;80.6783;0.8703;1.6272;-9.2068;-37.6806;8.0232
2253;43.8788;5.8312;103.4774;8.0277;29.6382;0.8776;0.5262;-15.9971;-80.0136;25.017
2254;69.7824;7.517;80.2536;6.0408;49.3222;1.0642;0.879;-17.8405;-72.4692;18.1615
2255;47.4569;7.7084;120.4371;2.8907;58.6855;1.1824;0.602;-21.7708;-83.0293;29.4625
2256;76.5454;4.4398;118.5395;4.3352;59.7436;0.8;1.1898;-9.6253;-50.424;10.0855
2257;85.964;4.3005;102.1555;5.1956;89.4429;0.964;2.4491;-5.8299;-15.3119;5.904
2258;62.4263;3.012;74.503;4.6667;64.7395;1.0057;2.2164;-7.3862;-26.5375;6.8062
2259;30.0;7.9338;89.9144;5.6303;57.878;1.1929;0.6993;-21.481;-80.4582;25.5862
2260;73.5811;3.996;123.301;5.7955;73.6146;0.836;1.3667;-9.9203;-45.5029;9.1748
2261;77.8613;2.2408;139.3471;2.5606;58.2582;1.1572;1.0561;-18.4778;-69.5784;16.4357
2262;77.2773;3.8579;92.1609;6.5216;43.6052;1.0604;1.0729;-16.2799;-66.2725;14.8247
2263;92.2441;2.2371;93.949;3.8548;81.4692;1.4259;3.5886;-8.3247;-16.1109;5.9602
2264;50.721;4.2483;96.0384;3.7061;71.2315;1.5508;1.3633;-25.6202;-70.6969;17.063
2265;82.2439;4.5986;107.114;3.7013;66.0564;1.1725;1.3844;-17.2566;-60.6444;12.7047
2266;91.4651;3.3638;86.4792;5.8129;52.2112;0.9492;1.5033;-12.0018;-47.2097;9.4714
2267;37.9854;1.8045;60.0;4.1994;70.1703;1.1031;3.1001;-5.177;-6.3232;5.3375
2268;75.7537;8.0617;134.7421;3.6047;73.1546;1.1233;0.7134;-20.2606;-78.8303;23.6187
2269;60.9248;6.1177;156.6231;3.9641;63.4775;1.1111;0.6388;-20.1389;-80.8344;26.0884
2270;68.5326;6.7267;85.8044;1.908;55.9871;1.0877;1.1518;-16.175;-64.7017;14.165
2271;76.2582;3.5113;76.5931;3.3368;53.6974;1.1127;1.8058;-13.1782;-45.9056;9.2431
2272;61.2299;6.0119;96.6306;2.7406;63.9965;1.2336;1.087;-20.0521;-70.6285;17.0233
2273;57.8373;4.15;95.4206;4.1962;51.4689;1.5521;1.1036;-27.3135;-76.2988;21.096
2274;70.6147;2.6853;128.2588;5.5963;67.3746;0.8;1.4146;-8.4737;-41.0563;8.4827
2275;50.4296;2.219;101.3754;5.4308;47.9423;1.2969;1.2551;-20.2639;-67.739;15.4986
2276;50.4551;3.4004;82.0242;6.4851;62.8549;1.0287;1.6976;-11.6978;-44.9948;9.09
2277;82.2287;2.3074;71.921;6.151;48.3077;0.8539;2.7211;-1.5496;6.2271;4.7069
2278;49.3217;9.6607;124.161;3.8071;76.547;0.8;0.6091;-13.6362;-74.6214;19.7017
2279;81.9936;1.5809;116.1692;4.6286;53.8153;1.063;1.3758;-14.6065;-56.8576;11.5895
2280;78.3266;3.9038;130.3613;4.5512;54.9848;1.0072;0.9479;-16.29;-68.6308;15.9392
2281;38.9355;3.9638;78.502;1.3734;61.0095;0.8059;1.4329;-8.2629;-40.7373;8.437
2282;57.8038;3.1803;158.3455;2.7741;48.928;0.9939;0.6305;-17.8406;-78.8533;23.6443
2283;91.494;4.661;64.6667;4.3491;66.1997;1.2304;2.324;-12.6064;-37.0402;7.9416
2284;52.339;2.3873;119.4109;4.3407;66.5937;1.3638;1.3305;-21.4959;-67.4804;15.3753
2285;61.6407;6.2092;62.0397;5.3685;66.148;1.0258;1.7022;-11.8637;-44.6868;9.0394
2286;78.3171;3.3373;82.0712;5.2955;83.3275;1.0252;2.6023;-5.8163;-15.3892;5.9094
2287;84.101;4.787;147.7359;1.944;42.527;1.1327;0.6238;-20.6184;-81.6425;27.2368
2288;65.4723;5.6514;123.1018;5.3779;39.5122;1.2624;0.6227;-23.681;-83.5585;30.4108
2289;59.2448;7.2836;87.2358;4.8679;53.794;1.0374;0.8618;-17.1424;-72.3089;18.0563
2290;95.6027;6.6954;87.8351;5.5351;49.0282;1.0726;0.9925;-17.2924;-69.155;16.2101
2291;101.3002;4.8963;102.5475;6.2003;69.2295;0.9233;1.7762;-8.8914;-35.8723;7.7969
2292;87.6194;3.6226;113.7162;4.3857;49.4371;0.969;1.0204;-14.9176;-64.8953;14.2431
2293;71.5357;4.2522;136.7378;6.4684;83.0633;0.8806;1.5651;-9.7381;-40.7535;8.4393
2294;55.4512;6.0784;89.2206;3.2659;74.234;0.8131;1.2251;-10.2887;-49.7759;9.9554
2295;55.052;7.1464;66.8348;3.1814;46.6585;0.8;0.8889;-12.1065;-62.9632;13.5001
2296;79.4053;2.07;104.0022;5.2432;75.7493;0.8416;2.035;-5.5997;-19.4028;6.2037
2297;77.5312;3.6041;89.1939;4.0468;25.6335;0.8301;0.73;-13.6806;-70.6863;17.0569
2298;95.2288;6.1415;72.2413;4.9924;59.1378;1.0616;1.6136;-12.9211;-49.3328;9.8683
2299;81.7081;3.8522;107.7256;7.5895;72.5716;1.0937;1.693;-13.058;-48.4013;9.6902
2300;42.9446;3.3362;94.8116;5.1902;51.1053;0.9193;1.1616;-12.7925;-57.8829;11.8717
2301;88.9351;3.7432;107.964;4.9183;60.9608;0.8455;1.3074;-10.5997;-48.4575;9.7007
2302;52.0349;4.8609;79.9626;3.2962;57.6552;1.5378;1.3517;-25.0151;-70.7001;17.0649
2303;63.0885;9.8862;112.939;2.05;81.4076;0.9156;0.7016;-15.7025;-74.4555;19.5737
2304;74.5036;4.1935;71.9445;4.4912;59.1949;0.8881;1.883;-7.1868;-29.3273;7.0749
2305;105.922;2.7253;81.3074;6.2003;35.9996;0.8;1.8152;-5.3791;-24.3659;6.6108
2306;125.9785;2.4666;94.1079;4.1156;62.075;1.1089;2.6551;-7.2874;-20.1907;6.2649
2307;80.921;1.5029;154.5666;5.2022;35.5507;1.4388;0.6962;-27.0126;-83.8718;31.0016
2308;66.7025;4.5835;121.6778;6.7397;63.6787;0.9634;1.148;-14.0517;-60.2768;12.5871
2309;79.6211;4.4967;130.9045;6.7023;62.4896;0.933;1.052;-13.7071;-62.4127;13.3024
2310;85.9778;2.7078;142.5139;5.2432;64.0612;1.0569;1.1824;-16.0332;-62.7091;13.4081
2311;64.228;5.4988;200.0;4.8552;75.0807;1.0634;0.6997;-18.882;-78.069;22.7987
2312;102.3138;5.8507;101.0452;2.3221;37.8598;0.8;0.697;-13.0483;-70.9591;17.2171
2313;74.1413;2.9806;142.6324;3.6547;55.1575;1.1383;0.9011;-19.2235;-73.6131;18.9488
2314;78.9594;3.3957;128.8088;4.1789;52.7273;1.455;0.9966;-25.2757;-77.1688;21.8998
2315;81.9866;9.204;128.2752;3.3215;52.9853;1.0112;0.4752;-19.0568;-84.3377;31.9239
2316;77.5886;3.5493;155.8245;4.9727;59.9502;0.9785;0.9834;-15.1439;-66.4984;14.9247
2317;85.1009;6.0117;90.0479;7.4675;49.9463;1.1723;1.3872;-16.9309;-60.5561;12.6762
2318;58.8894;3.9673;88.2787;6.8766;44.9858;1.1447;1.1018;-17.9983;-67.9175;15.5848
2319;59.9506;6.2929;108.3224;4.9658;62.6282;1.0352;0.9438;-16.7547;-69.6088;16.4521
2320;50.1972;6.0808;95.5352;5.7692;60.4321;1.1672;1.044;-18.573;-70.1851;16.7702
2321;77.911;5.2996;108.2881;3.5071;73.5818;1.1783;1.2362;-18.2336;-65.0302;14.2981
2322;84.0209;6.8924;147.7996;6.7961;57.2366;0.8;0.6397;-13.4374;-73.3455;18.7586
2323;78.2399;7.9895;88.7331;2.2571;78.0106;0.8;1.1555;-10.3889;-51.8558;10.3855
2324;100.1409;4.715;92.6659;5.9692;73.2674;0.8;1.9508;-5.64;-18.7168;6.1513
2325;69.8993;2.8748;104.4541;5.3434;53.9379;0.8;1.4629;-8.3374;-39.0461;8.2029
2326;82.0373;3.6761;94.4519;3.4662;51.922;1.176;1.3419;-17.4783;-61.9626;13.145
2327;50.3494;5.9909;61.9711;4.2868;47.1891;1.1765;1.3136;-17.5269;-62.7839;13.435
2328;63.0322;5.1817;86.4995;2.8986;84.6117;1.0937;2.5608;-7.9742;-21.9505;6.4062
2329;82.5197;2.5549;118.7492;2.9625;43.0149;1.3943;1.06;-23.6626;-74.6576;19.7298
2330;85.2838;1.6031;143.2451;2.2134;55.4042;0.9402;1.2365;-13.0637;-56.1613;11.4054
2331;64.7086;5.4084;74.9271;5.7513;66.6871;0.8711;1.966;-6.7246;-24.7708;6.6464
2332;68.7112;2.942;74.8398;6.408;76.3092;1.0248;2.9099;-4.9484;-5.3532;5.2828
2333;42.6783;4.2318;100.7587;1.3573;53.9909;1.2566;1.0054;-20.8788;-73.3308;18.7483
2334;63.5735;5.8962;60.0;7.3575;41.4905;0.8885;1.2869;-11.1604;-51.7238;10.3571
2335;86.0269;4.6072;89.4722;4.582;62.0166;1.4746;1.5391;-22.1725;-65.2102;14.372
2336;80.3537;1.9066;64.7905;5.0348;81.1749;0.9858;3.9665;2.4723;34.1258;3.7278
2337;79.012;2.5994;140.8134;2.3914;83.3747;1.108;1.7961;-13.1323;-45.9688;9.2539
2338;70.8959;2.7823;82.5032;6.5812;81.2697;1.0331;2.7021;-4.7518;-12.8133;5.7348
2339;70.1271;2.9747;151.166;4.9004;65.2788;0.9237;1.1813;-12.5403;-57.3689;11.7285
2340;58.1142;4.6241;132.0989;6.3082;63.325;1.1997;0.9963;-19.6927;-72.3183;18.0625
2341;82.5789;4.2566;85.0799;6.4313;66.7352;0.8;1.9528;-5.6227;-18.6352;6.1452
2342;77.5775;2.6966;76.4915;6.6023;78.2353;0.9345;3.1946;-1.1537;13.9479;4.388
2343;78.8563;1.7667;95.2766;3.6276;60.1689;1.1724;2.6301;-8.8386;-25.2197;6.6863
2344;60.5314;2.5178;97.4178;4.2881;67.9315;0.8;1.8602;-5.0324;-22.4912;6.4509
2345;31.2398;8.9809;109.0391;3.6824;55.5136;0.8692;0.5568;-15.2439;-78.6473;23.4163
2346;89.7487;4.0551;82.3546;5.9426;60.4441;0.9061;2.0208;-7.6413;-25.6585;6.7257
2347;61.3809;7.0299;120.5144;5.0993;56.2446;0.9361;0.7628;-15.8306;-72.8391;18.4088
2348;54.47;6.8286;106.8581;6.2037;57.5098;0.8865;1.0627;-13.0145;-60.0398;12.5124
2349;82.4826;4.3005;91.8422;6.2691;74.6583;0.8157;2.1025;-4.563;-14.0804;5.8194
2350;62.9438;5.5835;83.6934;2.0091;62.7977;0.9859;1.1574;-13.7781;-60.8679;12.7772
2351;89.0789;2.6396;95.4831;6.6262;59.7174;1.1748;1.7286;-14.9654;-50.9528;10.1943
2352;81.1061;5.4479;81.5279;6.0263;65.2962;1.0795;1.6322;-13.155;-49.6015;9.9209
2353;82.3042;3.044;101.4717;4.0462;54.9425;1.228;1.6646;-16.955;-54.8141;11.0654
2354;45.4128;6.6582;102.1589;5.1247;28.5844;0.9607;0.3837;-18.6027;-86.6861;37.5547
2355;91.815;1.9101;106.7615;4.4145;76.9617;1.2864;2.1252;-14.8275;-44.9317;9.0796
2356;74.7025;6.1159;155.5132;5.5241;54.513;0.8;0.8068;-12.3281;-66.3842;14.8739
2357;63.353;2.0406;96.7431;4.0429;40.7282;1.2998;1.1532;-21.4415;-70.4285;16.9082
2358;72.581;7.1891;128.5502;5.3184;68.1649;1.2441;0.7761;-22.1592;-79.2071;24.0466
2359;38.0278;3.1978;105.9076;4.701;66.4735;0.8;1.4162;-8.1734;-40.9905;8.4732
2360;77.3558;5.206;94.2178;3.9517;75.9484;1.0981;1.9555;-11.7306;-40.6416;8.4234
2361;51.4713;4.1621;97.065;4.8852;86.3545;0.9751;1.8946;-9.8166;-35.2301;7.7196
2362;45.6519;3.5084;98.5401;8.6597;71.8875;0.979;1.9355;-9.874;-34.0993;7.5872
2363;42.5975;5.1443;107.2446;3.5717;65.5495;1.0133;0.9544;-15.8132;-68.603;15.9251
2364;90.0284;8.1319;78.6761;4.2251;62.8089;0.8835;1.3022;-11.4489;-50.8704;10.1772
2365;58.6733;1.49;69.327;3.5978;77.3025;1.2065;3.1142;-6.7626;-13.964;5.8115
2366;97.6071;7.677;117.7713;3.7552;27.6074;1.0008;0.3916;-19.4397;-86.9577;38.3367
2367;60.3556;4.9014;125.1735;5.8237;79.4866;0.8;1.2531;-9.231;-47.7861;9.576
2368;39.2676;6.4204;120.4915;5.6738;65.3727;0.9925;0.8204;-16.4423;-72.4466;18.1466
2369;49.9026;3.599;103.9503;4.5912;35.0107;0.9095;0.7916;-14.9822;-70.9897;17.2353
2370;92.2446;4.0736;121.1436;6.1394;83.448;1.1311;1.5845;-14.7416;-53.3042;10.7076
2371;67.1938;7.0468;119.5252;5.7902;37.3815;0.8;0.4931;-14.3469;-79.4552;24.3371
2372;60.1308;3.762;121.7631;4.3565;82.3721;1.4926;1.8698;-20.7103;-58.2442;11.9744
2373;72.8803;4.4372;80.6634;2.2992;59.6295;1.0244;1.8528;-10.7357;-39.7121;8.2935
2374;79.0321;1.1926;76.0151;5.8447;77.7728;0.8;3.2034;2.6089;33.4737;3.7461
2375;90.1132;2.4408;90.7427;4.8545;74.4969;0.9604;2.4358;-5.1217;-15.4594;5.9143
2376;96.073;5.1186;99.5663;4.6333;67.0702;0.908;1.4409;-10.6112;-47.1019;9.4521
2377;63.5242;5.6617;94.1312;3.9009;58.0898;0.853;1.0441;-12.1887;-59.1974;12.2541
2378;46.1311;4.7315;62.552;5.717;44.3758;1.0887;1.3281;-15.3882;-59.3366;12.2961
2379;62.5576;2.3449;153.7908;5.1227;63.1397;1.5622;1.2668;-26.2631;-72.97;18.498
2380;74.685;3.9271;93.3783;4.2448;67.2785;1.4534;1.5515;-21.925;-64.4168;14.0516
2381;52.6523;3.4512;104.4122;2.7618;43.2233;1.0411;0.9102;-16.8972;-70.8564;17.1564
2382;52.7713;4.2088;136.4977;6.2019;66.3807;0.8555;1.0245;-12.4526;-60.0778;12.5244
2383;76.1882;7.0635;60.0;5.5074;59.8106;1.0576;1.7497;-12.3328;-44.8508;9.0663
2384;69.1243;6.1393;87.9921;4.9831;52.6194;1.1591;1.1593;-17.9908;-66.6614;14.9976
2385;70.5903;1.9124;90.7756;0.6148;52.3177;1.0416;1.4601;-13.8001;-53.2738;10.7006
2386;56.3471;7.2992;91.936;4.5432;58.0064;1.1607;0.8724;-19.9599;-74.946;19.9569
2387;65.8528;4.0732;95.7555;4.2382;69.4173;1.0928;1.5058;-14.2246;-54.0714;10.8865
2388;53.3638;5.8729;143.5888;3.6723;59.7406;1.0586;0.6862;-18.8122;-78.3923;23.1399
2389;86.0236;2.3237;118.3368;5.7314;54.6736;0.8;1.5524;-7.841;-35.3164;7.7299
2390;88.6345;5.3206;127.0625;5.6723;68.4038;0.9743;1.1485;-14.1679;-60.7065;12.7247
2391;36.7686;2.8691;101.185;5.2552;66.0395;1.4655;1.353;-23.9716;-69.2251;16.247
2392;53.2688;3.8887;70.4799;6.1568;76.109;1.1029;2.6775;-7.6307;-19.0768;6.1787
2393;43.0625;1.1328;60.0;3.0666;79.5741;1.2632;3.6831;-4.9683;-2.8114;5.1446
2394;58.2996;2.3976;68.2255;3.9195;50.6503;1.4952;1.6977;-21.5976;-62.1532;13.2112
2395;68.4981;1.9788;109.411;4.7122;67.9752;0.8;1.6156;-8.2013;-32.6823;7.4275
2396;43.9064;2.8862;100.7974;3.667;85.9044;1.6817;1.9517;-23.9367;-61.315;12.9249
2397;53.4065;2.0412;94.8816;5.6908;59.9887;1.2149;1.8316;-14.8135;-49.7445;9.9492
2398;51.9288;5.4736;91.1974;3.8167;73.5687;1.2616;1.6736;-16.8566;-55.7829;11.3078
2399;73.7308;1.3305;165.356;6.5476;57.0527;0.8746;1.2399;-11.226;-52.7414;10.5801
2400;71.2482;4.9581;81.4056;3.2033;61.8347;1.1559;1.4589;-15.8074;-57.9275;11.8843
2401;57.0087;2.3281;126.1063;7.798;76.1101;0.8519;1.8909;-6.1068;-26.0144;6.7581
2402;73.1828;8.0904;100.0478;7.6439;36.2135;1.0304;0.5838;-18.9562;-81.1147;26.4757
2403;60.1598;7.8907;98.4881;4.4579;86.9537;1.0697;1.3801;-14.5381;-56.9952;11.6266
2404;65.1102;2.8142;134.1998;6.3193;75.3506;0.9534;1.4829;-10.896;-48.153;9.6438
2405;100.1221;4.9363;144.1426;3.9994;32.7253;1.2587;0.5079;-24.2425;-86.5512;37.1781
2406;94.1283;1.3156;94.1871;6.1199;55.7392;0.9012;2.0293;-7.1255;-24.943;6.6616
2407;46.6075;7.8702;122.1159;4.336;46.4307;0.8;0.4515;-14.4721;-81.1858;26.5757
2408;84.9352;4.3678;109.5239;2.6718;44.19;0.9524;0.8449;-15.5855;-70.4287;16.9083
2409;84.6051;1.5132;100.1861;-0.6992;57.1387;1.2849;1.7844;-16.9594;-53.7094;10.8013
2410;49.3313;3.3876;105.239;4.1969;66.0634;1.6342;1.2849;-27.3647;-73.7924;19.0785
2411;84.738;1.851;84.1977;5.0186;43.0059;1.301;1.5938;-18.4823;-59.1642;12.2442
2412;97.6828;3.6463;92.633;6.5955;61.1284;1.2378;1.6973;-16.9271;-54.2948;10.9397
2413;49.7942;5.3149;86.4885;4.6549;32.7219;0.9271;0.6579;-16.105;-76.3432;21.1356
2414;53.4849;4.0626;125.2754;6.1044;54.027;1.5852;0.9646;-28.4312;-79.7155;24.6493
2415;88.3179;3.5982;97.6481;3.9191;55.0685;1.1467;1.3404;-16.3853;-61.0342;12.8318
2416;74.8869;2.1823;72.294;4.0941;45.1713;1.1557;1.6785;-15.3103;-51.5846;10.3273
2417;79.9266;2.9119;83.4553;6.1811;37.7514;1.1339;1.1734;-17.3283;-65.5049;14.4948
2418;76.1306;2.0422;60.0;0.903;84.8135;0.8;3.4595;4.3965;44.1444;3.4687
2419;77.0325;6.4221;88.3713;4.6195;69.5117;1.0798;1.8529;-12.2742;-42.8003;8.7413
2420;46.1235;2.2922;100.9456;4.0001;69.1672;0.8;1.7928;-6.4245;-25.3007;6.6935
2421;88.8517;4.8127;96.6539;6.6409;55.443;1.1799;1.3192;-17.0961;-62.7298;13.4155
2422;91.0526;3.3888;164.0562;3.8076;85.124;1.0696;1.3621;-14.8494;-57.5477;11.7779
2423;65.871;2.8167;115.4568;5.3749;50.4026;0.8813;1.1876;-11.661;-55.0797;11.1308
2424;69.2174;5.1035;114.1808;5.9823;52.182;1.2526;0.941;-21.6512;-74.9595;19.9677
2425;42.4401;3.9909;66.3108;2.3611;80.6294;0.9308;2.0697;-6.8467;-25.8835;6.7461
2426;79.2566;3.6841;91.2871;4.3909;52.3044;0.9353;1.3608;-12.0942;-51.5028;10.3099
2427;80.297;4.7966;88.5444;3.9525;46.3693;1.1127;1.0537;-17.2445;-68.4349;15.8403
2428;68.8806;4.1836;82.1585;6.0194;65.5871;0.9968;1.7917;-10.7522;-40.0858;8.3453
2429;90.2384;3.1942;81.8755;5.6126;48.0954;1.0478;1.5934;-13.1212;-49.31;9.8639
2430;63.9866;4.585;63.6335;4.2502;64.2262;1.2293;2.9405;-7.8469;-20.269;6.2711
2431;80.1629;5.3119;72.6902;3.0289;60.038;0.8627;1.5002;-9.6818;-42.0363;8.6261
2432;51.646;1.2962;124.4238;6.1572;40.8005;0.8482;1.0711;-11.7616;-57.9089;11.879
2433;69.5761;4.0402;96.4902;4.4985;76.6226;0.9545;1.8978;-8.1518;-33.7266;7.5445
2434;66.8616;1.6705;88.1086;2.1724;85.4655;0.9875;2.7208;-4.6549;-8.1573;5.4441
2435;74.0555;2.6041;99.8648;2.3014;69.1476;1.137;1.8363;-12.9915;-46.1676;9.2881
2436;63.3485;4.5939;133.8899;5.2565;31.2421;1.4746;0.5225;-28.9866;-88.1885;42.3318
2437;67.6335;7.017;100.1053;2.6863;45.6623;0.9915;0.714;-17.3423;-75.9956;20.8295
2438;84.8688;7.2083;114.4644;7.3895;42.0388;1.0073;0.6341;-17.9424;-79.0147;23.8262
2439;62.1382;1.7889;80.9247;3.1944;56.2059;0.8778;1.7781;-7.609;-32.4812;7.4053
2440;41.0816;3.7847;85.6709;4.5995;69.365;0.8568;2.1551;-5.1719;-16.1551;5.9634
2441;101.4925;4.7341;109.2528;4.8387;69.3986;1.1451;1.496;-15.825;-56.4515;11.4815
2442;94.8662;2.3689;160.5064;3.5059;47.937;1.0078;1.1343;-14.7332;-62.4839;13.3276
2443;46.7393;6.0505;142.967;1.2403;51.9371;1.2833;0.4646;-25.1211;-87.9305;41.4268
2444;82.4147;5.8759;115.6857;4.8863;50.1932;1.2556;0.8255;-22.3651;-78.0862;22.8167
2445;60.9465;7.4647;103.8584;3.4701;70.3981;1.1899;1.038;-19.6877;-70.9227;17.1955
2446;74.7428;0.9489;141.9447;4.7748;82.8211;0.8;1.9244;-5.5406;-19.8169;6.2357
2447;75.296;2.7685;121.9779;4.4165;87.179;1.1464;1.835;-12.8605;-46.6463;9.3714
2448;65.7807;6.61;60.0;4.9949;57.7458;0.8295;1.4303;-9.0428;-42.5207;8.6988
2449;55.8922;5.3196;76.8371;6.9428;85.075;0.8;2.0964;-4.2227;-12.6501;5.7241
2450;57.5703;7.3499;108.8211;3.7807;58.158;1.0452;0.8505;-17.4824;-72.8755;18.4335
2451;53.5085;1.6653;63.9709;3.8967;67.7989;1.3121;3.8405;-2.983;-2.4301;5.1245
2452;55.0272;4.8229;79.8998;2.1013;84.7527;1.153;1.8241;-13.4203;-47.2651;9.4814
2453;68.7908;4.6466;83.9496;4.3072;79.6698;0.8383;1.9024;-6.293;-24.3555;6.6099
2454;57.1163;1.4205;93.7966;5.2148;56.0967;1.7494;1.8503;-26.7298;-64.7451;14.1824
2455;82.2769;4.3122;93.0663;3.8748;51.2707;1.1774;1.4564;-17.227;-58.769;12.1268
2456;96.7704;4.9042;93.027;5.2246;40.1994;0.8451;1.3484;-10.1641;-46.8129;9.4008
2457;59.559;2.6315;122.9155;4.3337;69.5597;0.8;1.4477;-8.0823;-39.6779;8.2888
2458;74.3093;3.0485;93.5844;2.6466;54.5873;0.9599;1.6593;-10.2575;-42.3794;8.6774
2459;78.9943;5.1095;90.8321;5.068;48.95;0.8;1.1305;-10.2075;-52.894;10.6144
2460;78.496;4.0537;71.37;4.2913;72.2937;0.8139;2.2199;-3.6636;-9.0797;5.4993
2461;71.3672;6.9272;129.1865;4.7841;71.4796;0.8;0.8663;-12.0607;-63.9059;13.8527
2462;83.3683;3.387;84.546;3.7496;42.8942;0.8601;1.4723;-9.2501;-42.9412;8.7629
2463;78.6805;3.0167;76.2039;3.6169;65.9896;0.8988;2.4666;-4.0373;-8.5207;5.4657
2464;47.7221;8.9968;105.4717;4.8361;40.3835;0.8397;0.5139;-15.0728;-79.5981;24.5075
2465;85.6448;7.5691;82.5525;4.2541;83.973;1.5841;1.6064;-24.5966;-66.1977;14.7919
2466;85.9712;1.3298;87.679;7.1864;52.9938;0.9633;2.2075;-6.9955;-23.6173;6.546
2467;56.2609;6.0953;106.6748;5.7981;71.3127;1.3042;1.0287;-21.8399;-73.7089;19.0178
2468;70.6829;2.1188;92.1622;5.4175;51.0705;1.1206;1.5771;-14.3319;-53.0866;10.6579
2469;82.2999;1.3079;178.2296;4.3338;32.7413;0.9594;0.6453;-16.9347;-77.5821;22.3036
2470;66.2324;3.0502;98.1467;1.561;41.8447;0.9088;0.9144;-13.9569;-66.463;14.9089
2471;89.3136;3.0295;116.7027;3.3886;29.4807;1.3102;0.8208;-23.5516;-79.1193;23.9455
2472;112.5497;6.5337;61.5436;3.6291;60.9642;0.8128;1.7871;-6.6647;-26.7149;6.8227
2473;55.8523;5.6136;80.6411;4.1875;69.2003;0.8822;1.3595;-10.4195;-48.6291;9.7331
2474;45.1412;8.8941;76.2061;4.55;39.0474;0.8795;0.5972;-15.5927;-77.367;22.0916
2475;75.4687;5.62;78.7734;5.5841;49.5187;1.0151;1.1785;-14.774;-61.2989;12.9195
2476;82.9881;3.7802;110.9472;5.0097;44.0277;0.8338;0.9197;-12.2982;-63.2334;13.5993
2477;65.8444;5.5255;129.5493;6.3388;51.8525;1.206;0.7269;-22.0219;-79.9094;24.8873
2478;96.1587;9.8103;108.9978;4.1321;54.8538;1.2398;0.5754;-23.4342;-84.5304;32.3214
2479;45.9051;5.6096;94.4914;4.9857;63.9398;0.8663;1.1015;-12.0726;-57.6146;11.7965
2480;82.4725;6.019;85.4094;5.1158;29.178;1.1113;0.7037;-19.83;-78.8906;23.6861
2481;59.0945;7.9755;132.1014;4.9686;67.8835;0.8453;0.7255;-14.1052;-71.3917;17.4775
2482;100.9488;2.1429;167.8355;6.5228;40.007;1.0364;0.7546;-18.1514;-75.7318;20.6031
2483;105.8653;5.5692;103.434;5.8057;47.9594;1.2637;0.9232;-21.8255;-75.6464;20.5309
2484;56.2002;6.8502;126.4707;2.6209;55.6299;1.0209;0.6112;-18.4451;-80.0428;25.0537
2485;60.108;8.2582;108.9635;4.4285;63.1136;0.9792;0.7108;-17.0391;-75.8031;20.6638
2486;85.4726;2.7384;120.7891;4.579;34.2432;1.5802;0.7557;-29.6553;-84.0596;31.3668
2487;63.0316;4.2564;74.7414;7.8273;66.6945;1.0747;1.9061;-11.5934;-40.8817;8.4576
2488;69.1826;5.391;88.5118;4.1053;32.4916;0.8448;0.8283;-13.1261;-67.3196;15.2997
2489;70.457;2.9243;110.392;3.1263;48.1505;0.8318;1.0288;-12.0936;-58.7728;12.1279
2490;35.4459;4.8455;135.4081;5.2575;67.2776;1.5775;0.8354;-29.3579;-82.3473;28.3243
2491;69.7509;2.9734;81.5027;5.3455;58.0962;0.8623;1.941;-7.3526;-24.969;6.6639
2492;57.5849;3.3423;60.1502;4.4893;23.8674;0.8691;0.9581;-12.8569;-63.2556;13.6075
2493;61.1238;3.9058;88.288;4.2696;56.3431;1.0054;1.3713;-13.5898;-54.5332;10.997
2494;95.9854;4.4046;128.7282;6.0234;28.8074;1.1576;0.511;-22.0911;-85.2859;33.9811
2495;47.3829;3.9488;67.3024;3.3196;58.4934;0.8;1.7176;-6.7936;-28.4341;6.9866
2496;84.6377;4.1946;74.5105;4.0886;72.0088;0.9458;2.9436;-3.1802;3.7412;4.8197
2497;64.9787;3.1704;103.9749;3.8168;62.8155;0.8;1.4636;-8.005;-39.0169;8.199
2498;64.9643;2.443;97.1423;6.2408;44.8888;0.9699;1.1629;-13.7237;-60.0341;12.5107
2499;84.2267;1.5605;116.0228;5.0282;76.4346;1.1786;2.0646;-12.5435;-41.6065;8.5626
2500;76.1209;2.6574;73.5517;3.0025;70.0384;0.951;2.7367;-2.7874;-4.0797;5.2127
2501;80.271;4.7274;92.1968;3.1532;66.2511;1.4827;1.6786;-21.1381;-62.2639;13.2499
2502;87.4273;6.2286;134.8235;7.4101;81.8154;0.8442;1.1832;-10.9584;-53.284;10.703
2503;64.0364;2.5049;74.2135;6.2248;49.3555;1.0445;2.0618;-10.1761;-34.2017;7.599
2504;58.9797;2.1057;144.6618;5.8623;65.7605;1.2989;1.3269;-19.9547;-65.948;14.6834
2505;50.4673;5.9168;76.5785;4.6184;62.4631;1.2236;1.5655;-16.6164;-57.352;11.7239
2506;55.1426;3.2024;123.6575;6.8627;55.1245;1.6964;1.1299;-30.201;-77.7988;22.5213
2507;123.0837;8.2041;91.0975;2.9449;72.7684;1.0669;1.6536;-12.5249;-48.3349;9.6777
2508;92.4042;5.6413;75.1092;5.7295;51.2773;0.8361;1.7203;-6.8075;-31.418;7.2905
2509;45.6807;3.3089;88.3181;3.9351;64.8152;1.0169;1.5622;-11.9045;-48.792;9.7641
2510;46.1958;3.1265;114.5948;4.2267;50.9093;0.8457;1.0022;-12.4853;-60.4983;12.6577
2511;78.6736;4.372;99.8288;5.6887;62.1358;1.0244;1.3848;-13.6086;-54.9402;11.0964
2512;79.8508;1.871;132.2624;4.3847;70.9308;1.2798;1.539;-18.6702;-59.9159;12.4738
2513;79.8799;2.1718;143.1804;3.948;74.9922;1.1495;1.415;-16.5583;-58.9692;12.186
2514;65.4108;2.5437;74.3968;3.8573;58.0446;0.9793;2.6444;-3.7463;-9.9941;5.5552
2515;67.7418;6.1295;73.047;1.6205;31.5583;0.8716;0.7697;-14.1978;-70.564;16.986
2516;75.9018;4.3142;72.1662;5.7448;79.2783;1.0672;3.3283;-2.9467;3.9586;4.8096
2517;71.5461;1.001;79.8677;3.0901;64.4076;1.1118;2.4172;-8.5714;-27.5266;6.8991
2518;30.0526;5.3405;131.7919;7.3876;63.9052;0.8;0.8552;-11.8648;-64.3666;14.0318
2519;65.8636;3.8093;115.0378;4.1686;43.9566;0.8156;0.8079;-12.8102;-66.9834;15.1439
2520;54.6747;4.2966;87.2618;6.5642;65.2608;0.9437;1.9033;-8.1924;-32.7744;7.4376
2521;73.1538;2.7551;99.7228;1.8865;64.8274;0.8;1.5471;-7.8451;-35.536;7.7563
2522;123.7347;4.5405;142.0596;5.6972;74.9384;0.8;1.2872;-9.5814;-46.368;9.3228
2523;76.6147;8.8226;161.1238;6.0828;42.9633;0.8137;0.3279;-15.7533;-86.5693;37.2281
2524;64.3565;1.8207;106.6995;6.5553;35.7786;1.0795;1.0172;-17.3395;-68.5919;15.9194
2525;86.5924;3.0993;60.0;2.3079;65.7247;1.0206;2.7507;-5.7448;-10.1615;5.5655
2526;78.6884;2.9023;107.7153;3.5459;88.4182;0.9149;2.143;-6.0851;-21.9198;6.4037
2527;77.5617;2.9296;126.3249;5.4648;31.7717;0.8292;0.8073;-13.3065;-67.5485;15.4076
2528;80.9233;3.5722;105.7765;4.8227;41.8436;1.0765;0.9544;-17.4004;-70.4501;16.9206
2529;107.0178;6.5221;119.9169;5.04;84.2346;1.0653;1.314;-14.7123;-58.8868;12.1615
2530;49.644;7.5927;109.3372;4.0596;80.056;1.2822;0.9646;-22.1334;-74.9227;19.9384
2531;78.5254;2.6915;73.4429;6.9262;38.8651;0.8;1.4365;-8.6299;-40.1463;8.3537
2532;53.3251;4.4869;80.1268;8.5127;55.6372;0.8;1.3278;-8.6661;-44.6738;9.0373
2533;79.9992;5.0861;92.285;4.756;57.9;1.2064;1.2982;-18.4097;-64.1305;13.9394
2534;53.4636;4.361;130.5197;5.2801;60.5988;1.0993;1.0195;-17.6481;-69.0862;16.174
2535;62.4874;3.8654;82.5744;4.6844;57.3031;1.2054;1.4341;-17.3147;-60.3421;12.6078
2536;64.6884;2.6353;112.0725;6.5261;58.5525;0.8366;1.3206;-9.8432;-47.3794;9.502
2537;87.5647;4.1662;107.888;5.8437;82.1991;0.9251;2.157;-7.2387;-22.2791;6.4333
2538;86.5322;3.6898;148.6686;3.0004;74.4274;0.8;1.0897;-10.9729;-54.5938;11.0117
2539;47.5771;6.3129;98.9634;3.6809;54.1068;0.8;0.8443;-12.2699;-64.8197;14.2125
2540;70.9888;6.0351;64.4881;3.0861;58.4943;1.0283;1.3947;-13.3336;-54.7908;11.0597
2541;57.2276;2.2839;117.5528;8.6422;55.0393;1.3273;1.4401;-19.5654;-63.8327;13.8246
2542;47.3469;1.9499;170.6618;5.553;53.8466;0.967;0.9441;-15.017;-67.4579;15.3647
2543;66.0937;7.5286;119.494;3.7065;68.5317;0.8665;0.7996;-14.0464;-69.2395;16.2546
2544;64.4473;4.4422;82.126;3.5867;51.6066;0.8;1.2644;-9.4425;-47.3177;9.4909
2545;113.6809;6.9249;76.3008;5.8078;74.216;1.2495;1.7628;-16.4315;-52.9751;10.6327
2546;77.7933;1.6752;78.8012;5.9574;49.6671;1.0163;2.1562;-8.3948;-29.2827;7.0704
2547;45.2029;4.3887;165.0087;5.7972;58.2162;1.0245;0.716;-18.0647;-76.7048;21.4637
2548;59.8341;4.4657;92.1427;3.9617;67.059;0.8;1.3398;-8.7376;-44.1748;8.9565
2549;88.3849;6.9564;84.7334;5.0588;78.2105;0.8325;1.5222;-8.5495;-39.0469;8.203
2550;107.592;2.0226;96.1165;4.7664;61.62;1.1583;2.0646;-12.2272;-40.5859;8.4155
2551;41.4523;2.8897;92.383;3.1956;50.1883;0.9001;1.175;-12.4341;-56.4878;11.491
2552;36.1614;3.7179;147.9808;3.2103;33.5431;0.8778;0.479;-16.1801;-81.8117;27.4902
2553;103.6774;7.0131;77.5987;5.2179;58.1604;1.6519;1.2942;-28.3111;-73.884;19.1453
2554;77.0131;7.984;134.3342;4.8947;60.1254;1.014;0.7573;-17.5721;-75.1064;20.0855
2555;54.3707;9.3044;103.0994;5.43;68.6656;0.9661;0.8694;-15.4998;-70.0027;16.6682
2556;79.6233;8.3527;135.2232;5.7865;69.9213;0.9732;0.7117;-16.7736;-75.6246;20.5125
2557;30.0;0.8757;148.5356;6.8491;59.0038;0.8732;1.5109;-9.575;-42.3208;8.6686
2558;70.0608;1.5645;102.1426;3.4361;76.2117;0.9856;2.1774;-7.6129;-26.3607;6.7899
2559;75.9008;2.3723;92.4256;5.5454;67.7158;1.4741;2.0257;-18.8199;-54.1924;10.9152
2560;86.6369;3.4197;101.6682;5.7238;63.7733;1.0861;1.6251;-13.4998;-50.1254;10.0251
2561;51.7499;6.6369;97.6586;4.1318;52.6367;0.8;0.7897;-12.6412;-67.0947;15.1951
2562;71.5424;7.3282;66.0841;4.7828;49.5143;0.9163;1.0741;-13.2963;-60.9239;12.7955
2563;53.3424;2.6065;147.4207;4.1702;74.4311;1.0211;1.1961;-14.8584;-60.9536;12.8053
2564;74.5969;4.9709;106.3373;7.7629;65.3546;0.8;1.4064;-9.0484;-41.4003;8.5325
2565;53.8838;7.6558;74.7684;4.7573;77.6989;0.9107;1.5031;-10.1761;-44.9828;9.0881
2566;62.6542;4.0282;60.0;5.2773;49.8698;0.8251;1.7456;-6.7756;-29.4832;7.0905
2567;52.0753;2.0682;60.0;4.204;63.527;0.9238;2.6419;-3.3635;-4.6738;5.2451
2568;81.7205;3.9954;121.2422;3.8805;53.4289;1.0141;0.9937;-16.1109;-67.3377;15.3082
2569;85.4521;3.5572;85.6634;2.647;67.2844;1.15;1.8523;-13.8142;-46.3077;9.3123
2570;65.7768;4.7004;89.2503;6.2498;40.3781;0.8;0.9672;-11.4403;-59.6984;12.4064
2571;70.6883;3.8902;112.9798;5.7527;83.7476;0.983;1.9921;-9.5395;-32.4483;7.4017
2572;43.9254;1.1418;87.8963;4.1484;38.2817;0.9366;1.2692;-12.2354;-54.8296;11.0692
2573;64.6058;9.3682;114.6405;3.2494;75.9337;0.9569;0.6839;-16.5265;-76.1755;20.9868
2574;69.0963;4.4905;102.4102;4.8699;57.5766;0.8488;1.1514;-11.3851;-54.7871;11.0588
2575;117.1743;4.0836;97.9187;3.8535;85.6738;0.9906;2.3662;-6.6794;-20.3735;6.2793
2576;49.9846;8.2628;67.4902;4.2669;55.2775;1.1038;1.2217;-16.6307;-63.1056;13.5522
2577;96.3552;2.424;81.4702;2.7047;21.0127;0.8;0.7159;-13.2159;-70.1724;16.763
2578;87.9435;2.62;116.2571;4.9256;75.6725;1.413;2.5509;-14.7861;-39.822;8.3087
2579;75.0515;6.4269;84.3238;4.9555;56.5833;1.2072;0.9943;-20.1837;-72.5463;18.2125
2580;101.6552;2.9889;135.1672;6.2421;77.2582;0.8;1.5895;-7.7901;-33.7699;7.5494
2581;76.6979;6.346;179.7866;4.3739;76.9511;1.3356;0.7235;-24.7098;-81.9429;27.6899
2582;77.0049;3.0399;117.8328;4.0997;58.9274;1.3538;1.2643;-22.0627;-68.8699;16.0616
2583;69.0438;1.3878;145.2386;2.2649;73.2352;0.9043;1.3188;-11.5728;-51.3889;10.2857
2584;92.0242;4.3327;119.7435;6.2514;68.9234;1.042;1.4388;-13.727;-53.9731;10.8632
2585;89.7364;2.6613;87.497;5.9392;91.9547;1.0183;3.2867;-0.9626;7.5923;4.6472
2586;58.7378;5.9871;105.1311;4.6431;56.4823;0.8;1.0931;-10.6777;-54.4551;10.9782
2587;46.2536;5.1153;165.4221;2.6062;39.8548;1.228;0.5087;-23.5011;-86.1922;36.2114
2588;66.3463;7.746;87.7316;2.7782;54.9356;0.8;0.8931;-11.6778;-62.7884;13.4367
2589;55.5993;6.2011;77.1181;3.7793;76.8667;1.0596;1.5603;-13.4656;-50.915;10.1864
2590;68.8566;2.5721;75.3107;6.0478;69.0386;1.3683;2.3127;-15.197;-43.6615;8.8749
2591;92.2739;6.3545;94.707;5.0355;56.8413;0.8;1.0306;-10.5696;-57.0572;11.6434
2592;61.7686;5.119;77.8125;2.36;75.8779;0.9431;1.8127;-10.0705;-35.9285;7.8038
2593;69.2292;5.308;151.9688;5.2063;67.0445;1.256;0.8059;-22.1066;-78.6137;23.3795
2594;71.0444;6.6602;105.5579;3.3413;55.2918;1.0838;0.8092;-18.5255;-75.1105;20.0888
2595;85.2718;4.6764;127.4981;3.8167;77.3974;1.1814;1.214;-17.8658;-65.7465;14.597
2596;30.0;4.0409;92.8053;6.0576;47.5976;0.8716;0.9537;-12.9843;-63.5271;13.7088
2597;59.0794;5.0844;75.1977;5.7483;35.8227;0.8285;0.9618;-11.9571;-61.3029;12.9209
2598;73.8031;3.1673;72.0832;6.2396;54.4239;0.9608;1.9019;-8.7783;-34.0209;7.5782
2599;91.6014;2.5825;79.6922;4.5653;54.3944;1.0545;2.0123;-10.351;-36.3909;7.8605
2600;61.1458;4.9506;109.0767;5.9245;86.3836;1.1275;1.7101;-13.5044;-49.4415;9.8895
2601;36.2221;2.8567;113.8795;3.7208;75.691;1.093;1.3606;-15.4631;-58.5065;12.0501
2602;81.1548;1.8777;116.2763;4.2137;76.3873;1.2162;1.8902;-14.8511;-48.1955;9.6517
2603;58.5635;0.6147;68.9238;4.1106;43.4396;1.0234;2.0141;-9.7289;-34.4014;7.6221
2604;48.586;4.8964;99.9898;4.6358;50.5657;0.811;0.8412;-12.51;-65.4239;14.4609
2605;58.7618;3.4872;77.3743;2.6703;44.5854;0.8;1.2876;-9.6525;-46.3495;9.3196
2606;66.6785;5.9415;110.5576;4.2625;49.6754;1.1638;0.6651;-21.0242;-80.9495;26.246
2607;59.1146;3.554;112.7237;6.7775;36.3251;1.2228;0.7076;-22.47;-80.7126;25.9237
2608;30.2998;4.1536;74.599;2.9612;62.3551;1.4833;1.4238;-23.9171;-68.0039;15.6269
2609;86.1472;3.7208;127.3804;2.606;45.5628;1.6237;0.8328;-30.3422;-82.9036;29.246
2610;92.9478;5.1795;179.4463;2.727;77.7938;1.2147;0.9408;-20.5353;-74.1825;19.3667
2611;81.7274;3.4565;123.2086;8.5928;39.5275;1.0761;0.8472;-18.5297;-73.7565;19.0523
2612;49.5217;8.4478;96.0109;5.2973;47.6061;0.9193;0.6017;-16.4193;-78.1853;22.9203
2613;66.3732;7.9394;92.3914;4.1946;87.4655;0.8397;1.1444;-10.7934;-54.5699;11.0059
2614;69.8826;6.821;94.9076;4.7025;64.828;1.0135;1.0268;-15.5914;-66.2272;14.8048
2615;80.7783;7.6978;82.6807;4.9415;68.8177;0.9792;1.2492;-13.6846;-57.4761;11.7581
2616;82.0301;3.9475;106.5133;3.6393;56.914;1.4638;1.2747;-23.6091;-70.972;17.2248
2617;56.7849;4.4478;75.2303;3.8242;63.9973;1.1243;1.6234;-14.7169;-51.8726;10.3891
2618;71.4759;5.8586;62.3489;4.3635;49.4185;0.9551;1.633;-10.5335;-43.0075;8.7731
2619;78.231;5.5049;105.6435;3.5129;69.8017;0.8383;1.189;-10.5946;-52.7228;10.5759
2620;96.2048;7.3037;100.5322;4.0046;31.0911;1.1127;0.4868;-21.2019;-85.4163;34.2848
2621;82.6811;5.6567;86.6934;5.1296;52.7921;1.028;1.11;-15.3405;-64.0086;13.8922
2622;84.203;9.6249;72.566;3.1043;66.7199;0.9137;0.9913;-13.3676;-63.8336;13.825
2623;71.5089;3.4179;107.5124;8.5149;60.9672;0.8717;2.0848;-5.9324;-20.2811;6.272
2624;95.3883;6.6675;78.0716;5.7297;85.5584;1.1161;1.9462;-11.9815;-41.8745;8.6021
2625;77.3757;5.5159;96.586;2.6949;63.678;0.9218;1.1519;-12.9147;-58.3464;12.0038
2626;54.5004;5.4698;155.4638;0.8831;66.4622;0.9374;0.6308;-16.3531;-77.5685;22.2901
2627;95.2607;3.3043;117.6798;3.5687;59.3345;0.9076;1.4751;-10.6018;-45.8262;9.2296
2628;82.5623;6.2241;71.0147;5.6265;20.4121;1.7628;0.5396;-35.3323;-89.7962;49.0012
2629;62.0252;7.4261;72.7084;5.3357;64.7319;1.0321;1.2354;-14.4537;-60.0981;12.5307
2630;61.3691;2.7783;103.8684;4.4337;80.0802;0.8482;2.6969;-1.6368;5.9872;4.7176
2631;75.3384;5.0096;70.9049;3.6978;66.2146;0.8;2.045;-4.7682;-14.7911;5.8679
2632;78.3373;3.6421;60.6269;3.2438;79.7065;0.8;3.3644;3.5873;40.1841;3.5667
2633;73.5513;9.1663;114.2356;3.9961;75.918;0.9431;0.7635;-15.7821;-73.0155;18.5292
2634;75.6036;4.1129;108.3541;3.0814;86.103;1.4036;1.7797;-19.4896;-57.7337;11.8297
2635;100.5992;2.8286;111.924;4.0017;71.096;1.5799;2.0778;-21.2576;-56.1626;11.4058
2636;89.2878;3.5886;106.7969;6.5964;63.5229;0.9535;1.5675;-11.5118;-45.1992;9.124
2637;73.4314;5.2021;98.3805;3.4431;74.2643;1.0756;1.274;-15.5833;-60.5151;12.6631
2638;86.9436;1.8443;84.743;5.5163;84.2502;0.9675;2.9677;-2.1275;2.2514;4.8899
2639;51.4146;4.8658;113.7729;5.7451;38.0667;1.0953;0.607;-20.237;-81.5279;27.0678
2640;77.1627;7.8614;146.5902;2.9806;41.9845;0.953;0.3892;-18.2907;-86.3887;36.7341
2641;102.5675;6.8455;88.2226;3.3349;49.9953;0.8945;1.0306;-12.8144;-61.5986;13.0204
2642;66.0752;1.7678;77.4773;6.2034;82.278;0.8769;3.0536;0.2702;16.0727;4.3076
2643;54.7426;9.337;75.2932;3.2114;67.412;1.1526;0.9569;-19.4232;-72.3246;18.0666
2644;58.2624;5.524;80.5186;4.5138;46.6598;1.2976;1.1566;-20.7917;-70.2907;16.8297
2645;50.3866;2.4632;105.1954;7.66;45.18;0.9141;1.459;-10.709;-46.794;9.3974
2646;55.8743;1.043;60.0;6.0697;47.1121;1.1566;2.7535;-7.6444;-20.6441;6.3007
2647;63.3309;2.5169;111.6047;4.7278;50.3669;1.0318;1.1394;-15.5651;-63.1918;13.5839
2648;44.6998;6.7196;117.4659;5.8611;49.0456;0.9264;0.8617;-14.6159;-68.9934;16.1256
2649;70.2811;1.2169;63.7935;4.5161;57.629;1.1453;2.6616;-8.6444;-22.5328;6.4543
2650;86.241;2.8531;78.2865;6.1273;54.3824;1.3094;1.9466;-15.8322;-50.4477;10.0904
2651;53.6604;5.9826;102.012;1.5306;73.7768;0.848;1.0323;-12.2589;-59.4254;12.323
2652;97.3471;4.7537;96.4768;4.3911;63.8634;0.9375;1.4269;-11.67;-49.2681;9.8557
2653;79.1943;6.1989;113.8725;1.4705;77.5505;1.3409;1.2258;-21.7494;-69.529;16.409
2654;88.5505;5.8914;96.5331;4.842;57.8366;0.9915;1.1625;-14.3849;-60.9203;12.7944
2655;58.159;1.5963;137.1894;4.2457;22.2369;0.8531;0.4257;-15.8456;-83.3651;30.0572
2656;85.3815;7.3264;92.2847;6.6411;57.3223;1.0346;1.0069;-16.4191;-67.5583;15.4123
2657;50.3452;2.8221;78.2111;5.6677;64.4112;1.0017;1.8189;-10.6699;-39.4745;8.261
2658;86.0245;4.5503;76.6546;3.8109;81.7422;1.2351;2.1112;-13.38;-43.0193;8.7749
2659;73.0931;5.1364;120.1856;3.9907;48.94;0.9913;0.7817;-16.5252;-73.7136;19.0212
2660;79.9585;2.5012;100.7433;5.171;84.9342;0.998;2.1095;-8.5784;-29.5408;7.0963
2661;48.8393;8.7428;117.1669;3.7412;69.2213;0.9897;0.6909;-17.2775;-76.7297;21.4866
2662;53.8887;4.1658;116.5652;4.5514;60.0938;1.0341;1.0718;-15.9979;-65.449;14.4714
2663;80.7501;1.67;60.3528;6.575;71.7515;1.3543;3.8715;-4.7857;-4.7133;5.2473
2664;52.9297;7.9574;75.1999;3.3563;60.5908;1.156;1.0507;-18.7127;-69.7041;16.5039
2665;78.3377;4.7547;77.4795;3.9285;73.6541;0.8118;2.7457;-1.0519;12.7405;4.435
2666;45.3915;5.5275;81.5449;4.1389;44.6222;1.0579;1.1769;-15.2193;-62.9195;13.4842
2667;85.2671;4.3808;90.0245;9.3371;28.3993;1.0716;0.8136;-17.9421;-74.6927;19.7572
2668;47.8146;6.6849;128.3752;5.5124;30.0798;1.0782;0.3318;-21.4504;-89.7435;48.7498
2669;79.9414;1.3871;134.9347;6.2981;43.5212;0.8;1.0024;-11.2262;-58.2343;11.9716
2670;81.2614;3.0248;92.9394;5.7522;85.3634;1.0297;2.4159;-7.0095;-21.7925;6.3932
2671;57.4581;4.0613;93.9112;5.8531;45.7925;0.8926;1.1254;-12.0773;-57.9757;11.8979
2672;80.4765;1.8488;83.8317;5.3104;55.6903;0.8;2.1907;-4.5376;-8.7222;5.4778
2673;74.688;5.5776;102.2547;5.1479;86.3728;1.2736;1.7507;-16.8324;-54.1799;10.9122
2674;60.3008;3.6501;105.1934;2.4239;48.1545;0.9451;1.0668;-13.9533;-62.374;13.2887
2675;51.846;3.0453;122.3382;5.1368;54.4659;0.9479;1.2147;-12.9402;-57.2856;11.7056
2676;34.6727;0.7833;122.0926;4.4375;68.6202;1.1929;1.5536;-16.2362;-56.5883;11.5176
2677;76.2937;5.6836;60.0;5.4182;70.2163;1.2273;3.0844;-7.2693;-16.2289;5.9686
2678;41.8336;6.6756;96.2582;4.4937;44.031;0.9515;0.7647;-16.1749;-73.2088;18.6628
2679;71.7162;3.6573;141.3438;5.7447;78.1147;1.0059;1.4309;-13.6989;-52.5819;10.5445
2680;65.2579;4.6167;89.6256;6.0099;40.0261;0.8171;0.9937;-11.4347;-59.4631;12.3344
2681;82.2246;2.8254;132.951;0.2318;47.2976;0.8282;0.8331;-13.0296;-66.4692;14.9117
2682;64.5632;4.9876;92.6248;3.9492;75.1133;1.2964;1.6168;-18.6765;-58.4269;12.027
2683;64.0699;1.0369;104.4701;1.8139;79.4625;1.0091;2.1019;-8.4841;-30.5712;7.2016
2684;83.1737;4.1686;75.2599;4.9584;75.8748;1.2141;2.1976;-12.4579;-39.664;8.2869
2685;76.031;5.1358;75.9715;4.1489;56.3815;0.9675;1.8106;-9.3142;-37.6183;8.0152
2686;75.6908;7.6676;119.8862;6.6337;73.3384;1.0877;1.282;-15.5344;-60.7106;12.7261
2687;78.4468;3.5859;124.6643;4.9109;74.8854;0.8;1.7145;-6.402;-28.5637;6.9992
2688;42.3597;6.0484;100.6629;3.8717;56.7309;1.1878;0.9194;-20.1056;-74.1993;19.3793
2689;83.6222;4.8276;73.5738;6.0079;77.1857;0.9942;2.8143;-3.3166;-5.6436;5.2991
2690;81.0244;7.7969;101.1011;4.1227;69.9008;0.9103;0.9874;-13.7885;-63.8428;13.8285
2691;51.6997;3.6748;136.9312;3.853;59.5633;1.134;0.8392;-19.6184;-75.3305;20.2679
2692;65.6066;3.2709;154.6071;5.1904;45.5059;1.2199;0.7306;-21.964;-80.0362;25.0453
2693;69.2925;7.2605;92.3876;7.0195;63.1554;0.922;1.2438;-12.0448;-55.0334;11.1194
2694;67.5791;1.5815;66.0362;5.8803;78.2888;0.8;4.3801;9.8157;82.5039;2.7397
2695;76.0095;2.2998;123.379;5.4504;53.1693;1.3953;1.2177;-22.87;-70.9096;17.1878
2696;95.7646;1.899;93.3335;8.7264;71.4292;0.9578;2.6068;-4.178;-9.2771;5.5113
2697;89.4718;6.77;126.5871;3.5014;18.8603;0.8;0.3309;-15.3474;-86.2146;36.2701
2698;46.3801;1.0019;107.2796;3.4679;75.1399;0.9191;1.8039;-8.5716;-34.5764;7.6425
2699;81.1973;6.9669;80.1828;4.8184;51.6309;1.0941;0.986;-17.8445;-69.9588;16.6438
2700;93.9208;3.9592;101.4668;6.8725;61.8382;0.9838;1.4634;-12.3461;-50.4161;10.0839
2701;76.9626;0.8092;138.6919;3.1875;39.895;0.9745;0.9125;-15.1966;-68.7868;16.0189
2702;89.6376;3.692;96.3398;7.2319;86.1105;0.932;2.3915;-6.5105;-14.4704;5.8459
2703;106.2209;2.6063;77.2054;2.4413;57.8078;0.9192;2.0064;-7.2997;-27.2455;6.8724
2704;88.4268;5.0023;67.2226;4.4182;71.0532;0.8;2.3817;-2.8919;-0.7639;5.0385
2705;74.4876;5.3824;82.4448;4.8602;49.4588;0.8;1.2243;-9.7926;-48.9859;9.8012
2706;88.8116;4.1622;90.2547;3.2761;86.929;1.0755;2.2184;-9.3295;-31.2445;7.2721
2707;72.608;1.481;122.7525;3.6681;76.1962;1.279;1.7727;-17.1346;-53.7992;10.8223
2708;70.4303;5.218;75.5623;5.7949;67.6567;0.9463;1.6609;-10.8457;-41.4962;8.5465
2709;63.6745;6.7589;147.4676;6.7623;62.0;1.3194;0.7682;-23.7876;-80.5918;25.7624
2710;98.1414;5.6874;71.5848;1.4281;54.8239;1.2458;1.3663;-18.3918;-63.4422;13.677
2711;55.2683;6.6373;179.1174;4.8704;43.3695;0.974;0.3866;-18.9427;-86.7683;37.7879
2712;97.5826;2.6822;153.938;4.43;60.7222;1.1361;1.2327;-17.5761;-63.8326;13.8246
2713;78.9976;7.2817;103.5922;4.7611;19.4857;1.1028;0.2913;-22.2501;-91.1939;50.0
2714;44.8125;3.2863;66.2375;4.1249;59.853;0.9039;1.8367;-8.7136;-32.2718;7.3825
2715;76.6177;1.0642;98.624;2.6643;81.4355;0.8;2.3461;-2.5211;-2.2441;5.1148
2716;32.1995;6.7729;90.7819;6.9134;73.235;1.0281;1.0676;-15.3717;-65.3886;14.4461
2717;81.2591;8.0331;72.7187;6.339;37.67;1.1506;0.7412;-20.4414;-78.5283;23.2864
2718;85.9342;5.214;107.5464;4.444;29.958;0.8952;0.6208;-15.8164;-76.8834;21.6295
2719;59.3376;2.8445;81.3906;3.8675;68.131;1.4939;1.8614;-20.6465;-58.4676;12.0388
2720;72.2239;2.9452;83.6335;3.6858;66.6914;1.2294;2.0224;-14.8107;-45.1637;9.1181
2721;105.1748;4.0442;95.0355;0.7215;57.7185;0.8;1.3744;-9.1873;-42.7332;8.7311
2722;60.8966;7.3934;86.6124;5.1307;57.565;0.9618;1.2912;-12.9333;-55.2507;11.1734
2723;50.9397;2.3849;168.1253;5.7705;52.5767;0.8454;0.7748;-14.038;-69.4478;16.3654
2724;96.6699;6.5981;87.4652;4.8069;61.0734;0.9292;1.2929;-12.1243;-53.6176;10.78
2725;105.3266;3.135;111.6524;4.4705;59.0048;1.1398;1.5611;-14.6632;-54.3457;10.9519
2726;70.0665;6.4322;103.705;4.8001;30.5402;0.9509;0.679;-16.4401;-76.1992;21.0077
2727;88.2063;7.6974;109.2193;3.3202;86.7542;0.8922;1.5956;-9.5848;-40.3881;8.3876
2728;94.1466;3.8298;111.3237;3.8507;57.9936;1.019;1.2591;-14.1643;-58.8131;12.1398
2729;56.6353;3.502;124.6501;4.3505;60.8096;1.1641;1.1517;-18.0123;-67.0227;15.162
2730;61.2645;6.3734;106.888;5.645;77.7011;1.1618;1.528;-15.9155;-56.1606;11.4053
2731;92.1557;4.4063;105.7835;6.6683;64.3828;1.131;1.543;-15.2681;-54.522;10.9943
2732;100.3303;5.4192;101.4727;4.2563;54.0856;1.3153;1.092;-21.9106;-72.3238;18.066
2733;80.1319;4.9918;96.5987;3.0328;69.6557;0.9821;1.4403;-12.3827;-51.1138;10.2278
2734;54.1633;2.4055;79.6164;4.6535;64.5975;0.9303;2.3589;-5.2356;-15.4806;5.9158
2735;105.7671;6.7873;98.4898;7.6172;48.2789;0.9694;1.0067;-14.688;-65.382;14.4434
2736;60.4425;2.6563;106.2173;3.1633;85.2539;0.8505;1.8564;-6.8203;-27.2459;6.8725
2737;63.9675;7.8779;110.5769;5.9288;68.9192;0.8466;0.7967;-13.2682;-68.6315;15.9396
2738;76.1621;2.9395;104.6102;6.6039;38.466;1.1592;0.9749;-19.0566;-71.9668;17.836
2739;97.9749;5.7932;94.3425;4.06;41.5278;1.1807;0.9129;-20.0896;-74.2268;19.4
2740;85.3716;3.1029;98.5831;3.5489;61.7436;0.8;1.8093;-5.6846;-24.6111;6.6323
2741;77.4676;3.2645;87.074;5.4624;54.5415;1.2069;1.6683;-15.1878;-53.9219;10.8511
2742;78.3392;3.2262;108.1454;5.1298;86.1094;0.921;2.2321;-5.8917;-19.2193;6.1896
2743;70.7833;5.9055;94.6218;5.6422;89.4669;0.8812;1.6692;-8.352;-36.8578;7.9186
2744;80.0465;4.5712;104.6175;7.7106;72.2091;0.9367;1.7445;-9.3104;-37.9213;8.0543
2745;30.0;7.2101;128.4283;4.8506;53.6933;0.8;0.5184;-14.29;-78.3986;23.1466
2746;64.6611;3.2133;83.7495;2.8117;59.4214;0.9669;1.5719;-11.5103;-45.8118;9.2271
2747;74.3438;5.4742;116.0875;4.7;44.2002;1.4667;0.7121;-27.5186;-83.8155;30.8938
2748;49.2817;5.9467;100.8337;4.9623;68.8298;0.8;1.1598;-10.3184;-51.6755;10.3467
2749;76.9538;2.3968;165.748;6.5008;72.6393;1.1316;1.384;-16.5663;-59.2318;12.2645
2750;66.3195;3.6865;94.7361;4.3049;88.0628;1.2152;2.011;-13.7994;-44.8377;9.0642
2751;101.5986;4.1355;118.9807;3.9864;62.5619;1.1234;1.1747;-16.9095;-65.1443;14.3449
2752;98.3144;3.4543;100.3846;2.5432;73.7387;1.359;2.0305;-17.1956;-50.1959;10.0393
2753;61.6155;3.2859;70.6752;5.4211;51.0666;1.2169;1.9108;-14.3725;-47.661;9.5531
2754;67.2849;5.4335;87.7944;9.6223;67.3114;1.1436;1.6333;-14.3471;-52.3936;10.5028
2755;68.6689;2.7642;124.6223;4.2661;35.4477;1.2307;0.8772;-21.3022;-76.2415;21.0451
2756;61.8701;5.6039;89.7472;5.2779;64.7696;1.2194;1.2214;-19.0414;-66.6116;14.9753
2757;73.5104;7.9216;60.0;3.7783;69.1414;0.9326;1.5938;-10.4714;-43.0307;8.7767
2758;56.3509;4.6228;99.218;2.6781;74.1955;1.1345;1.3828;-15.6895;-59.3718;12.3067
2759;49.6489;4.9167;76.1029;5.2514;75.1664;0.9469;1.9554;-8.5719;-31.1614;7.2634
2760;81.2088;1.7795;103.3503;4.6423;50.8545;0.8;1.5229;-7.4518;-36.5457;7.8797
2761;81.3315;6.998;147.3716;1.0217;60.1814;1.4439;0.5689;-27.7779;-86.8672;38.0727
2762;55.5223;3.1067;121.2112;7.015;47.407;0.8952;1.0732;-13.0946;-60.0386;12.5121
2763;86.1164;4.9404;146.8386;5.2239;46.1927;1.2449;0.8628;-21.444;-76.8997;21.6448
2764;58.6316;8.8214;86.903;4.7108;75.1721;1.1129;1.2834;-15.7063;-61.5581;13.0066
2765;74.557;4.8136;96.4841;3.967;52.5496;0.836;1.1164;-11.3377;-55.4842;11.232
2766;84.7662;5.7214;77.0197;5.2079;57.6121;0.8563;1.5897;-8.52;-38.1153;8.0795
2767;69.395;3.9266;84.2812;5.2771;53.4426;1.0827;1.4281;-14.5519;-56.0321;11.3719
2768;78.1853;1.6974;79.3167;5.202;60.5978;1.0832;2.345;-9.643;-27.8341;6.9285
2769;60.7043;6.3313;72.1314;6.202;59.2367;0.9275;1.4156;-11.6685;-49.1271;9.8284
2770;66.4636;1.4117;140.7006;6.5429;47.1269;0.8;1.0421;-11.118;-56.5793;11.5153
2771;66.2945;5.5384;60.0;7.6084;61.6909;1.1743;2.2128;-11.7592;-37.1868;7.9601
2772;56.5616;1.2378;140.8513;3.3447;73.4062;0.8;1.82;-6.2355;-24.1675;6.5935
2773;66.8181;6.974;136.5492;3.7399;71.3776;1.0721;0.8125;-18.212;-74.7377;19.7923
2774;42.1249;2.4349;113.309;5.1418;87.9937;1.2543;1.7793;-15.9871;-52.7152;10.5742
2775;61.1592;4.3166;75.6822;3.4314;35.7572;0.8;0.97;-11.3693;-59.5818;12.3707
2776;64.8722;4.8241;67.3314;3.673;76.0829;1.0325;2.1017;-9.6116;-32.15;7.3692
2777;65.3888;3.9939;87.1882;5.3128;30.3062;0.9261;0.7502;-15.7364;-72.998;18.5171
2778;65.653;3.3789;116.9154;5.9513;50.9464;1.0398;1.0768;-16.1669;-65.4793;14.4841
2779;68.8882;4.051;100.0766;6.5139;35.7684;1.216;0.8502;-21.3116;-76.6942;21.4539
2780;78.6299;3.2331;77.0377;4.3111;40.8337;0.8;1.4532;-8.3086;-39.4507;8.2577
2781;85.7413;3.8873;133.2492;5.2947;41.8501;0.9563;0.759;-16.0618;-73.545;18.9
2782;58.3042;3.4707;152.363;4.9641;30.0724;0.9676;0.4972;-18.0128;-82.8725;29.1928
2783;48.3424;4.629;94.4925;4.6265;60.9802;0.8;1.1937;-10.0121;-50.2626;10.0528
2784;51.2432;2.8771;102.7711;3.376;56.2627;1.1216;1.308;-15.9801;-61.1253;12.8618
2785;61.2303;9.1315;68.5771;3.1852;59.5603;1.385;1.0641;-23.4593;-74.3909;19.5243
2786;63.6654;4.2387;90.1589;5.6;69.5996;1.1435;1.5735;-15.0909;-54.1334;10.9012
2787;56.1401;2.6474;113.611;3.3508;59.9468;1.0263;1.229;-14.8453;-60.0833;12.5261
2788;46.6699;4.103;109.2768;1.9346;74.0926;1.1939;1.1955;-18.5326;-66.6216;14.9797
2789;61.7898;7.0195;88.0807;4.5524;82.5983;0.8878;1.3608;-11.3724;-48.9087;9.7864
2790;73.2657;1.2197;93.3737;6.7829;54.6519;0.8384;1.8974;-6.1595;-24.5589;6.6277
2791;80.7105;5.3838;89.4221;0.4077;69.6601;1.1082;1.3407;-15.8365;-59.6722;12.3984
2792;59.9664;4.5173;93.2752;4.1675;53.189;1.0469;1.2858;-14.7434;-59.0572;12.2122
2793;62.566;2.5067;111.1609;5.6128;56.9934;1.0648;1.5581;-13.593;-51.2237;10.2509
2794;53.3194;6.5161;61.1473;1.8648;44.6338;0.8422;1.176;-11.0017;-53.4534;10.7419
2795;69.4341;3.5216;98.1584;4.28;72.8743;0.8;1.6424;-7.0539;-31.5679;7.3065
2796;54.7283;3.1471;109.1436;2.8908;85.5738;0.8123;1.9166;-5.9263;-21.3546;6.3577
2797;80.3163;6.6192;86.7082;3.0892;53.8633;0.8432;0.9935;-11.9992;-60.7229;12.7301
2798;37.8544;5.0971;88.7068;3.9964;66.2618;0.8;1.1398;-10.0004;-52.5068;10.5278
2799;63.5267;7.3989;89.3509;2.9153;94.6036;1.0997;1.3808;-15.6044;-58.1475;11.9467
2800;75.4199;5.0389;88.7131;2.7905;28.5775;0.8;0.5818;-13.8056;-75.7572;20.6247
2801;73.309;5.8484;100.1472;4.5112;60.2508;0.8;1.1335;-10.6953;-52.7718;10.5869
2802;118.4746;6.7021;103.2776;7.9407;62.6527;0.949;1.3079;-12.5043;-54.058;10.8833
2803;76.2964;1.6402;60.0;5.7366;39.1383;0.8343;1.9652;-5.2991;-21.4802;6.3678
2804;51.927;6.1409;117.7296;6.1158;57.2701;0.8;0.88;-12.0105;-63.3328;13.6362
2805;68.2816;4.9316;93.0066;5.7959;89.6848;0.8;2.2114;-2.7819;-7.8572;5.4264
2806;38.0276;1.7848;162.132;3.5537;48.6975;1.1131;0.7145;-19.5651;-78.6028;23.3676
2807;68.5492;4.2834;74.2367;5.0662;76.7944;0.9349;2.6833;-3.5891;-4.3299;5.2263
2808;55.005;1.8994;80.5068;6.2465;54.1241;0.8;1.9239;-5.4733;-19.8378;6.2374
2809;86.477;5.8096;95.0538;5.8425;53.9317;1.338;1.3892;-20.5163;-65.3905;14.4469
2810;60.1083;4.5084;110.8831;4.8918;74.0686;0.8674;1.2631;-10.8082;-51.4619;10.3012
2811;67.8982;8.2429;61.4042;5.3801;55.0114;1.1118;1.1279;-16.9989;-66.1846;14.7862
2812;58.56;2.5855;81.2796;8.2943;50.5376;0.9786;1.6611;-11.8515;-43.4202;8.8371
2813;101.2993;4.8815;115.9316;5.8592;82.4144;1.0198;1.5418;-12.2254;-49.6026;9.9211
2814;64.2176;2.7417;78.8967;4.1273;77.6794;1.0042;2.472;-6.0062;-17.941;6.0932
2815;102.986;4.934;140.8474;4.4889;56.5269;0.8;0.8335;-12.4734;-65.2716;14.3974
2816;84.6547;5.7054;89.273;3.0188;76.7318;1.5665;1.4879;-24.5979;-68.338;15.7918
2817;78.6772;5.7027;79.8641;8.1206;72.3391;0.8589;1.7379;-7.751;-32.5514;7.413
2818;76.6372;6.4932;116.4814;7.0058;57.6146;1.1795;0.8885;-20.1663;-74.8912;19.9133
2819;77.0884;6.8793;149.4668;4.7248;70.5401;0.8537;0.7461;-13.8931;-70.8694;17.1641
2820;35.3019;1.8547;110.971;7.8712;80.5527;0.8016;1.9743;-5.5771;-17.9056;6.0905
2821;64.9801;3.3915;137.0406;5.5486;60.7544;1.315;1.0616;-22.2493;-73.0901;18.5805
2822;85.2128;5.4386;152.0682;3.9537;41.8557;1.3653;0.6261;-25.9537;-84.7126;32.7066
2823;69.1199;4.2256;79.4164;5.9597;53.4402;1.095;1.4725;-15.0937;-55.1735;11.1541
2824;44.7066;2.628;126.44;5.198;53.35;1.1752;1.0351;-19.1212;-70.6411;17.0306
2825;69.0567;4.5461;68.3268;5.8568;61.6658;0.8;1.9931;-5.4774;-16.9554;6.0209
2826;100.6739;3.7226;111.2073;2.5464;81.2816;1.141;2.1511;-11.6134;-37.1555;7.9561
2827;92.4441;3.6311;98.2329;3.3845;34.3326;1.1386;0.8258;-19.5062;-75.8233;20.6811
2828;68.8839;6.4431;136.4431;6.8327;80.4144;1.0917;1.0189;-17.5287;-68.8889;16.0714
2829;87.1261;3.7235;134.0527;7.1397;66.0829;1.39;1.2181;-22.5762;-70.7899;17.1174
2830;63.4029;1.2927;115.3091;6.7227;49.9214;0.8;1.4592;-7.8554;-39.1985;8.2235
2831;39.3303;1.6743;107.7461;7.928;80.2019;0.9648;2.1476;-6.9249;-25.8023;6.7388
2832;53.3596;6.9081;113.5522;5.4661;61.9427;1.345;0.8501;-23.8421;-78.9313;23.7318
2833;98.132;8.3813;101.5563;5.3606;49.8141;0.8005;0.775;-12.8516;-67.73;15.4943
2834;65.0681;5.448;98.4817;3.2302;63.47;1.1387;1.0727;-17.6765;-68.5989;15.923
2835;65.6191;3.4985;143.4254;3.7292;68.2178;0.9074;1.0158;-13.3713;-62.6855;13.3996
2836;64.6029;7.9793;147.8048;1.6176;65.0933;1.0178;0.5359;-18.9018;-82.4501;28.4902
2837;104.2745;5.2646;96.5205;4.1178;49.9778;0.8094;1.0438;-11.0823;-57.0148;11.6319
2838;99.2673;6.7826;106.1209;1.5122;64.7817;1.5724;0.9814;-28.076;-79.1959;24.0337
2839;109.938;6.054;102.0624;6.2214;77.9159;0.8;1.5474;-7.4977;-35.5269;7.7552
2840;67.1372;3.5745;66.8362;5.1826;61.3197;0.9743;3.0638;-2.9763;4.8219;4.77
2841;75.3212;4.1122;91.9331;1.5607;26.4539;0.9494;0.5481;-17.2233;-80.7583;25.9852
2842;42.7004;2.6025;149.1714;4.3152;44.836;1.2397;0.8685;-21.3791;-76.6481;21.4116
2843;96.5848;3.1384;82.9076;7.5515;31.529;1.014;1.0635;-15.3458;-65.04;14.3021
2844;48.98;6.1588;169.6616;4.4115;56.4716;0.8;0.4722;-14.5155;-80.3236;25.4111
2845;73.902;7.3447;134.0485;3.1024;49.5506;0.8793;0.5442;-15.6822;-79.3694;24.2358
2846;50.2486;5.7194;110.5585;1.9217;47.8453;0.8;0.6313;-13.5464;-73.6977;19.0097
2847;59.4004;4.0363;115.0516;1.9665;64.5693;1.0147;1.1989;-14.6082;-60.6153;12.6953
2848;54.9293;1.9334;79.5089;5.4034;60.8947;1.4279;2.1187;-18.0275;-50.5413;10.1094
2849;59.0582;1.663;93.5843;3.9492;80.0412;0.9609;2.5342;-5.8064;-12.0932;5.6878
2850;60.2958;3.5496;143.3831;4.0735;68.5589;1.0704;1.1171;-15.9383;-65.2099;14.3719
2851;60.1312;4.0287;85.7587;3.9554;72.6703;1.2466;2.2279;-13.0398;-40.429;8.3934
2852;85.0;4.9016;130.38;4.3896;41.869;0.871;0.6604;-14.7389;-74.7261;19.7833
2853;50.1125;0.8926;70.8745;2.7593;67.7873;1.246;2.5781;-10.6402;-31.0295;7.2495
2854;73.9697;9.1733;74.1159;5.0742;52.0284;1.4659;0.9048;-26.3257;-79.426;24.3025
2855;91.9233;3.4963;160.8571;2.4659;76.552;0.8;1.4385;-8.4295;-40.0618;8.3419
2856;60.7625;6.8217;99.7045;3.4662;62.7393;1.2553;0.9389;-21.1711;-75.0691;20.0554
2857;57.0775;4.439;87.4044;6.1162;61.1192;0.8;1.6459;-6.731;-31.4214;7.2909
2858;65.8506;2.2601;140.5911;5.1643;66.4452;0.8565;1.1529;-11.7171;-55.1279;11.1428
2859;91.2351;6.331;136.5411;5.6285;66.4314;1.2539;1.0405;-20.5391;-72.3411;18.0774
2860;73.4939;5.6072;125.8837;7.8256;52.2029;1.0666;0.9708;-17.3159;-69.6589;16.4793
2861;60.4381;4.3942;86.721;4.5105;58.9288;0.9123;1.4556;-10.2033;-46.8153;9.4012
2862;78.7098;4.3183;93.0783;4.6322;47.5693;1.5632;1.1222;-26.6896;-76.0699;20.8942
2863;50.1587;1.9414;108.1022;4.2035;80.9085;0.9362;1.8537;-8.9974;-33.9956;7.5753
2864;82.2645;5.2161;118.9579;3.9349;43.6479;1.2452;0.6839;-23.0818;-81.6928;27.3116
2865;77.3549;7.5706;88.0627;3.0841;49.0522;0.9407;1.0628;-14.0677;-62.3403;13.2768
2866;64.4594;1.9881;104.3608;4.7261;70.5708;1.0959;1.8011;-12.4242;-45.2167;9.1269
2867;54.9055;3.0017;106.9133;5.1326;61.343;1.1034;1.4773;-14.5828;-55.3724;11.2038
2868;54.0397;7.4512;137.946;5.2162;55.3648;1.0162;0.5182;-18.9622;-83.0021;29.4154
2869;79.6267;3.1014;120.7578;4.6965;82.0862;0.8;1.6576;-6.5099;-30.9349;7.2395
2870;92.1216;5.2028;68.6122;5.9893;86.0584;1.057;3.5876;-0.8984;13.1395;4.4193
2871;58.5285;4.4381;94.7994;4.6442;45.1592;0.8906;1.0194;-12.9204;-61.8445;13.1043
2872;78.251;4.8189;79.2791;3.986;34.9649;0.9125;0.9343;-14.3584;-65.8716;14.6506
2873;32.4335;3.767;115.2602;3.2095;57.4918;1.126;0.8986;-18.9828;-73.3977;18.7954
2874;59.4769;3.1772;125.9593;2.2765;71.603;1.1106;1.1669;-16.8698;-64.9771;14.2764
2875;69.4409;1.5736;102.5714;6.7906;67.47;0.8597;2.2379;-4.8323;-13.2314;5.7624
2876;53.6257;5.8762;93.5166;3.5514;25.2269;1.0445;0.4627;-19.8474;-85.2334;33.8602
2877;53.1429;5.8909;101.7443;3.2115;68.1141;1.0041;1.2731;-14.0514;-57.7359;11.8304
2878;57.98;5.3206;105.3618;3.9737;86.8182;0.8417;1.613;-7.9591;-36.1175;7.8269
2879;75.2595;5.1319;85.2123;4.1824;44.4988;0.8521;1.03;-12.3575;-59.7089;12.4097
2880;66.6281;2.9059;73.7361;7.0578;94.3931;0.8548;3.3252;2.4371;29.6613;3.8562
2881;30.0;1.2285;60.0;4.1078;59.9095;0.9978;2.4234;-6.9894;-19.0405;6.1759
2882;31.8274;6.4334;137.2722;8.5501;57.1946;0.941;0.6717;-16.4196;-76.2058;21.0136
2883;59.0764;4.1828;113.212;4.6955;53.8559;1.0427;0.9885;-16.5801;-68.4015;15.8235
2884;78.2384;3.2107;109.4861;7.6855;72.1092;0.8387;1.7122;-7.8053;-31.9467;7.3472
2885;30.0;2.0559;137.2041;5.9409;38.1084;0.966;0.9003;-15.3455;-68.9321;16.0938
2886;61.0049;1.7205;73.0616;5.1416;36.3141;0.9807;1.3868;-12.8816;-52.861;10.6069
2887;60.5275;3.4197;64.7972;6.9668;49.8059;1.0674;2.3206;-7.9808;-27.5327;6.8997
2888;94.9901;6.3965;110.0823;6.2833;75.764;1.3417;1.4589;-19.8083;-63.7559;13.7954
2889;63.0696;7.6752;107.6073;5.552;86.0732;1.2397;1.0977;-20.1198;-70.4835;16.9397
2890;76.8938;7.3797;64.8673;8.0764;63.5805;0.9852;1.5639;-11.0845;-47.0882;9.4497
2891;72.5426;7.6935;109.4043;3.8524;66.0288;0.8;0.8344;-12.2354;-65.2339;14.3818
2892;31.6498;7.5229;90.4787;3.1076;68.4314;0.9025;0.8201;-14.9009;-69.7114;16.5078
2893;83.8277;4.3929;81.7281;3.5857;46.6522;1.2023;1.2729;-18.061;-64.7077;14.1674
2894;73.8771;2.7828;92.0024;7.2284;62.3749;0.989;1.977;-9.2015;-33.3682;7.5039
2895;79.1488;6.3353;60.0;6.7761;32.954;0.8;1.1451;-10.0489;-52.2854;10.479
2896;140.6723;2.7529;86.2566;3.8121;28.5626;0.9597;1.1248;-14.1327;-60.9336;12.7987
2897;32.486;3.0193;83.8556;1.068;60.1447;0.9101;1.339;-11.3999;-50.9604;10.1958
2898;101.0445;2.8537;114.9441;4.2912;42.6909;1.2868;1.1119;-21.0961;-71.1973;17.3595
2899;64.8259;4.3208;96.1215;3.0801;64.2176;0.89;1.5372;-9.7141;-42.4298;8.6851
2900;75.1719;3.2845;117.3179;3.8591;41.5097;1.0864;0.8123;-18.562;-75.0763;20.0612
2901;69.1808;2.4134;60.0;3.0184;45.3316;1.1476;1.8225;-13.1519;-47.0626;9.4451
2902;62.3637;3.9697;81.0767;2.1857;66.9972;0.8;1.6536;-7.1484;-31.1016;7.2571
2903;59.743;7.1043;114.9123;7.4248;71.9103;0.8616;0.9443;-12.8259;-63.4691;13.687
2904;75.9312;4.656;92.569;3.5745;42.5898;0.9182;1.1073;-12.7509;-59.8002;12.4379
2905;42.6909;7.1556;123.5363;6.719;35.0692;1.0279;0.4205;-19.6275;-86.3657;36.6721
2906;83.5104;2.6568;63.6895;4.2679;65.3806;0.8878;2.6651;-2.574;0.0584;4.9971
2907;62.5085;2.4914;120.0548;2.9038;71.6908;0.8;1.5458;-7.6673;-35.5927;7.7631
2908;49.6588;4.6874;85.2327;5.3636;89.3564;0.8176;2.0219;-4.6178;-17.5624;6.0652
2909;61.8998;4.026;83.1895;4.0134;79.5724;1.2069;2.0386;-13.8934;-43.6937;8.88
2910;92.6287;5.2462;128.1155;4.2893;66.6867;1.5135;1.1615;-25.609;-74.4196;19.5462
2911;60.364;6.3044;133.7063;4.8174;82.5051;1.063;0.9868;-17.1137;-69.0559;16.1582
2912;76.4522;5.9333;129.5213;3.3817;84.9328;1.2408;1.1364;-19.7471;-69.472;16.3784
2913;56.8428;8.0405;166.4726;2.1683;43.0402;1.0734;0.4468;-20.5767;-86.1237;36.0325
2914;83.6426;3.6742;137.2592;4.5231;61.2576;1.1499;1.0433;-18.4137;-69.7561;16.5323
2915;82.3391;2.714;81.9665;6.0459;87.9027;1.1597;2.9036;-6.8725;-16.5405;5.9909
2916;103.275;4.5352;103.6044;3.2476;59.334;1.1452;1.2532;-17.182;-63.5223;13.707
2917;66.8398;2.1218;91.3886;4.8309;54.4115;1.0737;1.5733;-13.4713;-51.1547;10.2364
2918;82.0358;3.1231;166.0755;6.8583;74.084;1.0289;1.1065;-15.6492;-64.1519;13.9477
2919;71.7652;2.722;131.8135;4.4654;31.4668;0.9221;0.6465;-15.9068;-76.6287;21.3938
2920;93.3257;3.6653;95.3877;4.7291;51.9782;1.1108;1.2943;-15.9262;-61.1608;12.8736
2921;57.061;2.1252;124.5426;4.6828;61.5418;1.064;1.3583;-14.7904;-57.4475;11.7502
2922;83.4101;1.3696;73.4879;3.5765;73.7877;0.8341;3.0127;0.1322;20.4015;4.1528
2923;66.4954;5.2226;106.4564;3.11;59.3935;1.2684;0.9361;-21.8148;-75.398;20.3236
2924;68.8446;4.909;79.0982;3.1161;59.1278;1.2194;1.5127;-17.3468;-58.6484;12.0914
2925;71.6515;5.5961;65.5637;5.1523;54.1331;1.0394;2.1703;-8.6765;-30.4015;7.1841
2926;74.5403;5.2477;121.669;5.7368;49.9814;1.2656;0.9162;-21.7723;-75.869;20.7202
2927;67.9079;2.1476;125.5015;5.8076;30.6201;1.1566;0.7839;-20.4061;-77.4075;22.1312
2928;73.8648;3.1339;112.1092;4.0322;60.5856;0.9157;1.5068;-10.4193;-45.1499;9.1158
2929;98.4061;2.2539;95.5289;6.24;47.495;0.8;1.5078;-7.8599;-37.176;7.9587
2930;87.7381;6.7685;72.863;5.061;31.7364;0.8;0.7014;-12.9991;-70.777;17.1098
2931;85.6448;5.8975;74.8012;4.7061;70.4592;1.2872;1.6814;-17.124;-56.4593;11.4835
2932;61.8003;2.6878;78.4805;-0.409;59.4013;0.9944;1.7013;-10.6619;-42.9685;8.7671
2933;53.9937;3.3816;94.3255;3.3739;57.3935;0.9286;1.507;-10.5981;-45.9028;9.2426
2934;87.1954;8.51;130.8714;2.3184;55.3238;0.8764;0.7634;-14.5547;-70.9642;17.2201
2935;85.7688;4.805;130.3563;5.5406;50.9445;1.0128;0.8763;-16.5234;-71.1598;17.3369
2936;96.5081;6.3636;66.223;4.7425;40.9569;1.2007;1.1173;-19.1075;-68.9831;16.1203
2937;59.1283;3.0068;84.0878;2.992;64.4396;0.85;1.6959;-8.1443;-33.4987;7.5186
2938;65.8681;2.7336;83.5237;5.0565;70.1152;1.0191;2.148;-8.7658;-29.744;7.1168
2939;40.4893;6.2093;60.0;2.4648;66.007;1.7017;1.4963;-27.5919;-70.6889;17.0584
2940;62.9355;5.4295;115.2035;3.0344;65.6396;1.4376;0.9916;-25.1246;-77.0082;21.7469
2941;87.9383;5.394;94.0315;3.5347;62.603;0.8;1.4016;-8.4061;-41.5997;8.5616
2942;61.6031;4.5457;97.2111;5.4102;39.1105;0.8;0.8352;-12.0107;-65.199;14.3674
2943;81.5286;4.6128;139.9994;6.6992;51.1946;1.435;0.8242;-26.2972;-80.8547;26.1161
2944;66.5709;5.8076;102.2323;3.721;38.0107;1.1962;0.7424;-21.487;-79.3136;24.1704
2945;75.833;3.0326;89.7913;6.5837;73.9237;1.0103;2.3613;-6.3061;-22.0965;6.4182
2946;49.3416;3.4394;115.3752;4.6711;46.734;1.1115;0.8015;-19.3509;-75.9626;20.8009
2947;71.5338;7.0783;130.3063;4.9542;81.2209;0.9387;1.0882;-13.6078;-61.3569;12.9389
2948;30.0;3.2206;107.6933;4.5043;77.374;0.8753;2.1221;-5.6812;-19.1889;6.1873
2949;66.6359;4.5072;118.8031;4.304;47.829;1.1573;0.9006;-19.7682;-74.0606;19.2757
2950;40.6515;5.5531;96.4262;5.259;58.8081;0.9808;1.0771;-14.4269;-63.3955;13.6595
2951;91.7079;9.9293;97.9744;5.7105;67.7538;1.1888;0.8414;-20.6651;-76.4076;21.1933
2952;83.9933;3.8719;102.8658;3.2731;44.551;0.8961;1.0013;-13.5627;-62.7512;13.4233
2953;78.4001;3.833;82.8383;4.316;86.3535;1.1532;2.5018;-9.3262;-27.6864;6.9143
2954;97.3781;6.7646;86.7608;7.1039;78.129;1.0644;1.7444;-12.1347;-45.3716;9.1528
2955;52.9195;6.4036;141.1242;4.8658;70.9911;0.8;0.695;-13.3272;-71.0409;17.2657
2956;101.4525;5.7711;165.2004;5.03;59.8224;1.3429;0.713;-24.7437;-82.302;28.2518
2957;86.7794;4.0255;148.8918;6.3509;40.1613;0.8;0.6156;-13.6783;-74.3509;19.4939
2958;65.742;3.2949;71.8339;3.8481;47.6215;1.305;1.5907;-18.0791;-59.3687;12.3058
2959;90.4412;4.8991;70.1198;4.5491;64.9303;1.0953;1.9347;-12.0793;-41.1192;8.4917
2960;50.0867;7.131;74.2541;5.8253;92.0106;1.1367;1.5899;-14.6507;-53.3782;10.7246
2961;55.1587;7.2199;103.4168;6.4584;57.5599;0.9061;0.8081;-14.8501;-70.2715;16.8189
2962;59.0454;2.1053;60.0;1.0523;46.8256;0.9289;1.7454;-9.1265;-37.3633;7.9825
2963;60.4784;3.8344;86.3121;3.495;75.7168;1.0008;2.666;-5.4083;-11.2032;5.6308
2964;50.982;4.0338;142.1588;3.1025;39.7069;0.8;0.5702;-13.6513;-76.2401;21.0439
2965;92.0155;8.7799;127.8401;4.4143;77.4776;1.1219;0.7839;-19.5407;-76.7106;21.469
2966;65.3406;5.3726;88.0493;3.216;43.3587;0.9308;0.8778;-14.8157;-68.5638;15.9052
2967;76.3451;3.7216;89.7323;5.5962;65.436;0.8;2.0682;-4.072;-13.8246;5.8021
2968;59.7337;1.2867;115.2358;4.8586;50.0412;1.4586;1.321;-23.5454;-69.8113;16.5625
2969;37.2291;4.624;126.3414;5.9338;75.355;1.0545;1.2644;-15.7663;-60.0303;12.5095
2970;74.861;2.0106;87.5216;6.0295;79.2579;1.0673;2.6449;-6.1551;-17.3936;6.0528
2971;35.5794;6.682;94.3092;5.6186;87.1645;0.8709;1.2114;-11.5169;-53.6346;10.7839
2972;68.7646;5.9432;86.8053;4.0963;64.5521;1.0687;1.4303;-14.1748;-55.3893;11.2081
2973;45.3703;4.0103;71.6887;4.7564;71.7913;1.1585;2.2677;-11.6177;-34.7542;7.6633
2974;105.771;3.839;94.6546;3.9087;54.5604;0.8;1.719;-6.7706;-28.3764;6.9809
2975;86.4045;7.3872;92.8689;2.5529;64.9355;1.1283;1.1256;-17.4416;-66.7474;15.0364
2976;71.9036;3.1212;72.9671;6.0307;61.4255;0.8091;2.1407;-4.2882;-11.8038;5.6692
2977;92.7467;2.9319;117.5296;4.4739;54.2514;0.8;1.4457;-8.89;-39.7627;8.3005
2978;54.7663;7.9892;112.8433;2.3461;64.4677;0.8385;0.7691;-13.3951;-69.4283;16.355
2979;79.7826;6.4384;118.9972;5.4054;54.6718;1.5221;0.7491;-28.6422;-83.5966;30.4814
2980;73.5966;6.5462;82.5292;4.2641;69.7422;1.1696;1.5276;-15.6037;-56.4653;11.4851
2981;74.7524;2.6531;60.9026;1.5103;73.0155;0.9965;2.8915;-3.8604;-3.274;5.1692
2982;92.9024;2.3448;112.3931;2.5394;66.316;1.4056;1.8744;-18.8764;-55.5494;11.2485
2983;83.1849;1.2863;84.7022;3.5491;64.471;0.8315;2.4772;-3.2177;-0.6954;5.035
2984;75.197;2.8727;80.0381;4.9158;46.6497;0.8144;1.3988;-8.9819;-42.7464;8.7331
2985;40.212;6.1249;73.0327;5.782;76.8724;0.8325;1.9002;-6.7456;-23.9173;6.5718
2986;52.7192;2.8877;93.3485;5.7307;57.3689;1.4559;1.4216;-22.6123;-67.4513;15.3616
2987;67.7912;5.7556;148.3393;5.5043;54.9393;1.1897;0.6319;-21.8347;-82.2949;28.2404
2988;71.6807;2.946;88.1295;4.5485;50.3198;0.8495;1.4056;-9.4425;-44.8428;9.065
2989;49.6563;3.6586;76.1511;7.1833;83.1935;0.8708;2.367;-4.3875;-9.3935;5.5184
2990;113.4102;8.9418;117.7017;5.6498;77.7925;1.0583;0.9564;-16.8781;-69.8768;16.5985
2991;97.2951;2.9113;104.415;4.9332;40.3904;0.8;1.0973;-10.1245;-54.2784;10.9357
2992;80.8381;3.5602;60.0;5.4499;78.6849;0.965;3.1209;-1.2761;7.8011;4.6382
2993;71.2967;3.1825;118.0085;4.0014;37.4554;0.8198;0.768;-13.0943;-68.7726;16.0116
2994;66.1802;2.1136;170.2533;4.5141;30.6183;0.9863;0.4753;-18.49;-83.9373;31.1279
2995;52.8655;4.1757;60.0;1.4771;27.5472;1.1772;0.8047;-20.4468;-77.2131;21.9424
2996;71.3946;3.5722;73.4235;4.0199;65.9133;1.4171;2.2104;-17.5838;-48.0052;9.6163
2997;74.6395;5.4956;60.0;7.2398;85.0981;0.8;3.0588;1.2115;27.4517;3.9231
2998;47.6483;6.5172;98.135;4.8226;68.5175;1.1275;1.0863;-17.8604;-67.8853;15.5692
2999;76.0152;4.4948;128.0943;4.7601;55.2213;1.1452;0.8942;-19.6118;-73.9715;19.2097
3000;67.2053;1.3745;102.6726;6.0979;60.9756;0.9547;1.8465;-8.9132;-35.5321;7.7558
3001;35.6595;4.9659;141.6231;5.1367;57.8848;0.8882;0.6605;-15.2059;-75.2122;20.1712
3002;54.5131;1.647;123.0767;3.4203;59.4456;0.888;1.3549;-11.2028;-49.1416;9.8312
3003;62.5551;4.949;153.0412;4.6355;87.1532;0.8;1.1339;-10.3808;-52.7523;10.5825
3004;103.9784;5.4234;133.6498;2.8972;82.1842;1.1686;1.2064;-18.3479;-65.5881;14.5299
3005;80.018;2.6673;90.4172;4.8754;46.5565;0.8582;1.4957;-8.812;-41.9081;8.607
3006;45.9613;6.534;101.6822;3.3434;46.4;0.8;0.6866;-12.8912;-71.3901;17.4764
3007;78.7487;7.5684;80.4794;5.9924;62.4586;1.0667;1.2201;-15.4968;-61.8732;13.1141
3008;42.1485;6.4744;94.3967;3.8346;47.6443;1.0647;0.6869;-18.9999;-78.4951;23.2506
3009;89.4884;3.2022;101.5578;3.3629;84.5586;1.1846;2.8183;-8.5869;-20.6955;6.3048
3010;61.5198;4.7571;97.8997;4.4308;60.2368;1.4384;1.3297;-22.9746;-69.1835;16.2251
3011;68.3145;7.6199;139.8728;5.1481;89.3052;1.0081;0.8726;-16.7032;-71.1463;17.3288
3012;93.8643;3.2787;92.0773;2.789;21.0713;0.9419;0.5675;-17.0356;-79.916;24.8955
3013;46.8311;6.5405;79.2136;3.8181;67.0139;0.9248;1.1747;-12.8265;-57.6608;11.8094
3014;44.8519;0.9744;80.4606;4.7577;68.9508;0.9428;2.5848;-5.0703;-8.6156;5.4714
3015;59.4952;0.7943;117.7949;6.6076;61.5359;0.8628;2.1023;-5.6741;-18.7834;6.1564
3016;88.6908;6.0026;70.4135;0.8069;83.199;0.9169;2.0503;-6.8461;-25.4603;6.7078
3017;42.6518;6.0171;95.0947;5.5227;57.3695;0.8656;0.8882;-13.2754;-65.7978;14.6189
3018;30.0;6.2539;139.3579;4.0247;56.4738;0.8124;0.6354;-13.6052;-73.9289;19.1784
3019;61.8791;7.8429;107.5891;3.8581;40.8469;1.4153;0.5547;-27.3707;-86.9353;38.271
3020;79.9313;2.1734;98.1522;3.5783;55.3588;1.3193;1.8575;-16.826;-53.0697;10.6541
3021;91.6047;2.8473;99.1063;4.0542;81.7514;0.8;2.2456;-2.7664;-6.4342;5.3438
3022;61.6631;7.4697;77.3066;5.5312;43.4726;1.0656;0.9748;-17.0388;-69.5069;16.3972
3023;62.5943;2.5517;80.7119;3.7948;63.6489;0.9871;2.1849;-7.167;-26.2177;6.7767
3024;90.7702;5.4031;95.2376;7.0879;49.0969;1.0294;1.2211;-14.9879;-60.4604;12.6455
3025;36.3446;4.4121;107.0171;5.5358;95.1014;0.8;1.6292;-7.4521;-32.1171;7.3656
3026;63.0066;1.9056;126.7489;4.897;52.4975;0.8;1.175;-10.3304;-51.043;10.213
3027;73.4276;3.1058;102.341;4.3509;66.2278;0.989;1.8082;-10.0452;-39.0591;8.2047
3028;78.0859;4.3524;140.2412;6.3848;53.9961;0.9287;0.8251;-15.1626;-70.3867;16.8843
3029;60.8235;6.8665;149.3765;6.604;67.7149;0.8959;0.7636;-14.5785;-71.5906;17.5998
3030;70.6199;5.5899;121.9958;2.8579;73.2888;0.9595;1.2999;-12.6301;-54.8397;11.0717
3031;30.0;4.9855;135.8316;3.5472;74.0272;1.1274;1.0174;-18.4285;-69.9205;16.6226
3032;58.1515;4.2109;78.0611;5.5519;80.0729;1.1928;2.3493;-11.858;-34.3446;7.6155
3033;78.1632;3.1708;75.0287;6.005;60.684;0.8218;2.0572;-5.0863;-16.5604;5.9924
3034;52.3187;2.1829;113.8252;4.1495;70.208;0.8374;1.5624;-8.6902;-37.8043;8.0391
3035;71.0617;3.7313;71.5122;3.4863;57.1462;1.0305;1.7905;-11.1707;-42.0799;8.6326
3036;78.0437;1.323;92.9979;4.7179;62.6156;1.2771;2.2253;-14.3681;-41.9173;8.6084
3037;63.8341;2.7389;121.2638;6.815;70.6796;0.9581;1.5102;-11.1541;-47.4613;9.5168
3038;73.0683;3.8567;142.382;4.6616;74.057;1.0294;1.2312;-14.7675;-60.1311;12.5411
3039;52.6708;3.7821;93.8424;2.7041;59.4409;0.8;1.1774;-10.3561;-50.9429;10.1922
3040;66.281;1.5257;85.0028;4.7644;56.583;0.8;1.8643;-5.5741;-22.32;6.4367
3041;80.9839;4.7724;108.3412;5.7741;44.8615;1.5883;0.866;-29.2133;-81.8262;27.5121
3042;72.8255;4.5277;76.4613;4.4479;47.4119;1.057;1.3498;-14.7157;-57.4333;11.7463
3043;59.4424;1.862;95.7605;6.4873;58.6847;0.8158;1.7405;-7.2206;-28.8802;7.0304
3044;74.0359;8.0559;99.8002;5.8988;66.3243;0.8;0.8872;-11.7554;-63.0351;13.5263
3045;82.863;2.0363;99.3028;4.5074;73.85;1.3353;2.3061;-14.8512;-42.4327;8.6855
3046;33.1011;6.893;102.2372;4.6647;69.325;0.8279;0.9214;-12.4687;-62.9039;13.4785
3047;90.8633;0.5858;81.1697;1.8374;79.0891;0.8277;3.9862;6.1287;60.5248;3.1148
3048;63.9474;7.2021;83.3811;6.4153;76.2997;0.8665;1.4893;-9.553;-42.7052;8.7268
3049;77.6588;1.1844;82.9627;4.1057;69.3522;1.0278;2.4674;-6.7817;-19.9806;6.2485
3050;91.5504;5.9868;66.6961;4.0001;68.6503;1.1362;2.1103;-11.554;-38.0915;8.0764
3051;45.3099;3.4848;108.9215;3.7752;51.5282;0.9418;1.0432;-13.8544;-63.0781;13.5421
3052;57.2301;5.8276;125.0651;5.285;33.0935;0.8108;0.4436;-14.9535;-81.7617;27.4148
3053;64.8061;3.6925;122.0277;2.907;73.1107;1.5833;1.462;-25.4129;-69.2203;16.2444
3054;55.8924;1.7977;93.6483;3.1237;64.8734;0.9064;2.1592;-5.3571;-20.593;6.2967
3055;101.2289;6.068;81.6481;4.5212;70.1655;1.0021;1.6594;-11.583;-44.8046;9.0587
3056;54.5781;1.8009;120.4517;3.6602;59.7919;0.8;1.4171;-8.4279;-40.9558;8.4682
3057;60.0002;7.7243;117.3195;5.1029;58.9155;1.1228;0.7076;-20.0796;-78.9936;23.8023
3058;73.679;1.6003;105.586;3.7152;30.9106;1.244;0.7575;-22.621;-79.7036;24.6349
3059;48.3613;4.1157;154.6629;6.9926;54.4673;0.842;0.842;-12.9313;-66.6657;14.9996
3060;62.8777;5.7084;99.3415;5.6402;78.9642;0.8;1.6704;-6.8472;-30.4003;7.1839
3061;75.7142;3.6479;93.7796;5.6213;53.7428;0.9265;1.497;-10.7564;-46.1415;9.2836
3062;64.0085;2.7714;90.4879;3.6926;18.5047;1.4612;0.5247;-28.4418;-88.0303;41.772
3063;68.319;5.9974;67.6908;8.2085;80.0315;0.8797;2.2947;-4.8566;-13.0552;5.7508
3064;60.472;6.2126;117.9788;3.9415;40.1601;1.6596;0.5417;-32.85;-89.1189;45.9512
3065;42.7395;7.7327;97.3973;3.5293;54.9213;0.8939;0.7629;-14.657;-71.553;17.5765
3066;75.7887;3.5591;113.5965;5.6601;43.4861;0.8;0.8897;-11.9738;-62.9276;13.4871
3067;101.5888;4.2699;158.4818;4.8928;37.2696;0.903;0.5416;-16.4671;-80.0086;25.0107
3068;70.3312;3.4922;90.6932;3.3724;45.3409;0.8;1.1039;-10.3758;-54.0031;10.8703
3069;74.0548;2.971;60.0;7.8938;37.2939;0.866;1.632;-8.6117;-37.1837;7.9597
3070;82.469;5.9311;112.7799;6.0634;59.1108;1.0794;0.9943;-17.2535;-69.2961;16.2846
3071;47.1521;3.3733;104.2597;4.606;49.9024;0.9112;1.0825;-13.4836;-60.3998;12.6262
3072;100.6453;3.8333;83.2674;8.2017;44.5589;1.2464;1.5009;-17.955;-59.8586;12.456
3073;73.6419;3.7027;110.4416;5.8162;51.5282;0.8983;1.231;-12.1498;-54.3249;10.9469
3074;99.3734;5.6287;121.7165;4.5821;58.1836;0.8;1.1537;-10.1752;-51.9278;10.401
3075;56.8054;7.6619;78.9266;8.0222;74.9593;1.03;1.6566;-12.6936;-46.3883;9.3263
3076;102.7251;5.2925;92.7435;5.5885;58.2898;0.9708;1.3039;-13.2702;-55.2271;11.1675
3077;83.9528;4.0721;144.656;5.5229;82.4475;0.9953;1.3739;-12.8481;-53.9866;10.8664
3078;79.9547;6.1682;83.4932;4.0205;51.6736;0.8;1.0391;-10.6848;-56.7058;11.5489
3079;74.2124;5.1138;101.6807;4.6741;49.8974;1.055;0.9291;-17.2002;-70.6465;17.0337
3080;65.5265;1.6998;60.0;3.984;56.3049;1.3202;2.5888;-12.8501;-34.6354;7.6494
3081;91.6096;2.0073;69.0416;6.7596;53.6593;0.8;2.392;-2.2819;-0.3347;5.0168
3082;72.5265;1.449;104.0165;2.1859;31.5741;0.8;1.0205;-10.9014;-57.4799;11.7592
3083;34.5927;3.9899;135.9337;6.6488;77.3494;0.8;1.4197;-8.8338;-40.8462;8.4525
3084;49.8906;6.597;71.1409;3.284;69.2534;0.9943;1.6297;-11.5952;-45.3644;9.1515
3085;66.6548;3.2413;101.8816;4.5131;52.7332;0.8;1.1088;-10.4832;-53.7987;10.8222
3086;75.58;3.6005;91.0347;4.1572;45.2483;1.0675;1.2869;-15.0266;-59.8162;12.4428
3087;68.9814;7.5465;126.9054;3.8198;63.1766;1.0739;0.8547;-18.0561;-73.4707;18.8471
3088;91.9415;6.7067;73.7528;5.6347;69.7677;1.0762;1.7893;-11.9862;-44.5829;9.0225
3089;34.8802;5.2804;111.3512;4.5922;71.3061;1.6783;1.1204;-29.7957;-77.7471;22.469
3090;72.5846;3.0173;84.9232;3.5985;49.4961;0.8;1.9219;-5.6988;-19.9204;6.2438
3091;37.2764;2.1673;105.7343;4.831;48.6138;0.8;1.1969;-9.7177;-50.1296;10.026
3092;83.6748;1.1176;101.7382;3.5559;61.2261;1.2914;2.3579;-12.9503;-39.1389;8.2154
3093;68.2997;2.0942;93.8995;3.7933;74.1527;1.1124;2.1601;-11.3045;-35.2737;7.7248
3094;77.553;3.1413;112.688;2.3541;58.7855;1.258;1.3602;-19.1386;-63.9582;13.8728
3095;54.4501;4.5405;101.0973;3.9245;72.9864;0.8;1.3318;-9.2925;-44.5086;9.0104
3096;93.0304;1.7329;96.7344;5.3413;75.7105;0.8;2.7227;-1.0236;13.4467;4.4074
3097;88.751;2.2987;91.475;4.6557;55.6754;1.2162;1.9841;-13.7019;-45.6218;9.1949
3098;80.5038;2.5738;101.9589;7.3226;52.4284;0.9671;1.4088;-12.2047;-51.4451;10.2976
3099;67.6687;5.053;105.7081;8.5192;56.0774;1.3006;1.0829;-22.002;-72.2474;18.0163
3100;80.4374;4.9453;78.0918;3.9037;78.0043;0.92;1.8685;-8.938;-32.3016;7.3857
3101;57.2759;4.5343;91.634;3.35;57.4205;0.9585;1.2166;-13.4278;-57.6899;11.8175
3102;85.4;2.9391;76.813;6.2947;55.527;1.581;2.03;-21.8505;-57.2015;11.6826
3103;99.6907;3.5331;99.0088;5.1028;50.007;0.8121;1.2878;-9.7891;-47.143;9.4595
3104;89.271;2.0154;86.2359;6.3038;85.1712;1.1597;2.9907;-6.5086;-14.0349;5.8163
3105;56.8672;2.8191;121.2514;5.1982;84.0416;0.8;1.6745;-6.7181;-30.229;7.1663
3106;76.5055;7.3918;118.3152;4.3085;45.7401;0.8409;0.5496;-14.8072;-78.2155;22.9521
3107;46.7235;8.8379;79.3988;4.317;51.0002;1.1589;0.6571;-21.4525;-81.0994;26.4542
3108;80.303;5.1595;99.9423;5.2492;61.6095;0.8;1.314;-9.0583;-45.2517;9.1327
3109;78.1109;7.6481;117.3076;4.2833;79.6543;1.1916;0.969;-20.1254;-72.8948;18.4466
3110;36.3433;5.1258;95.7119;6.4293;61.2528;0.9568;1.1253;-13.3577;-60.7955;12.7536
3111;49.0879;1.3879;83.3556;2.6465;71.0738;0.8228;2.3494;-2.9738;-4.8176;5.2531
3112;64.9035;9.536;76.1016;6.4212;89.3958;0.9788;1.397;-12.5629;-52.4254;10.5098
3113;64.5845;2.033;123.8086;1.7899;59.213;0.8894;1.0794;-12.5149;-59.547;12.36
3114;48.2294;5.4061;125.3172;4.8177;43.2122;0.8674;0.6472;-14.7607;-75.1273;20.1023
3115;77.0016;2.9505;94.9341;4.1034;45.1388;0.9058;1.724;-9.284;-36.5549;7.8808
3116;74.5265;3.6413;121.1106;2.3255;63.3973;0.8;1.1139;-10.548;-53.5876;10.773
3117;66.5032;5.1476;60.0;1.51;70.5486;0.8;2.2024;-3.4026;-8.2318;5.4485
3118;56.3958;3.8784;139.3598;2.9537;48.7224;0.8;0.763;-12.569;-68.2095;15.728
3119;88.8767;2.9394;96.1524;4.6685;48.8417;1.1059;1.3309;-15.4132;-59.886;12.4645
3120;99.7973;3.3472;103.608;3.6967;23.4885;1.0903;0.655;-19.5278;-79.9751;24.9689
3121;61.2959;3.3828;92.2997;3.0386;69.2832;0.8532;1.6298;-8.0423;-36.328;7.8527
3122;58.981;8.3553;141.7546;6.6284;67.6042;0.9744;0.6031;-17.4191;-79.3704;24.2371
3123;78.8417;6.3405;76.7066;2.7517;62.8485;1.3192;1.8085;-18.5746;-54.3031;10.9417
3124;63.5555;3.9995;144.5731;5.6187;69.2645;0.8823;1.0728;-12.4012;-59.4685;12.3361
3125;67.4909;2.6785;110.4141;3.2665;55.1979;0.948;1.2092;-12.9884;-57.4802;11.7592
3126;83.3138;6.4549;116.8436;2.9158;30.7439;1.4736;0.4118;-29.514;-90.6861;50.0
3127;35.6316;2.4321;92.0995;3.6942;58.6919;1.0807;1.5074;-14.2647;-53.5042;10.7537
3128;93.7294;2.7357;72.1044;5.5299;44.0316;1.1985;2.4257;-10.3089;-32.5363;7.4114
3129;71.3082;3.5069;126.1912;2.5428;75.4346;1.1526;1.4125;-15.9973;-59.1492;12.2396
3130;62.5931;7.1792;108.0963;5.0312;52.5866;1.1064;0.7119;-19.8294;-78.5507;23.3108
3131;68.3938;2.2692;140.5518;3.1589;54.0223;0.8649;0.9069;-13.2314;-65.048;14.3053
3132;69.3237;2.2038;95.2711;3.4288;78.6742;0.8231;2.1598;-4.4951;-12.5339;5.7165
3133;38.8384;4.1991;90.0498;5.201;63.5574;1.1444;1.4053;-16.4096;-59.0657;12.2147
3134;96.9089;3.0632;141.4848;7.8602;60.6155;1.1104;1.2658;-16.2966;-62.0002;13.158
3135;70.7439;4.6447;161.2803;3.2335;50.149;1.0475;0.8323;-17.4288;-73.5143;18.8781
3136;77.974;3.9613;100.234;5.6798;41.8101;1.0601;0.9127;-17.4953;-71.3029;17.4233
3137;87.1279;3.8701;82.8458;4.1309;62.8148;0.8569;1.7661;-7.8262;-31.2964;7.2776
3138;51.6191;2.1308;122.4623;3.8879;41.4042;0.8;0.8159;-12.0831;-66.0046;14.7079
3139;78.5225;2.3303;93.8469;6.2071;35.904;0.8636;1.1373;-11.7807;-56.1022;11.3901
3140;65.1825;6.5506;116.162;3.3347;49.0832;0.9511;0.5944;-17.0985;-79.1674;24.0009
3141;85.2419;7.2452;93.7237;2.8688;73.9212;0.8878;1.5537;-9.8501;-41.6686;8.5717
3142;31.7099;2.8609;147.8464;5.2903;55.3116;1.3683;0.8248;-24.8169;-79.9067;24.884
3143;68.2163;2.1416;83.9564;6.9922;62.713;1.3433;2.0392;-16.6928;-49.3981;9.881
3144;59.1492;1.6263;112.7646;5.725;70.7291;1.1859;2.5668;-10.3048;-27.8527;6.9303
3145;77.7807;4.8963;88.4993;2.4895;73.1212;1.2765;2.2581;-13.2319;-41.0339;8.4794
3146;78.4608;5.6493;93.2043;3.677;63.0144;0.8;1.2155;-10.2165;-49.3533;9.8723
3147;57.2627;3.5418;90.2114;6.0694;22.9355;1.1544;0.6402;-20.9195;-81.5135;27.0468
3148;57.1809;5.3846;120.28;6.9717;60.2874;0.9929;0.8719;-16.3456;-70.7276;17.0809
3149;68.008;5.631;125.8085;4.9431;76.0793;0.912;1.0238;-13.276;-62.5778;13.3611
3150;53.8604;7.9264;114.9624;3.7312;84.022;0.945;0.863;-15.4242;-69.5608;16.4262
3151;85.1557;1.7413;97.3365;7.069;49.4202;0.9474;1.7081;-10.2118;-39.9;8.3195
3152;63.3543;2.637;103.5666;4.4881;55.7485;0.927;1.6401;-9.7568;-41.023;8.4779
3153;30.0;1.7757;125.161;3.6913;60.3991;0.8842;1.0716;-12.5116;-59.6039;12.3774
3154;63.2532;7.0372;126.1533;3.4376;70.4003;0.8;0.8697;-11.9203;-63.764;13.7984
3155;51.3062;6.2861;60.0;2.8075;53.8662;0.8;1.2521;-9.7903;-47.8301;9.5841
3156;40.637;4.6815;93.4209;8.8504;37.7506;1.0837;0.8057;-18.3554;-75.2177;20.1757
3157;47.7263;1.9096;94.5478;6.7314;46.5316;0.8;1.2871;-9.3218;-46.3697;9.3231
3158;71.9694;3.0484;118.2124;3.6156;53.8772;1.4756;1.1063;-25.3621;-75.0102;20.0082
3159;93.9155;3.1661;98.3446;7.1977;42.392;0.8831;1.3259;-10.4369;-49.9507;9.9902
3160;75.6373;4.5953;119.6973;5.4;46.0587;0.8;0.78;-12.3552;-67.5013;15.3852
3161;59.0829;2.9756;76.3635;5.3112;62.0368;1.1101;1.9689;-12.36;-40.8776;8.457
3162;78.2063;1.8164;106.7174;3.5231;45.9854;0.9733;1.1822;-13.3635;-59.5116;12.3492
3163;61.7364;5.7687;125.2387;3.8288;70.9365;0.8273;0.932;-12.0204;-62.4498;13.3155
3164;57.4972;3.1728;69.1705;4.5364;60.8841;0.8915;2.221;-6.2741;-16.9565;6.0209
3165;49.2215;3.9653;187.4629;1.6517;56.1858;0.9823;0.6413;-17.456;-78.2404;22.9783
3166;38.4671;2.2413;134.6787;3.8698;57.1991;1.2421;1.3746;-18.8412;-63.1127;13.5548
3167;62.9814;6.3764;100.0338;4.6067;70.2472;0.8;1.0782;-10.5188;-55.0738;11.1294
3168;72.845;4.6249;81.2937;6.5643;74.7944;1.0658;2.1636;-9.0688;-32.3317;7.389
3169;68.2608;7.4418;95.7173;3.6752;50.3432;1.3898;0.875;-24.8468;-79.0124;23.8236
3170;62.5126;4.2077;102.1172;5.8182;70.3144;0.8496;1.4301;-9.6996;-43.8931;8.9116
3171;52.9766;8.0264;111.6463;1.5093;58.6074;1.1614;0.646;-21.065;-81.4579;26.9657
3172;80.9484;7.3184;145.5232;6.3505;36.3958;1.1437;0.3951;-22.4699;-88.4844;43.4195
3173;46.2916;4.6929;88.7786;3.2495;36.3997;1.4568;0.7852;-26.7208;-82.0333;27.8293
3174;83.9685;7.9033;115.1053;4.7954;80.9868;1.0481;1.0368;-16.3768;-67.0258;15.1634
3175;51.9601;3.2907;72.3896;5.2095;64.0039;1.1511;2.051;-12.6787;-40.6073;8.4185
3176;56.4562;3.505;90.1766;4.9153;70.0359;1.2375;1.8942;-15.0145;-48.9771;9.7995
3177;43.5979;1.5393;109.8757;4.4398;51.6401;1.1314;1.2936;-16.8826;-61.8888;13.1195
3178;60.9748;4.7733;118.8647;2.7377;59.2388;0.8365;0.867;-12.7697;-65.4496;14.4716
3179;87.5556;5.6998;82.8359;3.2657;82.7758;0.8644;1.8643;-7.5161;-28.1074;6.9548
3180;79.2813;6.1192;89.5657;6.0946;93.4501;1.0549;1.8136;-11.9653;-42.6951;8.7253
3181;87.6116;2.3863;144.0714;3.7039;73.9416;1.1895;1.3748;-17.5087;-61.4741;12.9783
3182;79.3986;3.9202;133.7065;4.4451;43.564;1.07;0.7419;-18.7217;-76.8868;21.6326
3183;50.1339;2.5495;105.3496;2.3619;74.1554;0.8128;1.5141;-8.7844;-37.9063;8.0524
3184;64.0458;5.2599;60.0;5.8879;62.4096;0.9521;1.9864;-8.4073;-30.4557;7.1897
3185;55.9564;2.4368;187.3453;2.6208;70.8156;0.8;0.863;-12.1708;-64.0436;13.9057
3186;93.9503;7.4755;99.503;5.9739;45.3268;1.1248;0.7204;-19.8027;-78.6511;23.4204
3187;48.4578;2.8404;92.4833;3.0059;66.6613;1.4857;1.5678;-22.8158;-64.8241;14.2143
3188;86.0866;3.1355;87.7578;6.1218;40.5488;1.1111;1.2875;-16.4348;-61.3767;12.9455
3189;86.0732;6.8512;109.8661;4.6153;59.1165;0.8;1.075;-10.6258;-55.2069;11.1624
3190;102.9332;3.999;110.147;3.7619;54.5636;1.0212;1.526;-13.1047;-50.1926;10.0387
3191;62.6256;1.2549;126.8274;7.0006;44.7896;0.9971;1.1185;-14.5138;-62.6088;13.3721
3192;82.8218;4.2026;79.333;4.4967;31.9108;0.8993;0.9364;-13.565;-65.2915;14.4057
3193;111.0697;1.917;92.485;4.0573;59.8723;0.8;2.5005;-1.9841;4.1878;4.799
3194;58.8824;9.0128;166.136;5.9637;48.2064;1.1004;0.3449;-21.8645;-89.5524;47.8577
3195;42.3693;4.7664;105.7754;2.3793;62.4507;1.2087;0.96;-20.2405;-73.5234;18.8846
3196;36.1598;2.9683;95.7786;0.8093;81.0853;0.8379;1.5961;-7.8745;-36.5085;7.8751
3197;82.8288;4.6136;79.0251;6.337;65.9959;0.8363;1.8099;-7.3349;-27.8611;6.9311
3198;36.1033;1.8511;113.4831;3.3455;55.7727;0.9385;1.3656;-11.4728;-51.4972;10.3087
3199;63.2983;6.3521;129.4021;5.8969;32.282;1.417;0.4037;-28.4129;-90.5027;50.0
3200;77.8716;7.7716;124.4392;4.6692;64.9845;0.9449;0.87;-15.0074;-69.3072;16.2904
3201;73.3332;7.1105;93.7348;2.854;71.8928;0.858;1.2713;-10.8174;-50.6077;10.123
3202;77.658;3.3839;109.4517;5.5109;46.4157;0.9232;1.0231;-13.6994;-63.0622;13.5363
3203;74.0012;3.304;151.8791;3.9847;56.8612;1.1228;0.9076;-19.1066;-73.0538;18.5555
3204;93.0196;1.4129;130.6982;2.984;75.8168;0.8;2.2399;-4.0515;-6.6724;5.3575
3205;52.8583;5.1852;82.1979;3.0231;67.9946;0.9547;2.0964;-7.6134;-26.8053;6.8311
3206;57.8141;4.4386;60.0;2.0007;80.9903;0.9328;3.6783;1.8264;31.4436;3.8039
3207;56.0921;4.0039;107.7015;5.2045;69.4439;0.9786;1.602;-10.6979;-45.4312;9.1627
3208;84.9435;7.5216;122.0966;3.1969;74.5868;0.8701;0.9652;-12.903;-63.0222;13.5216
3209;86.2072;2.4968;76.1621;4.5479;62.5322;0.8;2.238;-3.3008;-6.7479;5.3618
3210;78.1221;0.9791;99.7805;4.3274;70.9921;1.205;2.344;-10.6361;-35.1575;7.711
3211;91.3029;1.8196;93.6201;3.1877;40.4931;0.8;1.3338;-8.9688;-44.4252;8.9969
3212;48.7953;2.8033;102.6414;2.3157;30.228;1.3675;0.6073;-26.1642;-85.1969;33.7766
3213;100.01;1.3891;87.2691;8.4006;77.1862;1.072;3.7986;0.2785;18.1129;4.2332
3214;97.4183;4.2501;138.0751;4.5272;67.494;1.146;1.1803;-17.727;-65.6688;14.564
3215;83.2412;3.2463;103.7685;7.3351;55.7612;1.0127;1.4402;-12.7418;-52.5973;10.5479
3216;102.0724;2.5704;80.2716;6.3474;80.921;1.2657;3.432;-5.4712;-9.6188;5.5321
3217;40.1808;5.9233;125.7802;4.1183;63.7354;1.1132;0.849;-18.9391;-74.5786;19.6685
3218;60.5599;2.7036;72.9025;4.8714;66.5284;1.2982;2.3602;-13.6936;-39.3954;8.2502
3219;56.7645;5.4421;137.8676;4.8279;71.6272;1.1844;0.8977;-20.3187;-74.7356;19.7907
3220;82.9866;3.4217;128.1159;7.3663;81.7443;1.2505;1.655;-16.9167;-55.8847;11.3339
3221;51.0975;4.3023;141.5445;5.8448;82.4165;0.8668;1.1657;-11.4673;-55.1701;11.1533
3222;83.6349;7.9029;96.1211;3.3891;47.6519;0.9267;0.6771;-15.8979;-75.6459;20.5304
3223;94.6697;1.4419;88.3355;5.1274;65.158;1.0032;3.0075;-2.6152;-0.0711;5.0036
3224;82.5137;4.2352;102.1228;5.8065;54.0234;1.0007;1.1133;-14.6823;-62.9154;13.4827
3225;75.1075;6.8886;97.9112;2.837;27.9595;1.1219;0.5424;-20.9762;-83.8842;31.0255
3226;52.2183;4.7655;84.9435;5.3412;55.8769;0.8608;1.3611;-10.3954;-47.2926;9.4863
3227;54.7567;3.0654;87.0745;6.6182;61.1658;0.9988;1.6227;-11.6329;-45.8416;9.2322
3228;92.4931;3.6712;91.2476;3.3138;32.7627;1.1336;1.1264;-17.7893;-66.8788;15.0961
3229;84.0283;5.3889;74.6395;3.521;90.3969;0.8;3.2952;3.3959;37.2996;3.6417
3230;69.2976;7.3054;118.4701;6.3407;76.4184;1.2353;1.0438;-20.3854;-71.8358;17.753
3231;62.4776;1.4876;98.7011;4.0686;83.6755;1.5053;2.3693;-17.0952;-47.5339;9.53
3232;33.5355;1.8035;92.5802;3.127;27.7728;0.8327;0.6988;-13.8911;-72.0268;17.8742
3233;50.7247;3.3004;75.7608;5.9234;87.8443;1.3444;3.5607;-7.2925;-11.7135;5.6634
3234;104.4055;2.8513;74.8194;5.4653;84.0345;1.0464;3.3935;-1.6467;8.1049;4.6251
3235;46.9518;3.0084;162.2517;4.7416;60.7159;0.8377;0.8223;-13.2723;-67.2794;15.2809
3236;73.4106;2.7924;85.4863;6.2869;77.0718;1.18;2.7001;-9.7578;-23.7293;6.5556
3237;88.134;2.6566;116.4896;6.3935;35.0882;1.4739;0.8922;-26.4143;-79.823;24.7807
3238;47.4114;2.2613;104.1496;4.4758;69.8491;0.9225;1.7034;-9.9408;-38.4528;8.1238
3239;73.3248;7.9043;60.0;7.5615;53.1906;0.8079;1.3703;-9.3894;-43.4652;8.8441
3240;86.8825;2.3505;156.5355;6.9751;36.8161;0.8;0.8795;-11.8632;-63.3528;13.6436
3241;70.225;2.7033;118.6516;1.6236;55.5728;0.9715;1.0988;-14.0585;-62.2974;13.2617
3242;121.6313;2.9184;82.5375;3.0548;60.3773;1.0332;2.168;-9.0747;-30.055;7.1485
3243;39.9652;7.8894;99.2933;1.2171;47.011;1.4374;0.693;-27.1691;-83.9288;31.1115
3244;89.0571;5.9695;75.029;4.1129;57.9613;1.4508;1.3148;-23.066;-69.7913;16.5515
3245;66.8896;6.2603;157.8626;2.7832;87.6322;0.8758;1.0148;-12.4846;-61.3762;12.9454
3246;83.8946;2.0773;79.6989;3.3785;42.6772;1.1753;1.5346;-16.202;-56.4757;11.4878
3247;77.9435;6.7007;87.7419;6.2359;57.4361;0.8;1.2776;-9.4795;-46.7677;9.3928
3248;56.8032;3.7266;83.3276;1.9678;64.5298;1.0147;1.5788;-12.5144;-48.1358;9.6406
3249;74.1219;2.9984;102.0298;4.7946;48.8836;0.9743;1.1363;-14.1989;-61.1261;12.8621
3250;36.5578;4.6884;140.8576;4.7855;66.4347;0.8393;0.7963;-13.3758;-68.3748;15.8102
3251;80.8585;6.5613;156.4152;4.4764;82.4899;0.9762;0.8748;-15.8398;-70.1311;16.7398
3252;75.3669;6.1634;90.5065;4.7962;68.4213;1.1837;1.2314;-18.111;-65.3225;14.4186
3253;81.4959;7.2953;109.918;1.2516;73.3476;1.2452;1.1082;-20.363;-70.3332;16.8539
3254;89.0461;7.8139;102.0687;3.3857;63.6844;0.9714;0.8949;-15.333;-69.2928;16.2828
3255;76.6172;2.8781;78.239;6.9145;47.5742;0.9827;2.3616;-6.6145;-19.8968;6.2419
3256;72.6656;3.8102;183.2423;2.8047;87.0564;0.8;0.9989;-11.0998;-58.3798;12.0134
3257;54.1408;1.0894;140.5917;7.0999;87.6028;1.0563;1.9663;-10.5179;-37.9493;8.0579
3258;57.18;7.1671;104.8414;2.4898;48.4071;0.9483;0.7407;-16.1365;-73.963;19.2035
3259;91.3612;2.416;148.5081;2.3094;46.1345;0.9821;0.8908;-15.9872;-69.7664;16.5379
3260;95.854;6.9649;135.3951;3.1723;58.0418;0.9082;0.8374;-14.6961;-69.2654;16.2683
3261;65.714;3.322;102.0676;6.2936;71.6791;0.8271;1.8008;-7.0558;-27.4293;6.8898
3262;70.828;3.5178;108.4903;3.7808;67.7895;0.8397;1.4022;-9.6087;-44.3395;8.983
3263;53.7169;1.464;145.9409;5.1181;69.8534;0.8734;1.3424;-10.2468;-48.7689;9.7597
3264;91.1096;3.3095;78.9356;4.7105;81.7493;0.8;2.6415;-0.7628;10.0628;4.5429
3265;81.9775;7.2753;151.9563;4.5183;80.5277;1.06;0.794;-18.2166;-75.0331;20.0265
3266;104.9419;1.2789;94.5276;6.5112;54.968;1.1186;2.009;-11.8711;-40.1356;8.3522
3267;54.1902;3.7168;146.3995;5.7573;58.9814;0.9728;1.2177;-13.8098;-58.2757;11.9834
3268;63.1959;1.3636;99.8694;2.8856;47.4406;1.036;1.2589;-14.7862;-59.4945;12.344
3269;74.166;3.5321;108.8066;4.1866;46.3458;0.9551;1.2068;-13.2949;-57.8843;11.8721
3270;81.6368;2.5249;99.146;7.2152;44.211;1.2567;1.4299;-18.2166;-62.0705;13.1823
3271;66.118;2.9475;87.5499;5.0793;77.7349;1.0109;2.7772;-4.4557;-8.4212;5.4598
3272;54.2867;7.147;93.4715;2.3382;64.9737;1.0571;1.0779;-16.5274;-66.0098;14.7101
3273;85.8653;3.8761;141.1676;2.4444;48.8821;1.1744;0.9563;-19.5622;-72.8569;18.4209
3274;82.9804;3.0507;60.0;5.9352;72.5826;0.9952;2.9777;-3.5365;-0.269;5.0135
3275;53.5071;4.7742;73.3637;5.6537;60.9695;1.3213;1.5482;-18.5624;-60.9421;12.8015
3276;94.398;2.3371;83.4128;3.218;56.0733;0.8755;2.3794;-3.7843;-9.412;5.5195
3277;91.0636;2.982;76.3695;5.7214;62.8774;1.4123;2.1944;-16.3297;-48.2067;9.6538
3278;72.4173;4.5069;145.8626;6.9991;48.9588;0.9614;0.7033;-16.2748;-75.6145;20.504
3279;71.4328;2.8751;136.9464;6.7868;79.7092;0.8776;2.0524;-5.5149;-22.0497;6.4143
3280;79.973;5.3807;115.9522;7.0064;34.2677;0.8;0.5915;-13.7227;-75.3558;20.2888
3281;54.4893;4.1849;85.2612;5.4332;28.4912;1.1904;0.6841;-21.8805;-80.843;26.1001
3282;70.5406;6.1061;139.6212;4.3335;60.9514;0.9295;0.7724;-15.1808;-72.302;18.0518
3283;31.2571;8.1448;67.2312;3.9963;51.2498;1.0291;0.9203;-16.6837;-70.1915;16.7738
3284;85.7762;2.1584;170.8295;4.5739;63.6424;1.0536;1.2868;-14.8585;-59.2913;12.2824
3285;41.8931;3.3483;84.2689;3.286;70.2623;0.9071;1.5963;-9.7975;-41.337;8.5233
3286;97.0616;3.2732;93.6591;4.0611;65.3265;1.2395;2.0243;-14.2572;-45.5597;9.1844
3287;64.0578;2.3949;89.8224;6.5127;66.2682;1.0952;2.0729;-10.6131;-36.9125;7.9255
3288;66.19;6.4483;76.4696;2.1864;50.7068;0.8434;1.0797;-11.1881;-57.3257;11.7167
3289;58.7008;6.004;161.8142;2.289;74.8597;0.8;0.724;-12.9964;-69.8347;16.5753
3290;64.8153;4.1446;121.8016;5.8458;72.3519;1.1691;1.4719;-16.5846;-58.0348;11.9146
3291;95.5336;4.4558;135.509;4.0747;66.7407;0.9529;1.2557;-12.9082;-56.0758;11.3832
3292;30.0;1.6892;73.6448;1.7115;35.4052;1.1498;1.3601;-16.5701;-60.5706;12.6809
3293;92.9854;4.5632;104.6273;4.508;69.5152;0.9513;1.8051;-8.9369;-36.7487;7.905
3294;76.0844;6.275;113.9121;4.2938;76.2791;1.0433;1.1089;-15.6944;-64.5728;14.1135
3295;48.2736;4.6764;107.0033;3.9534;71.2206;1.1748;1.7945;-14.5728;-49.0816;9.8196
3296;50.6444;3.0102;74.8194;5.6286;60.4244;0.8;1.9835;-4.6094;-17.3539;6.0499
3297;100.1751;5.2981;130.8492;2.6002;58.8177;1.401;0.9479;-24.5967;-77.4466;22.1696
3298;52.9809;3.4838;103.0854;4.6195;42.1819;1.078;0.9312;-18.0864;-71.2075;17.3656
3299;49.2397;4.4986;78.7619;4.2835;44.826;0.8;1.2562;-9.6323;-47.6578;9.5525
3300;90.4717;4.1625;62.8881;4.6567;85.6733;1.3095;3.4594;-6.0874;-11.9385;5.6778
3301;76.094;3.585;116.3772;2.0017;87.6821;1.2186;1.9325;-15.5709;-47.1408;9.4591
3302;53.1173;5.6763;184.5248;3.816;83.1963;0.9627;0.7364;-16.4397;-74.5025;19.6098
3303;73.8992;7.2211;77.5836;4.6297;68.7604;1.322;1.6276;-18.3624;-58.9616;12.1837
3304;51.5365;0.8518;104.3533;5.4117;53.4878;0.8801;1.5936;-9.1765;-39.6393;8.2835
3305;89.8148;7.8989;131.999;7.3696;71.0307;0.9743;0.8094;-15.8971;-72.3081;18.0558
3306;89.1047;4.3005;72.803;5.8089;78.8422;1.5982;2.8097;-16.7818;-41.399;8.5323
3307;79.5761;5.5389;88.693;5.2917;55.2722;1.1098;1.1254;-17.3546;-66.1981;14.7921
3308;76.5099;6.9015;80.6509;6.5072;54.0012;1.2421;1.4428;-17.6855;-61.2791;12.9129
3309;101.7014;4.0471;127.9116;4.1443;49.8379;1.1775;1.087;-18.5567;-69.229;16.249
3310;69.9944;6.6873;139.289;6.9309;55.2381;0.8;0.6602;-13.4388;-72.4915;18.1762
3311;48.7263;2.5539;104.056;6.2789;21.5808;1.0616;0.5027;-20.2307;-84.215;31.6757
3312;78.0905;2.4443;81.0233;3.9312;57.9299;1.0423;1.9342;-10.8314;-38.1431;8.0832
3313;107.5488;5.2274;89.5209;7.4859;33.0492;1.2676;0.8114;-22.8573;-78.6628;23.4333
3314;51.7343;7.0614;85.417;5.2704;63.0903;1.3501;1.1331;-22.0812;-72.0239;17.8724
3315;63.4937;7.3254;78.3239;7.8895;36.804;1.2943;0.819;-23.1751;-78.907;23.7046
3316;77.496;5.1326;97.4813;5.0548;42.0123;0.9097;0.8407;-14.7682;-69.1968;16.2321
3317;69.0297;4.3826;115.4545;3.7571;23.1239;0.8;0.4052;-14.8677;-83.1174;29.6164
3318;52.3185;3.332;113.0392;3.4487;47.742;1.1051;0.9331;-18.0749;-71.8536;17.7643
3319;90.1934;8.8468;99.7944;4.0664;58.2123;0.9824;0.835;-16.1772;-71.6673;17.6475
3320;111.7607;3.2739;101.4366;3.7431;63.2291;0.8103;2.1186;-4.5507;-12.8479;5.7371
3321;73.5304;5.8755;97.9819;6.5071;71.9209;0.87;1.4856;-9.5978;-43.0802;8.7843
3322;53.7268;4.4212;72.3031;4.5565;31.9526;0.9883;0.9183;-15.8402;-69.0274;16.1433
3323;42.1187;4.8977;104.0846;2.179;43.4941;1.053;0.6956;-18.43;-77.9802;22.7069
3324;74.6436;3.6491;86.4239;4.9195;62.9109;0.8948;1.6819;-9.0796;-37.3442;7.9801
3325;89.8698;8.4705;71.4026;4.7883;48.8082;0.9968;1.0215;-15.4991;-65.8413;14.6376
3326;78.553;4.663;109.7107;3.8971;58.511;0.9855;1.1714;-14.2209;-60.3782;12.6193
3327;69.9567;7.966;85.8188;5.0014;62.1232;1.0565;1.0561;-16.2578;-66.6804;15.0062
3328;59.3931;0.9246;105.8591;4.5338;39.6118;0.8227;1.6226;-7.2417;-34.2566;7.6053
3329;50.3411;4.6692;123.6036;5.5506;51.8468;0.8697;0.7741;-14.1329;-70.329;16.8515
3330;85.0255;5.6633;78.855;5.4625;67.9257;1.3096;1.9021;-16.4229;-51.5866;10.3277
3331;86.4479;5.8827;102.3298;5.1474;37.1627;0.9495;0.7153;-16.4644;-74.8897;19.9121
3332;42.1769;7.4862;63.5969;2.6517;59.2775;1.1;1.3908;-15.6799;-57.8537;11.8634
3333;98.6171;0.8233;146.6874;7.7785;43.2202;0.8;1.0876;-10.2188;-54.6827;11.0333
3334;80.3333;0.5886;71.1936;2.266;66.1067;1.2681;3.05;-8.3832;-19.8305;6.2368
3335;95.1927;4.0759;87.9233;4.4069;68.8692;1.259;2.1316;-13.7728;-43.5632;8.8595
3336;45.8417;1.3341;139.7374;2.9583;59.4421;1.0616;1.0253;-16.481;-67.8058;15.5307
3337;45.4152;8.6986;94.3055;5.1945;63.9448;0.8844;1.0016;-12.9795;-62.2493;13.2448
3338;67.3186;2.7965;74.13;4.8076;65.8952;0.8;2.1279;-3.7718;-11.3383;5.6394
3339;79.0501;4.0782;119.5146;4.3469;47.4156;1.576;0.8719;-28.7468;-81.5576;27.1115
3340;102.3345;1.705;118.843;6.8767;65.4589;0.9221;2.0183;-7.0455;-27.0394;6.853
3341;82.7094;4.3623;85.3597;6.2627;47.2671;0.8;1.1913;-10.3072;-50.3643;10.0734
3342;65.6317;3.5787;87.7015;4.1093;47.9466;0.8875;1.2514;-11.4652;-52.9986;10.638
3343;51.5254;1.5299;89.6863;5.8062;83.6047;1.0831;2.5921;-7.3489;-20.2285;6.2679
3344;92.14;3.3506;94.9561;6.947;58.6639;0.8;1.8349;-6.424;-23.5453;6.5398
3345;52.6353;3.6384;62.2979;6.252;51.8679;0.8886;1.8275;-7.8125;-31.4487;7.2938
3346;99.3124;9.1813;95.5657;4.3957;68.8069;0.8;0.9016;-11.8579;-62.4315;13.309
3347;64.8811;2.722;156.2018;2.2145;61.4846;1.3346;0.8724;-23.5137;-78.2111;22.9475
3348;98.6305;4.498;79.9321;5.087;86.2836;0.9836;2.9442;-2.7056;-0.2212;5.0111
3349;82.2208;9.0816;86.4267;5.6029;40.2399;0.8;0.6413;-13.4466;-73.2809;18.7132
3350;67.5341;6.281;74.3859;3.4456;66.3631;0.8353;1.4257;-9.3427;-43.1047;8.7881
3351;60.6509;9.3359;116.5372;4.6338;60.8606;0.8789;0.5659;-15.7108;-78.5388;23.2979
3352;63.8637;8.548;135.0938;4.4757;27.4497;1.0046;0.2558;-20.3646;-91.5119;50.0
3353;77.7097;4.1737;134.3233;6.6816;83.712;0.8333;1.7691;-7.0716;-29.238;7.0659
3354;71.3888;5.5066;73.198;7.3807;66.4187;0.9296;2.0591;-7.8272;-26.1643;6.7718
3355;59.3114;2.1196;113.3089;6.3628;83.0429;0.8803;2.0608;-5.9409;-21.9664;6.4075
3356;67.0186;3.9038;143.1092;4.4717;55.1895;0.8;0.8304;-12.3652;-65.3999;14.4508
3357;71.4144;6.4363;113.5889;6.3216;56.2858;0.8327;1.0477;-11.441;-58.0643;11.923
3358;31.6828;4.2646;112.7049;5.5732;74.8523;0.857;1.1458;-11.3485;-55.4347;11.2195
3359;78.247;5.5536;88.8775;4.4877;71.4391;0.8;1.4715;-8.5384;-38.6881;8.155
3360;52.365;5.8881;105.657;7.7386;55.6552;0.8;1.0044;-10.745;-58.1518;11.9479
3361;49.24;2.9535;136.2171;3.493;54.4055;0.8878;0.9622;-13.464;-63.8708;13.8392
3362;39.6278;7.1249;108.5513;5.5059;34.9902;1.1888;0.4352;-23.2189;-87.7965;40.9718
3363;37.7099;4.0065;73.1931;5.8593;77.4181;0.9708;2.0175;-8.6028;-30.731;7.2182
3364;45.6019;2.7343;89.2249;4.1688;73.101;0.8;1.9007;-6.1673;-20.8034;6.3134
3365;57.2376;7.0084;135.2994;5.4387;61.279;1.2239;0.6944;-22.1905;-81.0878;26.438
3366;105.1587;3.7779;108.4572;6.0182;38.7021;0.8706;1.0391;-12.2269;-60.213;12.5669
3367;60.5342;5.9252;103.0213;4.967;31.6272;1.3332;0.5265;-25.899;-86.8372;37.9857
3368;73.1995;4.5177;87.066;5.3087;48.6283;1.1751;1.1541;-18.3485;-67.2621;15.2728
3369;77.2087;3.5886;134.6017;4.7581;77.9019;0.9405;1.3042;-12.6647;-53.7777;10.8173
3370;72.3592;6.4443;151.5284;5.7963;59.2136;0.9617;0.7068;-16.6426;-75.5018;20.4097
3371;68.606;4.7433;137.1352;4.2565;65.7269;0.8;0.9315;-11.6747;-61.1865;12.8821
3372;48.4847;3.6339;143.4258;4.1323;78.6816;1.1392;1.0967;-17.9275;-67.9084;15.5804
3373;96.1167;2.1134;91.4227;4.6308;58.4326;1.3817;2.6661;-13.2925;-35.6799;7.7736
3374;102.5295;7.3632;88.246;6.3755;42.172;0.8647;0.8002;-14.1702;-69.1518;16.2084
3375;39.7121;1.4178;96.1668;1.979;60.301;0.8864;2.2778;-4.7759;-14.3439;5.8373
3376;51.5675;6.9837;100.969;3.2359;66.1998;1.484;0.8985;-26.9273;-79.8167;24.773
3377;64.9634;3.476;143.0115;8.0137;62.8884;1.0174;1.0882;-15.1668;-64.3474;14.0242
3378;52.6383;5.1027;133.8396;5.0128;60.8039;0.8;0.8308;-12.0913;-65.3821;14.4434
3379;79.1074;7.7254;114.4099;3.9894;73.0171;0.8;1.0668;-10.8038;-55.5488;11.2483
3380;56.8911;2.3982;69.9215;5.7923;60.5244;1.4061;2.8396;-12.7879;-32.6864;7.4279
3381;108.971;4.6336;65.573;3.4225;39.3527;1.0994;1.406;-15.444;-57.3683;11.7284
3382;91.4299;6.0421;106.1959;1.4458;70.1205;0.8105;1.3839;-8.9288;-43.0885;8.7856
3383;73.8263;5.9849;124.6159;5.1322;73.572;1.0698;1.092;-16.375;-65.9756;14.6954
3384;88.4858;4.3835;98.0305;3.5038;62.3156;0.8467;1.3874;-9.4129;-45.3789;9.154
3385;89.9062;5.0045;161.4017;4.7521;72.3505;0.8;1.1638;-10.712;-51.5077;10.3109
3386;59.8489;5.9845;76.2914;5.0941;51.7354;0.9332;1.156;-12.7615;-58.7113;12.1098
3387;55.3081;6.7486;73.9273;4.8132;53.5602;0.9983;1.0138;-16.066;-66.1483;14.7703
3388;71.4066;6.0201;84.6987;2.0365;53.7647;0.8;1.0082;-11.2696;-57.9927;11.9027
3389;85.5095;3.4457;83.8975;4.6394;70.6559;0.8;2.0638;-4.7066;-14.0071;5.8144
3390;72.5031;9.5334;114.0619;5.2669;67.3574;0.8184;0.7056;-13.2125;-71.2628;17.399
3391;41.6141;3.8677;89.9939;2.4999;63.6742;0.96;1.3554;-12.5961;-52.937;10.6241
3392;55.5492;1.2623;67.9118;2.3212;45.873;1.0261;1.6766;-11.3422;-45.5332;9.1799
3393;68.6685;3.4895;124.9689;2.9965;25.4642;0.8;0.5632;-13.9008;-76.5337;21.3071
3394;68.638;2.2421;64.4044;5.7201;60.1411;0.8901;3.3506;0.8288;25.4763;3.9848
3395;105.5058;2.1983;76.5057;1.6025;52.2955;0.9102;1.9637;-6.9679;-28.0816;6.9523
3396;45.0522;3.0878;66.6526;5.8447;84.0067;0.8;2.804;-0.2537;16.8336;4.2796
3397;79.1006;1.6259;105.3144;5.1881;70.4621;1.046;2.0732;-9.67;-33.9328;7.5681
3398;96.804;5.4487;104.7611;4.2137;76.2936;1.1268;1.4529;-15.6394;-57.018;11.6328
3399;110.8861;1.8256;161.4643;2.3791;54.3728;1.0644;1.19;-15.4317;-62.7315;13.4161
3400;62.7208;2.6973;125.6659;3.4053;71.9777;0.8;1.9049;-6.029;-20.6301;6.2996
3401;78.8457;1.9854;143.3919;5.7729;87.4972;1.127;2.0129;-12.2543;-40.4668;8.3987
3402;80.2557;1.7248;107.4819;6.4851;44.2783;0.98;1.2678;-13.212;-56.877;11.5947
3403;73.5187;3.0219;78.3305;3.053;80.0841;1.2171;2.7655;-8.779;-24.2621;6.6017
3404;68.2208;4.6644;103.2545;6.3128;61.635;1.1004;1.4702;-15.1692;-55.4623;11.2264
3405;77.8476;8.4675;115.9635;5.6288;74.2154;1.0644;0.919;-17.3772;-71.2204;17.3734
3406;30.0;7.1233;119.2381;4.5897;48.7729;0.9452;0.6261;-16.5838;-77.9191;22.644
3407;82.2773;7.1277;88.8604;3.4932;36.3287;1.2107;0.6447;-22.4362;-82.2501;28.1692
3408;72.2712;2.5449;112.9976;3.7279;49.6666;0.8;1.0999;-10.7016;-54.1717;10.9103
3409;65.9955;3.0083;79.195;7.3344;69.7264;0.8;2.7302;-0.0315;13.7575;4.3953
3410;106.8435;1.847;77.042;4.8677;76.4447;1.7305;3.3753;-17.5818;-34.9845;7.6905
3411;57.8512;6.1618;75.6581;6.5948;81.8233;0.8;1.7739;-6.3327;-26.0866;6.7647
3412;62.7446;1.7877;100.6175;4.9623;59.2856;0.8;1.5576;-7.9794;-35.1011;7.7043
3413;105.848;4.5705;74.4934;3.921;62.3967;1.1744;1.9528;-13.7412;-44.5735;9.021
3414;55.0229;2.9263;89.9257;5.4761;70.3047;0.8;2.4283;-1.5761;1.1801;4.9417
3415;60.0979;2.9045;125.3236;7.8368;57.1536;1.1587;1.2116;-17.9667;-65.1437;14.3446
3416;67.3535;9.2146;77.315;3.6338;58.5539;1.2781;0.8816;-22.5364;-77.0074;21.7461
3417;85.1332;5.9783;88.1546;5.9708;72.2089;1.3089;1.5988;-18.6408;-59.2858;12.2807
3418;73.7404;6.707;101.8069;4.8858;70.0933;1.0134;1.3678;-12.9743;-55.0111;11.1139
3419;46.7327;4.6649;106.3666;2.4257;68.0761;0.8;1.3529;-9.0361;-43.6284;8.8697
3420;60.421;7.0713;88.2653;2.3922;84.8418;0.8329;1.274;-9.9458;-49.0103;9.8059
3421;59.0676;5.1446;121.7397;3.922;29.1636;1.2879;0.4329;-25.2571;-88.7954;44.6247
3422;68.61;8.1081;115.9064;5.1212;63.1616;0.8;0.7658;-12.6256;-68.0911;15.6696
3423;77.6652;3.0869;132.9714;5.9176;63.0389;1.179;1.702;-14.3546;-51.8793;10.3905
3424;77.5277;4.8124;97.9806;2.2436;47.6273;0.8;1.2905;-9.335;-46.2289;9.2987
3425;38.0318;5.4606;87.9673;5.579;78.8736;0.9811;1.4367;-12.7179;-51.1892;10.2436
3426;89.1509;3.6463;84.311;4.4224;80.3003;0.8829;2.4039;-4.4631;-9.2398;5.509
3427;74.5462;7.1717;107.978;4.605;76.8185;0.9152;1.0173;-13.8304;-62.9474;13.4943
3428;94.9216;8.8411;91.002;5.4829;81.4348;1.3077;1.2876;-20.3712;-67.1803;15.2348
3429;77.9956;4.1979;86.7368;7.2192;53.9219;0.8978;1.4076;-10.892;-47.7378;9.5671
3430;89.8238;3.6343;89.398;5.0555;80.176;1.2319;2.3159;-11.8425;-37.3358;7.979
3431;78.3978;4.0741;84.2887;2.5649;43.3896;0.8659;1.2787;-10.3659;-50.7765;10.1577
3432;94.2321;6.8706;105.1014;4.3194;52.3284;1.0538;0.8004;-17.7881;-74.6838;19.7502
3433;79.4005;5.1445;70.2475;5.8782;60.3128;0.9749;1.7566;-9.9903;-39.9369;8.3246
3434;68.2375;1.5312;107.8697;5.9276;57.0045;0.8;1.5273;-7.635;-36.3611;7.8568
3435;110.9038;4.4822;118.4283;5.5987;68.6888;0.8;1.44;-8.787;-40.0001;8.3333
3436;86.0027;1.141;86.4832;3.835;65.6053;0.9488;2.4232;-5.4358;-14.8691;5.8733
3437;80.3274;6.1624;161.6898;2.5483;57.9492;0.9243;0.7359;-15.8703;-73.4601;18.8396
3438;47.0265;3.3166;100.4415;5.4843;66.1274;1.1449;1.4327;-16.4404;-58.287;11.9867
3439;46.8105;4.0745;67.683;2.7786;51.9594;0.8;1.3565;-8.6692;-43.4786;8.8462
3440;75.2689;6.3411;93.2104;5.6395;23.1462;0.8473;0.405;-16.0266;-84.0654;31.3782
3441;72.6194;1.5503;101.5787;5.6399;21.6967;1.0899;0.7365;-19.3148;-77.4764;22.1989
3442;58.9458;2.4405;111.8783;3.8985;57.3567;0.9514;1.3052;-12.4763;-54.2702;10.9338
3443;72.5377;3.6726;93.767;4.4313;69.3221;0.8;2.2397;-3.4237;-6.6781;5.3578
3444;98.5953;2.8368;77.6551;4.898;38.0469;1.0747;1.4279;-14.2999;-55.71;11.2892
3445;82.5172;3.3645;76.0526;3.6778;69.883;1.185;3.0795;-8.0497;-13.3763;5.7721
3446;49.4618;9.6516;84.9252;2.5275;25.2283;0.8191;0.2889;-16.1505;-88.2443;42.5324
3447;67.9928;6.5927;86.9842;4.5412;84.3959;1.2133;1.8177;-14.9659;-50.063;10.0126
3448;55.5106;7.2214;75.296;4.6975;34.9758;0.8876;0.668;-15.3865;-74.9118;19.9297
3449;63.0214;7.9541;83.2599;6.6416;72.256;0.9312;1.1929;-12.7275;-57.2999;11.7096
3450;62.5549;3.3797;117.9233;3.427;76.0645;0.8989;1.347;-11.4278;-50.0507;10.0102
3451;61.4024;3.163;150.999;6.2027;82.0375;1.2249;1.229;-19.0782;-66.5527;14.9489
3452;47.4076;2.8577;120.7878;2.8794;60.8154;0.9679;1.0667;-14.4077;-63.2648;13.6109
3453;67.7022;6.6389;138.606;2.5831;33.5725;1.1672;0.3688;-23.0703;-89.4681;47.4749
3454;59.9091;5.3837;127.5744;4.1487;75.7467;0.9075;1.0746;-12.9312;-60.5256;12.6664
3455;30.0;2.8684;123.1561;3.1886;57.9917;1.0745;1.0006;-17.2903;-68.9593;16.1079
3456;106.9535;3.5634;91.9018;2.5621;39.1024;0.8045;1.0737;-10.8353;-55.5161;11.24
3457;89.5979;4.2726;103.5856;7.5165;64.4897;1.2217;1.6517;-16.1846;-54.9353;11.0952
3458;63.2266;4.3983;90.0185;3.9225;53.7518;0.9405;1.5689;-11.1492;-44.3962;8.9922
3459;70.3387;7.2798;94.6696;8.067;48.1171;1.2838;0.9155;-22.2889;-76.2301;21.035
3460;48.9102;3.5819;101.7188;3.1079;76.1688;0.9896;1.8863;-9.7645;-36.4601;7.8691
3461;100.523;7.5336;119.5293;2.0372;56.0465;1.0193;0.7292;-17.5827;-76.1531;20.9671
3462;104.1512;3.905;111.1634;6.5369;56.1582;1.5798;1.4031;-25.7498;-70.3956;16.8894
3463;72.8205;5.8931;96.035;3.51;51.3458;1.1608;0.9792;-19.3;-71.8795;17.7806
3464;88.4236;7.8464;101.3982;4.8083;68.1723;1.0397;1.1284;-15.6396;-63.8223;13.8207
3465;73.1552;7.5208;111.4455;2.5665;62.9847;0.8;0.7492;-12.8442;-68.7825;16.0166
3466;45.9389;1.663;118.1575;4.5428;49.7465;0.8598;1.0832;-11.8195;-58.0054;11.9063
3467;62.5872;2.7103;68.4033;2.5426;53.9332;1.1701;1.8221;-13.7002;-48.0934;9.6327
3468;72.3747;4.1021;76.3878;4.4891;31.5679;0.9357;0.8263;-15.1868;-70.5646;16.9864
3469;61.8181;3.8517;131.8939;3.8891;48.4195;0.9594;0.7581;-16.2419;-73.6626;18.9844
3470;66.0642;5.1132;98.4898;4.9454;43.9863;0.8054;0.8031;-12.7038;-66.7629;15.0435
3471;68.3548;8.0825;89.9407;5.5385;44.7224;1.0844;0.6794;-19.7047;-79.1167;23.9426
3472;68.5442;2.1339;93.6248;4.9616;53.6153;1.0211;1.5011;-13.0621;-50.9954;10.2031
3473;70.9407;3.9625;93.62;5.2766;61.3962;1.1532;1.3677;-16.0242;-60.4674;12.6478
3474;50.9091;2.6377;114.9681;4.4365;41.4786;1.2809;0.9438;-22.2506;-75.4404;20.3587
3475;57.0937;7.3464;75.8051;3.947;75.1492;1.0939;1.2887;-15.8931;-60.7292;12.7321
3476;46.8775;8.4653;100.6214;5.3052;42.7532;0.8;0.563;-13.8413;-76.5416;21.3143
3477;87.6007;4.1122;106.3462;4.4328;43.8969;0.8;1.0493;-11.0504;-56.2792;11.4362
3478;32.0984;2.0717;110.414;4.49;57.7543;1.1574;1.7328;-14.5352;-50.0948;10.019
3479;90.7646;6.2214;105.7297;5.1966;40.3745;1.0243;0.6448;-18.2374;-79.0176;23.8295
3480;94.9543;5.5122;113.7663;3.0502;80.6251;1.4194;1.3633;-22.4506;-67.9856;15.618
3481;64.5607;3.4491;86.6603;6.7444;74.4989;1.005;2.2014;-7.7228;-26.9832;6.8477
3482;30.0;7.2637;79.0215;4.226;62.3383;0.8;0.9066;-11.7309;-62.2239;13.2359
3483;63.4964;8.7323;184.8272;4.7863;43.2003;0.8;0.2956;-15.5178;-87.6843;40.5986
3484;68.8447;4.5776;92.745;4.5332;75.7428;0.8607;2.1259;-5.6359;-17.6647;6.0727
3485;51.8092;4.6261;95.4933;5.5791;19.8693;1.4166;0.5902;-27.2438;-86.1122;36.0028
3486;60.7261;3.1651;118.4665;5.1088;75.7365;1.2634;1.8171;-16.5901;-52.0569;10.429
3487;97.5435;4.7435;149.0367;4.5251;46.8693;0.8983;0.8271;-14.5802;-69.309;16.2914
3488;81.9687;3.8956;87.2727;6.7731;76.144;0.962;2.4517;-5.2891;-15.0475;5.8856
3489;53.3578;3.1879;77.9031;-0.205;32.1044;0.8;1.0655;-10.8562;-55.6024;11.2619
3490;41.2432;1.7632;73.3052;6.464;88.9166;0.8;3.2186;2.4424;34.1102;3.7283
3491;64.1137;2.9499;148.9256;5.9803;39.7631;1.2508;0.7616;-22.3842;-79.7037;24.635
3492;66.1578;2.6677;77.1417;1.8463;70.7919;1.207;2.2686;-12.5323;-37.3516;7.981
3493;78.9316;4.4815;99.3135;5.9939;65.1312;0.9463;1.533;-10.9347;-46.0007;9.2594
3494;60.3643;4.8533;78.3236;6.1877;48.8122;1.4457;1.1468;-24.1956;-73.5596;18.9104
3495;79.207;4.898;69.622;5.4426;48.9687;1.0908;1.3978;-14.9835;-57.2822;11.7047
3496;104.8328;3.6214;92.9514;2.2614;70.3695;1.0433;1.8341;-10.6302;-41.3982;8.5322
3497;84.679;3.7961;79.1008;5.624;44.6943;1.0445;1.5502;-12.5065;-50.5262;10.1064
3498;69.1344;6.6799;84.1216;6.1108;56.0496;0.8087;1.0369;-11.2643;-57.2597;11.6986
3499;66.7033;4.0983;165.124;3.7417;51.7204;1.2079;0.7266;-21.6934;-79.9471;24.934
3500;63.5799;9.0983;111.2071;5.2617;52.8097;1.2097;0.5517;-22.7904;-84.7989;32.8923
3501;91.2515;3.8955;126.2214;4.0702;37.3653;1.0493;0.8284;-17.4199;-73.6826;18.9988
3502;58.7084;5.1727;122.8956;5.9281;78.8098;0.8;1.2052;-9.5838;-49.7822;9.9566
3503;70.814;1.5937;97.51;4.1297;71.7241;1.2434;2.0766;-13.7812;-44.3298;8.9815
3504;70.9216;5.1987;89.5897;3.7298;60.1424;0.8;1.1511;-9.7671;-52.0369;10.4247
3505;60.9679;6.8567;106.4211;4.5411;57.1869;0.8566;0.8385;-13.5418;-67.3707;15.3237
3506;45.2956;8.0438;104.3012;2.5875;69.0088;1.1231;0.6997;-20.1695;-79.2309;24.0742
3507;75.8135;9.5779;86.7447;4.3921;46.7489;0.9216;0.6833;-15.7082;-75.2871;20.2323
3508;68.9019;3.0909;103.2995;5.1431;49.1152;0.8204;1.2698;-10.276;-48.4069;9.6912
3509;79.0043;4.6861;83.813;5.9049;44.9996;1.3189;1.3096;-20.3706;-66.9032;15.1072
3510;60.3952;3.9562;95.8041;4.9734;69.4919;1.2544;1.4861;-18.0365;-60.5095;12.6613
3511;91.9748;4.6143;91.9596;2.4511;50.3395;1.2377;1.2322;-19.6108;-66.8172;15.0681
3512;54.2181;2.4338;72.8172;6.6284;77.1944;1.0687;2.9657;-4.5158;-7.4968;5.4052
3513;100.8167;6.9071;60.0;6.7542;72.7119;1.007;2.3903;-7.3762;-20.8753;6.3191
3514;38.5425;7.5477;79.0756;4.7689;40.9812;1.4157;0.6308;-27.0138;-85.1469;33.663
3515;77.8259;3.9504;156.9922;3.4721;46.0054;1.3325;0.6754;-24.7639;-83.1051;29.5947
3516;78.5578;3.0825;92.5501;3.8026;52.6098;0.9833;1.6401;-11.0762;-44.4009;8.993
3517;55.68;2.3289;121.4087;4.2947;56.5411;1.7199;1.156;-29.9457;-77.5946;22.3161
3518;77.6391;5.4142;60.0;5.018;68.3347;0.9753;2.0176;-7.8052;-31.0428;7.2509
3519;93.0313;3.2371;77.7189;4.1433;57.4886;1.0801;1.9178;-11.2387;-40.8172;8.4484
3520;30.0973;7.5473;71.2752;3.3124;72.0821;1.3206;1.1639;-21.5673;-70.6229;17.02
3521;79.0494;5.3226;95.0683;6.1345;43.3264;1.0771;0.8797;-17.7619;-72.7774;18.3671
3522;30.0;5.1459;183.2148;4.9859;52.5181;0.9485;0.432;-18.0354;-84.8199;32.9378
3523;52.618;4.5871;112.194;3.0214;51.7328;1.0793;0.7819;-18.5705;-75.8524;20.706
3524;99.325;1.5427;152.7914;5.037;54.8697;0.9989;1.2907;-13.9623;-56.9324;11.6097
3525;59.5279;7.8723;93.8372;4.8428;56.2214;0.8;0.777;-12.4096;-67.6259;15.4445
3526;48.8702;5.0259;140.6659;3.5229;71.6772;1.2222;1.0166;-20.276;-72.2755;18.0346
3527;66.4371;9.3716;167.9194;6.3926;29.1089;0.883;0.2086;-17.8993;-92.1243;50.0
3528;107.2223;4.4533;97.3028;4.8023;83.5638;0.8;2.6501;0.1906;10.4215;4.5281
3529;37.0297;5.6094;87.3877;4.2751;69.4983;1.2725;1.2464;-19.8776;-67.3505;15.3142
3530;51.0764;1.6554;71.9317;4.4748;48.6856;1.0786;1.9296;-10.9606;-40.365;8.3843
3531;96.9538;5.0513;92.5644;5.2659;61.9787;1.1456;1.3456;-16.538;-60.8454;12.7699
3532;103.4386;6.0439;102.0685;4.4917;88.9027;0.975;1.6438;-11.1078;-43.8049;8.8976
3533;68.1382;6.1622;166.1529;4.4792;36.7697;1.0459;0.4059;-20.1476;-87.0638;38.6514
3534;47.6971;6.0901;72.3436;6.1989;78.7646;0.9416;2.1442;-7.4658;-24.0957;6.5872
3535;107.7252;2.8182;101.5027;2.4724;59.0307;0.8417;1.9228;-5.838;-23.8575;6.5666
3536;98.7;8.7209;63.5351;2.7227;62.4178;1.1469;1.2616;-16.9257;-63.3334;13.6364
3537;82.221;9.434;89.8804;5.7654;62.8599;1.0487;0.8987;-17.1206;-71.4365;17.5049
3538;55.3768;1.8399;108.0959;8.2238;48.8008;1.411;1.221;-23.1779;-71.1542;17.3335
3539;69.1175;7.9442;113.6719;5.9147;79.5748;0.8;1.0484;-11.0007;-56.3153;11.4457
3540;67.1135;3.126;115.865;7.3963;69.3473;1.2659;1.4476;-18.6933;-61.8819;13.1171
3541;75.9553;5.4544;110.4454;3.9484;53.2855;0.9254;0.8904;-14.4771;-67.9271;15.5895
3542;96.118;3.3656;115.6162;3.6444;52.5315;0.9079;1.5248;-10.4136;-44.0194;8.9317
3543;85.8295;8.5356;101.15;5.2848;34.038;1.124;0.4656;-21.6791;-86.191;36.2083
3544;50.6072;2.0526;76.9537;6.0305;59.6221;0.8372;2.4834;-2.3976;-1.1286;5.0571
3545;94.7769;4.2207;62.9447;2.6327;59.5016;0.914;2.7858;-1.5905;1.597;4.9214
3546;75.6364;3.8328;87.2256;4.2802;74.793;1.1263;2.5604;-8.3427;-24.2217;6.5982
3547;82.3672;3.3053;96.6906;4.5595;57.5671;0.8985;1.4016;-11.142;-48.0035;9.616
3548;96.3977;5.1449;136.8182;3.5817;59.2487;0.8684;0.9335;-13.4211;-64.1655;13.953
3549;49.9916;2.2642;97.5163;3.7567;56.7853;0.868;1.4008;-9.5819;-46.2059;9.2947
3550;69.3551;5.6593;95.2046;5.8646;83.4659;1.0727;1.514;-13.9921;-52.9547;10.6281
3551;60.4338;8.8639;110.1179;5.3045;48.7297;0.8;0.5382;-14.1167;-77.5745;22.296
3552;41.7785;6.3949;93.4725;5.7977;54.6381;1.1632;0.986;-19.4858;-71.7442;17.6955
3553;76.2408;6.949;122.4626;5.1053;66.0494;1.5267;1.0079;-27.0178;-77.9942;22.7212
3554;115.208;3.4743;164.0225;3.2901;72.6388;1.0007;1.2089;-14.2961;-59.73;12.4162
3555;36.8786;3.2996;172.9265;5.2347;70.2656;1.091;0.9453;-17.8025;-71.1158;17.3105
3556;69.4189;4.3329;102.4557;3.1719;67.4758;1.0544;1.2577;-14.8708;-60.2384;12.5749
3557;81.5298;1.5421;108.7872;4.1324;76.4681;0.8297;2.0141;-5.242;-19.0791;6.1789
3558;72.2154;8.0938;148.396;3.0456;46.3031;1.0653;0.4561;-20.4145;-85.7299;35.0383
3559;67.9637;2.3479;96.3204;3.6837;30.546;1.0455;0.7746;-17.7634;-75.3022;20.2447
3560;46.6141;7.4604;118.5065;4.7357;68.6778;1.4253;0.8026;-26.2561;-81.2293;26.6373
3561;74.1902;1.9089;75.2925;3.9138;66.8411;1.0508;2.7526;-5.8206;-12.6839;5.7263
3562;56.3782;6.5656;92.5233;3.2753;49.5045;1.2819;0.8111;-22.6197;-78.9095;23.7074
3563;30.5814;2.3998;133.513;6.3067;60.4049;1.0896;1.5801;-13.9508;-51.6617;10.3438
3564;91.5027;1.4516;83.5647;4.4206;69.6755;0.9032;2.9227;-1.0487;7.865;4.6354
3565;87.2509;5.681;96.8494;3.8081;64.6873;0.8;1.4229;-9.0151;-40.7113;8.4333
3566;70.9299;3.0817;67.4656;2.9764;71.4461;1.0636;2.3722;-7.5678;-25.6543;6.7253
3567;74.1233;5.6427;165.1101;1.792;49.4028;1.1642;0.5068;-22.2044;-85.4901;34.4593
3568;89.3377;4.5606;137.1297;4.2669;59.3687;0.9824;1.1849;-13.7979;-59.7942;12.436
3569;74.0381;2.1075;104.8148;2.5327;82.1152;0.8811;2.2493;-5.4436;-14.902;5.8756
3570;86.2723;7.8755;113.5279;5.6681;76.5856;1.325;1.0284;-22.6536;-74.1266;19.3249
3571;64.6453;3.965;110.4038;4.6442;64.0579;0.9155;1.2912;-11.5156;-52.9885;10.6357
3572;93.6157;5.7977;141.3513;6.9375;78.8233;0.8;1.1566;-10.242;-51.8099;10.3756
3573;75.7741;4.2396;87.8359;4.9346;71.8837;0.9871;1.7344;-11.2691;-41.4286;8.5366
3574;73.4929;4.8707;120.0895;3.51;78.9725;1.0157;1.284;-14.3352;-57.8599;11.8652
3575;47.1389;3.1908;130.9119;1.78;49.8489;0.8632;0.9264;-13.319;-64.2281;13.9775
3576;75.1652;2.6814;135.5041;5.8098;56.8795;0.9819;1.1055;-14.5708;-62.4704;13.3228
3577;55.0248;4.4847;60.0;2.6516;79.052;0.8;2.8677;1.322;19.487;4.1846
3578;58.5109;3.8987;86.0864;3.9878;84.9827;1.0885;1.9989;-10.5545;-38.7849;8.1679
3579;55.3232;3.6315;77.5077;7.1111;52.4055;0.8106;1.4637;-8.3398;-39.809;8.3069
3580;50.8078;5.3337;103.8105;5.5165;62.8814;0.9265;1.0588;-13.4198;-61.9042;13.1248
3581;108.2459;5.4633;60.4105;5.1848;43.8615;0.8734;1.5104;-10.1141;-42.3548;8.6737
3582;93.9641;1.5443;60.0;6.0165;46.0325;1.3236;2.8687;-12.0605;-27.7524;6.9206
3583;104.5666;3.3687;172.0343;5.9606;56.4738;0.9411;1.0528;-14.0759;-62.7109;13.4087
3584;47.9879;3.7456;116.6984;6.9714;69.2237;0.8448;1.2259;-10.9006;-51.6269;10.3363
3585;71.2826;2.017;103.0715;3.6967;79.759;1.519;2.1966;-18.9694;-51.7995;10.3733
3586;46.7169;2.867;109.5179;4.035;52.2954;1.4318;0.9672;-25.2691;-77.4829;22.2054
3587;57.4775;1.6075;103.7263;3.2164;45.8883;1.1821;1.2107;-17.8432;-65.8587;14.645
3588;53.4737;9.5001;128.3175;4.551;24.6004;1.119;0.2257;-22.94;-93.2764;50.0
3589;92.3125;5.8144;85.3755;4.4017;55.9573;0.8411;1.296;-10.622;-48.6362;9.7345
3590;62.8679;1.9412;104.7759;1.9676;80.2656;1.2429;1.8571;-15.5874;-50.1951;10.0392
3591;89.2308;1.1935;105.8503;3.6191;74.8061;1.0757;2.3853;-8.8621;-26.0845;6.7645
3592;80.8742;5.6794;76.9731;6.7587;80.8524;0.8804;2.2356;-4.2806;-15.3573;5.9072
3593;111.4655;3.8931;137.6089;4.9663;75.8328;1.0286;1.6421;-11.9917;-46.7825;9.3954
3594;43.37;6.2346;89.4564;5.6731;44.5431;0.9113;0.8585;-14.406;-68.5979;15.9225
3595;92.6662;7.7442;128.963;4.4192;53.0535;0.8;0.6994;-13.2216;-70.8585;17.1577
3596;90.6359;4.838;102.9145;1.7694;59.7741;1.314;1.1542;-21.651;-70.7205;17.0768
3597;52.4792;2.608;150.4403;4.407;71.9771;0.8;1.2314;-9.9555;-48.6927;9.7452
3598;88.1284;6.1942;77.0786;6.1625;46.3388;1.5393;1.1182;-26.5957;-75.7846;20.6481
3599;76.0506;8.2858;76.2472;2.8215;53.1482;0.9581;0.8735;-15.6763;-69.6119;16.4538
3600;65.9054;4.7166;79.738;5.7206;59.6678;1.0946;1.538;-13.9875;-53.1663;10.6761
3601;55.1692;5.4014;103.3885;2.0473;41.7602;1.1128;0.6408;-20.2176;-80.8036;26.0466
3602;57.056;3.3624;147.0154;4.6303;72.6081;0.8204;1.1063;-11.3572;-55.0516;11.1239
3603;106.8966;3.5869;148.9251;5.4168;72.6113;0.9588;1.3269;-12.6251;-53.8698;10.8389
3604;70.0123;5.7993;60.0;4.1318;49.5658;0.9799;1.3659;-13.1735;-53.5363;10.7611
3605;84.0783;7.8084;106.4417;8.3087;77.1045;0.8863;1.1045;-12.3081;-58.4613;12.037
3606;55.7638;5.0329;60.0;3.8602;72.5399;1.2305;2.3502;-12.173;-36.3375;7.8539
3607;55.9626;6.2617;121.9887;3.7324;81.97;0.8;0.9872;-11.4762;-58.868;12.156
3608;89.4757;2.519;132.2524;4.9067;72.0213;1.0405;1.5326;-13.5084;-50.9031;10.1839
3609;45.7076;2.7437;98.9989;3.4675;75.3851;0.8;1.8737;-5.6759;-21.9296;6.4045
3610;62.5262;4.4215;102.1217;2.438;33.278;1.049;0.6037;-18.9273;-80.8173;26.0652
3611;70.6125;2.5477;101.858;2.9535;62.9067;1.0345;1.5091;-12.8268;-51.3764;10.2831
3612;72.0047;5.0733;82.1921;5.737;61.836;1.4645;1.5333;-22.2136;-65.101;14.327
3613;66.7763;3.1367;111.3966;4.1426;62.6944;0.8843;1.4406;-10.4001;-45.6968;9.2076
3614;77.1248;6.2767;94.379;7.153;71.3584;0.9667;1.4778;-11.5928;-49.0406;9.8117
3615;82.4714;6.4278;126.1842;3.9381;34.5965;0.9531;0.6083;-17.0345;-78.7251;23.5018
3616;83.2235;4.0286;97.1993;5.6658;17.7336;1.3997;0.4068;-28.0043;-90.3121;50.0
3617;52.2555;2.5723;80.6335;5.3663;46.3124;0.8912;1.7292;-8.4398;-35.323;7.7307
3618;64.8852;5.1534;68.1154;3.9158;63.01;1.0461;1.7126;-11.4258;-45.4294;9.1624
3619;91.5057;9.3074;62.7497;3.2818;79.6225;0.943;1.7727;-9.642;-37.3398;7.9795
3620;86.1036;4.9902;138.8366;2.0023;73.9144;0.9701;1.3068;-12.5191;-55.0982;11.1354
3621;45.2885;1.4218;89.1859;5.4297;53.8748;1.0022;1.7011;-11.4944;-43.4218;8.8373
3622;76.3266;1.1409;108.8329;6.3974;72.2408;1.2456;2.3463;-13.5012;-37.2113;7.9632
3623;34.3919;3.2772;156.1751;2.2151;46.1097;1.3374;0.6209;-25.283;-84.5243;32.3087
3624;70.8448;2.6564;86.8749;4.0443;53.7914;0.8;1.5577;-7.5246;-35.0941;7.7035
3625;104.1598;6.4741;85.4816;3.5996;75.5731;1.1691;1.5495;-16.2706;-55.8199;11.3173
3626;52.9379;6.7875;96.7499;5.4271;44.0167;1.2853;0.8946;-22.3771;-76.7975;21.5494
3627;54.9822;2.9783;100.7385;4.107;50.4549;1.0704;1.0908;-16.5699;-66.0293;14.7186
3628;83.7525;3.3034;160.3018;6.5845;69.8089;1.2672;1.1348;-20.6826;-70.1487;16.7497
3629;42.2296;2.8687;147.9132;4.0234;64.0151;0.8;1.137;-10.1378;-52.6255;10.5542
3630;58.6104;7.5317;116.7914;2.7454;72.7328;1.1069;1.0649;-17.8012;-67.9333;15.5925
3631;80.7359;4.249;143.6707;3.8968;22.5328;1.2837;0.3765;-25.7263;-90.2232;50.0
3632;58.5829;5.2181;95.6423;4.0621;63.1829;0.8816;1.1183;-12.7341;-57.7186;11.8255
3633;65.7525;3.7654;107.7659;5.3891;62.2975;0.8;1.3219;-9.322;-44.9195;9.0776
3634;83.3953;5.0465;92.7392;4.0397;72.7742;1.2565;1.8959;-15.3974;-49.707;9.9418
3635;77.5878;3.6093;72.4269;5.2601;20.4566;0.9189;0.6709;-15.6716;-75.6647;20.5463
3636;74.8027;3.3734;135.1167;3.4143;52.4497;0.8908;1.0055;-13.1546;-62.3724;13.2881
3637;63.8958;5.0698;114.2164;4.158;89.7201;0.8;1.7724;-6.38;-26.1494;6.7704
3638;76.6611;4.7852;100.4529;3.4224;73.0387;0.9024;1.346;-11.5952;-50.2807;10.0565
3639;67.7728;3.1458;99.9383;3.33;44.855;0.8696;0.9851;-12.7565;-62.2389;13.2411
3640;78.2405;2.3834;68.6222;6.5123;55.6227;0.8;2.2496;-3.0195;-6.2646;5.3342
3641;61.0552;3.5201;78.3199;3.5273;44.5869;0.8896;1.1624;-11.693;-56.4442;11.4795
3642;66.7138;3.7639;108.7671;4.0786;79.8107;1.2675;1.6307;-17.3937;-57.1137;11.6587
3643;52.1808;5.0308;87.6097;6.1669;52.2996;1.0708;1.3112;-14.9491;-59.184;12.2501
3644;69.3699;7.6159;94.7026;5.725;42.4889;0.8;0.6167;-13.5346;-74.3058;19.4596
3645;55.402;1.427;97.4175;7.0618;55.5611;1.0811;1.6587;-13.1177;-48.8577;9.7766
3646;49.9472;2.9056;84.3144;5.3242;69.1951;1.1564;1.8972;-13.3722;-45.3148;9.1432
3647;74.6559;2.6449;78.5072;3.6994;74.0829;1.021;2.4186;-6.6646;-21.0401;6.3323
3648;73.8293;4.247;66.8252;7.6857;50.663;0.993;1.7765;-10.2771;-40.3645;8.3843
3649;84.0917;3.8417;96.4033;5.4731;73.5511;0.8533;1.8376;-7.6425;-28.2202;6.9657
3650;62.2397;5.7551;116.7252;4.368;52.2221;1.0873;0.7784;-18.7953;-76.1363;20.9523
3651;77.345;2.8995;66.3048;4.6862;84.3996;1.1241;3.1346;-5.3357;-7.053;5.3794
3652;79.9144;4.8071;99.4006;4.8689;64.621;1.0577;1.2822;-14.9345;-59.5934;12.3742
3653;78.0059;7.2209;107.2815;4.2448;60.3049;1.4177;0.9325;-25.0304;-78.076;22.806
3654;55.1382;7.5628;78.0832;2.5362;44.2159;0.9597;0.6886;-16.762;-76.0838;20.9063
3655;72.6885;8.3445;142.6945;7.0401;75.1279;0.8;0.7178;-12.8729;-70.09;16.7168
3656;76.5545;6.1169;90.8075;4.5672;91.221;1.3977;1.8642;-19.1371;-55.5435;11.2469
3657;70.1292;7.4996;97.5003;4.8752;32.6246;0.8;0.4996;-14.3785;-79.1824;24.0182
3658;32.4434;2.8601;96.0485;7.7172;40.0204;0.9234;1.0552;-13.4443;-61.9087;13.1264
3659;72.8888;2.6662;64.2304;3.5751;55.0159;0.8318;2.453;-2.1974;-1.6967;5.0863
3660;109.8256;0.8925;128.6838;5.5832;53.8005;0.9798;2.0141;-9.0704;-31.4788;7.297
3661;63.5193;5.5847;78.751;3.4116;53.509;0.9731;1.194;-13.5912;-59.1;12.2249
3662;56.8946;7.9608;94.2584;5.0815;61.9103;0.8259;1.1027;-11.0388;-55.4958;11.2349
3663;76.7203;2.6071;116.1155;4.9023;83.8549;1.238;1.9632;-14.483;-47.14;9.459
3664;75.6228;5.0864;144.0839;5.7859;51.3015;0.9734;0.7211;-16.4593;-75.3074;20.249
3665;91.4692;5.8939;76.3392;6.4123;78.8011;1.2761;1.9973;-15.3247;-47.8259;9.5833
3666;47.3584;7.806;89.4383;3.7307;40.6398;0.8;0.5436;-13.82;-77.348;22.0731
3667;83.1648;5.154;141.2844;6.725;62.1928;0.8058;0.9897;-11.4994;-59.0605;12.2131
3668;80.6276;8.5945;112.2916;6.8312;42.3553;0.8015;0.5591;-14.0522;-76.7492;21.5046
3669;67.4414;3.3985;118.2692;4.225;70.9761;1.1094;1.4409;-15.1348;-56.7055;11.5488
3670;76.0964;3.4251;76.8909;4.5901;59.3099;1.4183;1.8677;-18.7617;-56.1056;11.391
3671;88.5302;4.4873;90.9553;3.8585;69.2011;0.941;2.1079;-7.5518;-25.3329;6.6964
3672;85.7017;3.5971;95.8909;4.1418;57.8913;0.8;1.973;-4.2798;-17.7928;6.0822
3673;49.4257;0.684;80.6966;2.7948;60.7204;1.0996;2.0559;-11.0958;-37.6765;8.0227
3674;84.7628;5.7766;65.7939;5.7663;70.2958;1.1422;2.266;-11.3114;-33.8702;7.5609
3675;68.8356;5.9366;88.0184;1.5246;46.7063;0.8132;0.9543;-11.8151;-60.8799;12.7811
3676;71.3117;5.898;140.2943;3.5544;46.4749;1.1198;0.5415;-20.9601;-83.882;31.0211
3677;71.3175;3.4003;101.4903;4.5308;44.6256;1.176;1.0813;-18.6108;-69.3509;16.3137
3678;67.2956;4.3637;140.9976;6.5497;44.4427;0.8;0.783;-12.9379;-67.3732;15.3248
3679;91.4507;3.4761;104.5772;3.7821;74.8254;1.2501;2.1595;-13.5511;-42.4173;8.6832
3680;68.4931;1.1171;82.5986;5.2418;68.5117;1.2659;3.319;-6.6711;-12.6015;5.7209
3681;49.8482;4.6058;137.6308;4.4785;42.3507;0.9402;0.5404;-17.0632;-80.841;26.0974
3682;62.9165;2.2144;105.4516;6.0177;37.0161;1.1377;0.885;-19.0969;-74.0716;19.2839
3683;73.2165;1.8788;127.1834;5.1634;57.8968;1.4848;1.2812;-23.8333;-71.2371;17.3835
3684;92.1259;5.9677;76.561;5.8453;62.1603;0.8768;1.5722;-9.0801;-40.2287;8.3652
3685;80.8557;0.9752;129.6527;3.774;65.8187;1.2613;1.6049;-17.4216;-57.5854;11.7884
3686;54.6904;8.349;130.6331;3.079;23.6361;1.0503;0.1998;-21.6127;-93.6593;50.0
3687;114.7334;4.3224;107.513;5.1507;37.9535;0.8;0.9582;-11.0529;-60.0743;12.5233
3688;74.766;8.9373;81.7315;3.8684;44.493;0.8;0.7877;-12.553;-67.1795;15.2344
3689;92.957;1.6736;98.8564;4.6455;62.1116;1.1553;2.164;-11.6251;-37.5639;8.0082
3690;67.2691;4.7374;116.5118;5.0759;84.8887;0.8;1.4083;-9.0517;-41.3216;8.521
3691;79.6005;3.422;106.0396;6.4629;72.6753;1.2136;1.672;-15.9466;-54.0769;10.8878
3692;85.1104;6.7738;116.2149;5.7799;76.8387;0.8;1.1174;-10.0048;-53.4421;10.7393
3693;91.9275;3.4824;128.7962;3.5785;42.8437;1.0303;0.8679;-17.2585;-71.9186;17.8054
3694;89.0326;2.9873;85.0346;2.8825;59.7834;0.9379;1.7694;-9.8444;-37.1176;7.9514
3695;85.6995;6.9222;74.9185;7.1611;51.4753;1.3985;1.1525;-22.955;-72.53;18.2017
3696;64.3284;3.5513;99.0659;2.226;50.9136;1.0462;1.1253;-15.8869;-64.1448;13.945
3697;59.7086;1.1323;92.0871;3.9212;44.1802;1.1304;1.3223;-16.754;-61.0074;12.823
3698;75.9869;3.6324;121.7089;5.5679;80.3411;0.9174;2.0836;-7.6541;-24.2973;6.6048
3699;86.7963;5.2069;76.443;7.0581;77.5328;0.9649;2.7274;-4.7;-5.7802;5.3067
3700;65.991;2.9579;129.0585;4.3155;74.1871;1.2343;1.3496;-18.5465;-63.5506;13.7176
3701;89.1731;3.854;140.2706;4.641;39.1989;1.0033;0.746;-17.1993;-75.2154;20.1738
3702;96.1471;1.6606;100.0076;3.2875;68.2419;0.8321;2.0631;-4.9688;-17.3561;6.0501
3703;53.5062;4.7663;101.53;4.7899;84.4923;1.2562;1.675;-16.682;-55.5529;11.2493
3704;54.9354;5.9743;82.54;2.8748;25.0318;1.401;0.5142;-27.1998;-87.7649;40.866
3705;67.4732;3.7538;87.3135;3.4746;29.4549;1.3506;0.7002;-25.1375;-82.7196;28.9345
3706;75.537;3.7908;90.2954;5.7458;27.2741;1.2944;0.7938;-23.2286;-79.5584;24.4599
3707;60.5578;1.948;143.4383;3.9496;42.3734;0.945;0.7113;-16.0943;-74.9104;19.9285
3708;94.3396;2.69;98.2193;5.9759;60.4522;0.8218;1.8891;-6.0292;-23.3734;6.5252
3709;77.6332;2.4166;71.8533;4.3697;31.0525;0.8;1.095;-10.8343;-54.374;10.9587
3710;70.71;4.1291;106.592;2.5467;51.654;0.8;0.9466;-11.6527;-60.5597;12.6774
3711;44.1536;4.405;122.9457;6.3525;58.4611;0.9815;0.9097;-15.3368;-69.1045;16.1836
3712;46.3153;8.1573;99.3667;2.627;73.1484;1.4251;0.8078;-26.4247;-81.1059;26.4633
3713;75.0582;1.8188;144.3836;3.6973;63.0294;0.8;1.2838;-9.6995;-46.5071;9.347
3714;31.6133;4.8416;121.4554;4.3005;55.3295;1.0034;1.0235;-15.367;-65.9961;14.7042
3715;88.2275;4.3886;76.9294;6.1087;57.6673;0.938;1.7636;-9.4087;-37.3263;7.9778
3716;67.1532;4.3281;87.1222;3.8103;80.7046;0.8;1.8387;-5.8857;-23.3869;6.5263
3717;128.3757;7.0957;105.8186;3.2099;46.9007;0.9506;0.9562;-14.5383;-66.469;14.9116
3718;111.5425;2.7094;65.9319;4.844;74.988;1.2943;3.4257;-6.4983;-11.7731;5.6672
3719;66.7339;1.4841;108.7726;4.2791;85.8144;1.0465;2.159;-8.8532;-31.2335;7.271
3720;68.0859;5.3316;64.3782;3.8989;65.5878;1.1336;2.0696;-12.1468;-39.1463;8.2164
3721;87.9205;3.401;129.157;4.9247;58.0732;1.2384;1.1088;-19.6863;-70.1557;16.7536
3722;100.6571;1.1463;125.4602;2.7946;58.8294;1.0804;1.7647;-12.2727;-45.5554;9.1837
3723;40.5155;2.9434;113.4504;2.0172;61.0407;0.929;1.2134;-12.4136;-56.4617;11.4841
3724;37.8452;3.2228;84.4535;7.8081;41.2954;1.0203;1.1423;-15.5098;-62.6814;13.3982
3725;58.8034;4.9522;104.3469;4.7563;48.557;0.8068;0.9132;-12.0237;-62.2729;13.2531
3726;80.4893;2.5246;87.955;4.8613;62.9206;1.0115;1.9356;-10.1321;-36.2148;7.8388
3727;78.9437;3.7524;77.2824;3.427;61.3479;1.0247;1.68;-12.1997;-45.3487;9.1489
3728;89.2559;4.1335;91.8801;5.9465;70.4313;1.3014;1.7136;-17.6615;-56.1074;11.3914
3729;48.4054;4.0033;119.073;3.7998;63.8408;0.9372;0.9994;-14.1481;-64.4532;14.066
3730;30.0;8.6836;101.1014;0.4208;54.6325;0.9372;0.4892;-17.3633;-82.6012;28.7376
3731;85.4443;1.5396;143.7172;3.7494;70.8728;0.8;1.9751;-4.8839;-17.7046;6.0757
3732;55.0925;8.1943;121.0998;4.1779;65.0429;1.1385;0.9778;-18.843;-71.3705;17.4645
3733;33.6672;4.7273;117.9007;4.3449;60.6779;0.8;0.8291;-12.4163;-65.4548;14.4738
3734;72.6111;6.3143;66.8826;4.3015;77.0293;0.9052;1.8345;-8.5042;-32.448;7.4017
3735;84.2772;3.8454;93.1192;3.6326;66.332;0.8676;1.5771;-8.8974;-39.4078;8.2519
3736;67.803;3.9734;76.6368;3.4877;54.844;1.195;1.6084;-15.7995;-55.1338;11.1442
3737;61.7587;7.1672;95.528;4.153;45.5237;1.1025;0.7634;-19.6122;-76.9194;21.6632
3738;67.1315;7.3693;84.0869;2.1318;81.341;1.1521;1.2969;-16.9045;-62.4752;13.3245
3739;63.3295;2.8809;90.9918;1.6636;72.3088;1.2082;1.7502;-15.8874;-51.7131;10.3548
3740;45.7352;2.6753;130.381;4.7471;60.3312;0.8799;0.9808;-12.968;-62.8474;13.458
3741;57.1357;4.2121;112.6159;4.7721;66.1105;0.8407;1.2874;-10.1722;-48.9535;9.795
3742;79.383;7.4248;128.6311;5.9191;74.3173;0.8;0.9031;-11.87;-62.3714;13.2878
3743;75.7902;3.2871;67.0206;4.2167;45.674;1.0258;1.887;-11.1405;-38.6853;8.1547
3744;73.0251;5.1895;101.4599;2.8096;68.8509;0.8551;1.3586;-10.2454;-47.0398;9.4411
3745;52.0873;5.5946;127.3382;1.6905;56.2545;1.0944;0.7411;-19.1364;-77.4269;22.1502
3746;66.7329;6.1636;145.7283;3.2647;67.7808;1.2612;0.7812;-22.997;-79.3527;24.2163
3747;30.8128;4.6149;67.9076;5.2338;66.8598;1.2045;1.902;-14.443;-47.3618;9.4988
3748;73.2126;3.6963;91.5879;6.7622;53.064;1.0245;1.4766;-13.0218;-51.9557;10.4071
3749;95.7194;8.519;129.506;4.6811;49.1248;1.0157;0.5124;-19.0077;-83.1828;29.7315
3750;43.4656;4.9161;95.3067;2.7796;57.8765;0.9982;1.4236;-12.5483;-52.4599;10.5174
3751;59.4533;5.7514;79.6439;3.2801;71.0052;1.5295;1.5417;-23.9563;-66.4028;14.8822
3752;75.9239;3.4001;67.8752;3.3269;72.5005;0.8901;3.2252;1.4831;20.785;4.1396
3753;92.5512;5.3151;78.8853;3.991;77.4433;1.016;2.588;-6.292;-15.0904;5.8886
3754;61.932;2.9744;65.5586;6.2813;62.8935;0.9644;2.4075;-6.7339;-16.7906;6.0089
3755;57.5395;2.9127;101.4722;6.3984;72.0296;0.855;2.1293;-4.9232;-16.9903;6.0234
3756;34.5594;5.6444;125.1168;4.3416;71.0587;0.9269;0.8471;-14.9287;-69.5357;16.4127
3757;71.8619;4.3584;72.9611;4.8746;43.915;1.0056;1.5617;-12.2605;-48.2325;9.6586
3758;106.7574;5.4107;106.6554;3.4037;63.3311;0.8;1.2957;-9.5827;-46.0138;9.2616
3759;74.9925;3.0299;123.5305;2.0351;68.5962;1.3906;1.2886;-22.3914;-69.1115;16.1873
3760;69.599;4.8343;99.9323;7.2825;26.4655;1.1563;0.6758;-20.9977;-80.5178;25.6645
3761;75.7975;3.919;66.853;1.1163;25.7099;1.2441;0.8984;-21.7541;-75.9295;20.7723
3762;69.8003;4.8229;110.1368;1.8462;77.8982;0.9683;1.295;-13.0638;-55.4182;11.2153
3763;55.3657;3.1329;98.6431;7.2946;40.5529;0.9393;0.9935;-14.1289;-64.7442;14.1821
3764;84.819;5.65;96.1629;4.6249;76.3479;0.9581;1.7885;-9.2895;-37.776;8.0355
3765;74.0637;6.4075;87.2224;2.9111;70.5126;0.87;1.3372;-10.9201;-48.7655;9.759
3766;70.317;2.9846;102.1934;5.6241;76.4716;1.2969;1.9316;-16.7596;-50.353;10.0711
3767;52.4434;3.1803;113.5933;5.7596;52.3454;1.3223;1.062;-22.223;-73.2279;18.6761
3768;93.4631;5.2531;181.7864;2.601;47.6652;1.1162;0.5656;-20.631;-83.1089;29.6013
3769;81.9646;5.5007;102.8481;3.8007;86.9705;1.4044;1.8386;-18.9049;-56.3606;11.4575
3770;60.0474;5.5641;145.905;5.9144;62.4767;1.6149;0.8314;-30.242;-82.84;29.1375
3771;88.0328;5.4065;109.356;3.3746;85.3542;1.4468;1.4685;-22.5197;-66.1677;14.7788
3772;61.0437;3.6456;97.5425;5.0232;75.7355;0.9104;1.7382;-8.4336;-36.3611;7.8568
3773;55.9239;3.6563;103.7835;6.7372;60.0583;0.8;1.3135;-9.353;-45.269;9.1356
3774;56.3253;2.9601;73.6803;1.0113;49.4153;1.1602;1.4881;-15.9642;-57.244;11.6943
3775;38.1208;2.43;107.9464;4.0881;54.4528;1.0891;1.4757;-14.7748;-54.8337;11.0702
3776;78.4878;5.4785;60.7735;4.9925;80.0467;1.022;2.7062;-5.0922;-11.7388;5.665
3777;37.0394;1.9877;80.6004;1.9119;61.0207;0.9547;2.2388;-7.4022;-21.8311;6.3964
3778;47.888;7.9661;102.7841;3.8056;45.6942;1.3101;0.7854;-23.614;-80.0168;25.021
3779;32.6394;6.6051;134.783;6.1667;57.7102;0.8;0.6605;-13.0399;-72.4783;18.1675
3780;68.4507;6.9217;142.9974;3.5435;53.5051;1.3585;0.5658;-26.0136;-86.1178;36.0174
3781;67.2942;7.5087;94.2578;2.3735;53.5415;1.4145;1.0517;-24.3145;-75.2152;20.1736
3782;64.1195;3.7288;103.9697;6.2962;68.6213;1.0305;1.7166;-11.7672;-44.4725;9.0045
3783;51.2336;6.8071;127.9015;5.2668;64.2632;1.0585;0.9821;-16.8357;-69.0729;16.1671
3784;48.8998;2.4375;71.7219;4.4967;74.7071;0.8;2.5507;-0.6544;6.2798;4.7046
3785;78.3587;1.2169;110.6483;4.4524;49.4539;1.2225;1.5257;-17.4628;-58.3987;12.0189
3786;60.0901;6.2178;81.3041;6.1424;34.5494;1.2895;0.6815;-24.0818;-82.3832;28.3819
3787;75.6944;1.8328;95.7953;5.0418;70.6737;1.1652;2.1314;-11.6461;-39.0258;8.2002
3788;54.0655;9.1264;89.1584;5.5684;43.5538;0.8;0.7001;-13.1867;-70.8305;17.1412
3789;73.2591;5.3496;111.4983;3.5612;59.6472;0.8;0.9578;-11.5686;-60.0899;12.5281
3790;93.459;5.9509;114.7489;1.724;38.4393;0.9531;0.5711;-17.0631;-80.0271;25.0339
3791;80.551;2.9162;124.9533;5.5329;49.6139;1.016;1.1605;-14.976;-61.925;13.132
3792;62.5766;5.343;109.0951;6.2514;61.2545;1.2251;0.9933;-21.0746;-72.9743;18.5009
3793;74.6296;1.5132;104.3848;4.2632;76.3702;0.953;2.7019;-3.1257;-5.4997;5.291
3794;65.668;6.716;158.9637;5.9316;59.8906;1.2368;0.5943;-23.4156;-83.9819;31.2146
3795;70.1418;2.5071;68.3117;4.0972;61.5579;1.2534;2.3545;-12.5641;-37.3808;7.9848
3796;64.139;5.5138;152.7913;4.464;44.8179;1.0993;0.5191;-20.6955;-84.261;31.7683
3797;67.042;2.809;93.0107;7.2286;30.1829;1.1898;0.899;-20.5516;-74.8139;19.8522
3798;73.8177;1.7751;115.341;4.1627;68.8075;0.9202;1.8672;-8.1314;-32.3575;7.3918
3799;52.1195;4.128;92.1811;4.0741;29.0577;0.8;0.6187;-13.583;-74.2194;19.3944
3800;51.7142;2.5051;83.8924;1.795;75.6665;0.8924;2.2349;-5.4016;-16.5255;5.9899
3801;45.0062;5.7583;112.8788;5.6351;80.0683;0.8466;1.0551;-11.6434;-58.4574;12.0358
3802;41.1951;2.8753;129.762;3.5352;61.7881;1.274;0.9973;-21.7898;-73.9055;19.1611
3803;48.0889;3.3875;112.5528;4.8208;67.2626;1.1883;1.574;-16.2076;-55.8467;11.3242
3804;72.8703;4.6367;87.3254;4.1274;58.7978;0.8;1.3147;-9.8209;-45.2216;9.1277
3805;53.9298;3.1044;200.0;3.9313;57.4974;1.0364;0.6158;-18.7657;-80.195;25.2462
3806;79.2451;3.5685;134.9378;4.4234;60.3614;0.8;1.0878;-10.6084;-54.6746;11.0313
3807;70.6248;6.4984;126.2805;4.5387;76.2928;0.8051;0.9606;-11.4757;-60.2276;12.5715
3808;34.5669;2.5631;91.554;6.3641;73.5253;1.1811;1.8586;-14.0061;-47.5449;9.532
3809;81.7896;1.8972;85.531;6.8803;85.6157;0.8;3.0528;0.7321;27.2011;3.9308
3810;84.5944;3.3169;93.2431;5.5761;80.2245;0.8;2.1401;-3.7921;-10.8276;5.6071
3811;52.1105;3.813;131.0425;6.5073;45.7575;0.8148;0.8576;-12.478;-64.9174;14.2521
3812;77.5634;4.4852;78.0632;5.8812;69.9132;0.8;1.751;-6.3528;-27.0416;6.8532
3813;54.583;3.5398;76.5634;5.3419;79.9731;0.8;2.404;-1.7472;0.1681;4.9916
3814;71.7581;6.2622;114.4407;6.7827;37.3162;0.9888;0.5841;-17.9464;-80.3105;25.3943
3815;47.239;1.4664;108.3069;2.6373;48.9659;0.8;1.0935;-10.251;-54.4355;10.9735
3816;37.7241;3.8528;82.483;3.5733;46.3994;0.9514;0.9736;-14.6996;-65.8881;14.6577
3817;63.1093;3.5906;76.1244;3.3686;45.7898;1.0018;1.312;-13.5072;-56.3447;11.4534
3818;67.7729;5.1589;143.2576;4.1479;78.5285;1.1623;1.1914;-17.7895;-65.8306;14.633
3819;62.8418;8.5025;109.3355;5.6289;73.6629;1.2043;0.7886;-21.3042;-78.1715;22.9058
3820;48.6874;4.2939;71.1141;2.9273;76.8873;0.8;1.8481;-5.877;-22.9949;6.4931
3821;62.8018;9.0658;72.368;5.3542;38.2779;0.8;0.6163;-13.561;-74.3197;19.4702
3822;74.8473;3.1882;91.3586;3.7194;46.7239;0.8;1.2559;-9.7138;-47.6702;9.5548
3823;69.1919;1.3562;120.1067;4.0794;87.0573;1.1714;2.0864;-12.4784;-40.6288;8.4216
3824;73.285;2.4836;116.0385;4.9006;72.6093;1.0716;2.127;-11.2625;-33.835;7.5569
3825;57.9379;3.6577;132.6999;7.1219;51.2378;0.9318;0.8543;-14.7782;-69.44;16.3612
3826;91.0909;3.2573;68.8949;3.5315;46.5806;0.8;1.7469;-6.1008;-27.2114;6.8692
3827;48.8289;2.0182;105.7557;4.4799;46.2362;1.0315;1.0573;-15.7908;-65.8355;14.6351
3828;78.7761;3.8577;142.829;2.9827;62.9088;1.3149;0.993;-22.2818;-74.8276;19.863
3829;91.274;3.3656;139.5427;3.5171;70.8018;1.2979;1.2881;-20.5528;-66.9188;15.1143
3830;78.6563;2.2065;109.3876;2.969;38.6059;0.8;0.8732;-12.2894;-63.6172;13.7428
3831;66.3546;3.1583;179.8593;4.9672;70.2907;1.2389;0.9338;-21.0931;-74.8741;19.8998
3832;60.4907;7.2519;116.4534;5.238;52.7823;0.8;0.7664;-12.7272;-68.0678;15.6582
3833;88.6496;3.1872;129.7821;5.6306;62.4466;0.9227;1.2906;-12.1461;-53.3767;10.7242
3834;44.3865;5.6386;101.1174;3.4695;52.8528;0.9012;0.9837;-13.4008;-63.6152;13.742
3835;52.5378;4.9207;82.2634;5.3619;74.0258;1.0547;1.6779;-12.7019;-46.9702;9.4287
3836;62.844;3.8281;80.3481;4.7697;42.8076;0.8183;1.1387;-10.9062;-53.6157;10.7795
3837;92.2778;2.8826;104.645;4.5134;52.1848;1.0208;1.475;-12.519;-51.8341;10.3808
3838;76.8358;3.5223;94.8498;2.7379;60.6046;0.8056;1.6382;-6.9103;-32.2134;7.3761
3839;52.5752;4.7918;64.2656;4.8299;56.021;1.035;1.7595;-11.4442;-43.3334;8.8235
3840;64.4145;3.4292;77.3795;4.8774;55.8072;0.8;1.6956;-6.7129;-29.3497;7.0771
3841;58.9422;2.7592;92.3485;4.7526;48.2037;0.9235;1.4394;-11.1467;-48.0472;9.6241
3842;57.2238;2.1631;119.9398;5.2001;48.7865;1.0007;1.0911;-14.7856;-63.6584;13.7583
3843;87.62;7.1724;99.599;5.6419;73.4394;0.9512;1.3949;-11.7094;-51.1171;10.2285
3844;45.3086;3.8992;98.2145;2.953;43.0401;1.1841;0.8889;-20.1906;-74.9767;19.9814
3845;98.9581;5.0076;78.1353;4.275;61.2907;0.8;1.9835;-4.5469;-17.3535;6.0499
3846;84.9081;4.1787;100.5808;5.3737;62.9502;1.0355;1.464;-13.77;-52.8734;10.6097
3847;89.6355;7.0889;139.0656;4.1974;74.1581;0.847;0.9221;-12.8923;-63.7128;13.779
3848;61.6671;4.511;103.966;6.0391;57.4398;1.1255;1.1568;-17.4427;-65.7376;14.5933
3849;67.3011;4.1239;68.6034;4.7353;89.8674;1.0061;2.9083;-4.327;-3.6469;5.1892
3850;44.2033;7.7608;73.1337;1.6676;57.7208;1.2431;0.8674;-21.6009;-76.739;21.4952
3851;60.5561;5.6825;115.8582;5.8591;69.892;0.9545;1.3208;-12.4237;-53.8734;10.8397
3852;78.8858;2.1277;94.5465;4.4243;87.2326;1.28;3.1509;-8.4329;-17.945;6.0935
3853;93.3291;2.5544;98.1528;1.9454;81.2031;1.0318;2.2545;-8.7358;-27.1689;6.8652
3854;50.0712;6.2375;85.7972;4.2216;64.0861;0.8;1.1288;-10.4589;-52.9659;10.6306
3855;63.4209;6.6961;113.4116;2.6975;76.5902;0.8499;1.0422;-12.0682;-59.1228;12.2317
3856;67.2766;4.5005;92.7531;5.7297;64.3173;0.8893;1.4148;-10.6327;-46.9698;9.4286
3857;44.8758;4.5568;95.4418;4.5462;61.016;1.0232;1.3881;-13.8946;-54.7775;11.0564
3858;80.6443;5.0526;80.8313;3.2144;48.3281;1.1972;1.2657;-18.4626;-64.7593;14.1881
3859;56.9682;3.8927;125.9132;5.8163;79.7794;1.1299;1.3473;-16.1379;-60.2531;12.5796
3860;66.483;5.3884;94.6217;5.2878;67.7748;1.1422;1.2668;-17.1363;-63.0303;13.5246
3861;61.8649;2.1051;116.4125;4.2464;63.7484;0.8613;1.4548;-9.0761;-43.7;8.881
3862;55.7919;8.3953;74.2006;2.7316;60.8325;1.193;0.8759;-20.2349;-75.5259;20.4297
3863;69.8732;5.9239;154.2602;3.3363;46.6456;1.021;0.4858;-19.1902;-84.1393;31.5245
3864;66.119;5.0475;137.6224;3.3138;64.2368;1.1723;1.0199;-19.0447;-71.0002;17.2415
3865;63.3066;3.2573;62.0364;5.7197;55.4722;0.8;2.0596;-5.2811;-14.1846;5.8265
3866;56.8877;2.4552;81.8334;2.0787;72.2472;1.0947;2.7758;-6.3157;-15.4793;5.9157
3867;75.7514;3.7327;112.683;4.5291;64.5642;0.885;1.2505;-11.5618;-52.8991;10.6155
3868;99.7651;5.256;71.8973;4.2246;40.0601;0.8;1.2006;-9.9776;-49.9757;9.9951
3869;72.518;5.0646;96.7637;6.1533;50.1678;1.138;1.1358;-17.3783;-66.7316;15.0293
3870;87.9301;3.5926;111.2554;4.9491;74.2076;0.9178;1.8391;-8.6025;-33.2034;7.4854
3871;44.976;4.9289;95.4869;5.4028;63.677;1.1119;1.1573;-17.008;-65.3068;14.412
3872;72.8397;6.4807;114.4205;3.812;86.1683;0.8223;1.2703;-10.3814;-48.5049;9.7097
3873;50.2474;1.2901;84.0858;2.7535;58.3697;1.5013;1.8386;-21.0159;-59.1777;12.2482
3874;43.4154;3.9557;60.0;4.1118;53.9164;0.9765;1.6435;-11.2084;-43.8956;8.912
3875;56.6913;5.993;127.8297;5.7657;80.0221;0.9104;1.0567;-13.3609;-61.3099;12.9232
3876;91.4542;4.5062;127.6285;5.7623;38.6891;1.219;0.7484;-21.7675;-79.5332;24.4298
3877;87.1003;5.1858;186.9945;3.9541;62.1832;0.983;0.6607;-17.0301;-77.5957;22.3172
3878;74.3741;4.3307;60.0;3.3089;61.3273;1.8835;2.1256;-27.778;-62.3827;13.2917
3879;42.4114;9.2649;120.6481;3.015;49.6373;1.2624;0.4482;-24.8399;-88.1657;42.25
3880;66.4669;1.639;61.1298;4.3951;76.3078;0.9097;4.3406;7.0827;59.0567;3.1435
3881;75.4306;4.1823;155.1347;4.8048;67.4031;1.015;0.9075;-16.6207;-70.1976;16.7772
3882;73.1597;1.9735;112.9716;6.8098;60.0282;1.0133;1.8048;-10.5598;-40.6333;8.4222
3883;36.8117;2.4481;78.8217;4.785;72.9616;0.8097;2.989;0.5975;23.0437;4.0636
3884;53.9743;3.5947;121.5379;5.5206;47.5324;1.2927;0.8085;-22.8306;-79.1513;23.9823
3885;68.8466;2.422;87.0871;3.4293;20.5001;0.9177;0.5952;-16.3559;-78.3793;23.126
3886;79.6532;8.446;107.7996;4.6626;69.1478;0.9517;1.1815;-12.9546;-58.62;12.0831
3887;30.4697;8.1189;105.2839;4.8101;70.259;1.0447;0.9958;-16.6676;-68.2265;15.7364
3888;67.0818;3.3556;154.6574;4.3892;48.4375;0.8327;0.7173;-13.5845;-71.2854;17.4128
3889;72.5749;5.1054;157.4175;4.5673;53.6261;1.0432;0.7238;-18.3422;-76.8705;21.6174
3890;85.293;4.4318;86.1297;4.7893;49.7446;0.9043;1.3076;-11.5202;-51.8024;10.374
3891;82.4714;6.4981;130.2814;5.3216;34.2991;0.9091;0.455;-17.0789;-83.3153;29.9676
3892;80.4863;5.0226;109.2764;6.3537;50.0316;0.9681;1.1366;-14.0943;-60.8659;12.7766
3893;55.6011;0.5774;70.2457;1.2017;35.6302;0.8633;1.449;-9.7764;-44.0529;8.937
3894;35.656;6.0315;84.0249;6.2706;39.768;0.8;0.8409;-12.383;-64.9607;14.2697
3895;62.9251;5.897;179.3262;2.0338;73.2185;1.0354;0.7439;-17.9894;-76.0519;20.8785
3896;88.0294;4.2901;109.3588;5.0631;76.4498;0.8;2.1825;-4.5487;-9.0637;5.4984
3897;95.0822;7.4592;128.3955;8.1334;69.2129;0.8;0.9301;-11.6143;-61.2451;12.9016
3898;82.7899;7.5325;94.837;4.5362;55.5752;1.009;0.8633;-16.5603;-71.4794;17.5312
3899;77.7281;4.3733;87.3729;4.87;53.0413;0.9643;1.3726;-12.1789;-52.5504;10.5375
3900;76.8335;4.8942;100.6839;4.1346;81.3568;1.0532;1.5328;-13.1928;-51.4878;10.3067
3901;59.9899;9.5191;93.5639;5.6009;48.684;1.1421;0.6009;-21.1158;-82.4623;28.51
3902;67.6589;3.1715;68.845;5.1433;34.063;0.8;1.4162;-8.375;-40.9923;8.4735
3903;100.0433;3.2983;77.8154;3.5859;74.5576;0.8843;2.8528;-1.7842;7.5345;4.6497
3904;53.034;2.5835;119.3597;4.4285;56.6263;0.9144;1.0488;-13.1022;-61.7667;13.0776
3905;99.066;7.3685;90.9216;2.9223;44.7526;1.0644;0.8019;-18.0501;-74.8896;19.912
3906;64.2035;5.8779;100.6447;4.4216;49.5979;1.0467;0.8047;-17.4587;-74.3745;19.5118
3907;93.8578;2.084;106.049;3.9709;72.0348;0.9222;2.3101;-5.3128;-16.4992;5.988
3908;44.6773;8.8989;108.1407;4.8048;59.4724;1.0089;0.7925;-17.2354;-73.8143;19.0944
3909;80.5463;5.7702;133.1951;3.5351;55.1459;0.9465;0.7197;-16.0588;-74.6537;19.7267
3910;56.7381;6.8472;75.982;4.2784;68.7443;0.8332;1.3954;-9.1888;-44.1715;8.956
3911;44.5252;1.5694;115.3226;4.6132;72.6792;1.0108;1.702;-11.1235;-43.8761;8.9089
3912;73.9336;4.2624;120.7747;4.7176;38.5143;0.8;0.6717;-13.2876;-72.0104;17.8638
3913;88.1705;5.523;127.9492;5.0114;33.3818;1.0503;0.5213;-19.7774;-83.4565;30.2233
3914;54.7911;4.4869;70.2416;4.3387;45.5058;1.3264;1.1614;-21.8602;-70.814;17.1315
3915;43.0177;5.2917;106.5778;3.42;91.4451;0.933;1.2926;-11.8998;-53.8173;10.8266
3916;68.3468;6.5199;153.575;4.7231;45.5286;1.5104;0.4666;-30.1532;-89.7029;48.5573
3917;68.4262;3.5497;97.5524;4.3317;43.0109;1.1282;0.9751;-18.6993;-71.189;17.3545
3918;79.8698;6.8277;112.8482;6.137;78.5815;1.3387;1.1705;-21.9761;-70.8541;17.1551
3919;87.0927;2.467;121.5431;6.3261;58.8872;1.0802;1.4158;-14.3614;-56.311;11.4445
3920;68.9305;3.0368;77.3858;2.5419;53.0805;1.1166;1.6996;-13.3909;-49.263;9.8547
3921;103.3991;1.5146;158.163;5.5257;62.1687;1.0291;1.2931;-14.1396;-58.1148;11.9374
3922;74.0362;3.4988;113.3007;5.8266;65.1063;0.8;1.3641;-8.7517;-43.1616;8.7969
3923;63.7643;3.5785;113.8687;2.5813;49.2245;0.8;1.0761;-10.7479;-55.1606;11.1509
3924;40.9918;6.4015;66.0006;5.4692;48.6378;0.9529;1.3678;-11.6536;-52.1519;10.4497
3925;65.2721;5.1972;121.9738;5.9439;74.4143;0.8864;1.1829;-11.6117;-55.5177;11.2404
3926;63.945;3.8797;113.4966;3.1755;71.0563;0.8922;1.5385;-9.7459;-42.516;8.6981
3927;87.2855;5.1902;150.0874;4.2455;51.1897;0.8;0.9311;-11.8019;-61.2044;12.8881
3928;78.3247;1.6196;92.5134;4.8795;53.2304;1.2482;1.6702;-16.6547;-55.3982;11.2103
3929;48.7714;2.5692;78.1207;5.4557;80.0467;0.8136;2.3537;-3.0877;-3.5721;5.1852
3930;73.1006;5.0192;84.3193;3.1173;65.4324;0.8032;1.4569;-8.7162;-39.5359;8.2694
3931;82.0876;5.1164;88.1399;6.3355;64.0379;1.0077;1.4747;-12.4984;-51.2196;10.25
3932;97.5046;6.1244;75.6002;1.556;73.301;1.242;1.6355;-16.5029;-56.1041;11.3906
3933;85.9751;3.6992;138.063;6.5856;50.7247;1.1849;0.9307;-19.8021;-73.8191;19.0979
3934;83.6952;5.7046;139.3648;5.4254;61.5591;0.8782;0.8626;-13.6996;-67.2579;15.2709
3935;71.0815;5.4158;95.2231;3.6673;68.0286;0.9584;1.4472;-11.6427;-49.6653;9.9335
3936;76.9896;8.4398;90.6477;5.8966;64.4987;1.3883;0.9752;-24.5;-76.5852;21.354
3937;92.4911;2.7604;63.5165;3.0283;32.7721;1.2476;1.9619;-15.0152;-47.5812;9.5386
3938;46.01;4.5398;119.0044;4.7724;52.2175;1.1916;0.8484;-20.7916;-76.2685;21.069
3939;63.7101;4.8539;151.1889;4.9578;91.5008;1.0801;1.1312;-16.272;-65.0886;14.322
3940;56.0938;9.7001;85.2742;4.9542;55.9845;1.0202;0.6742;-18.0207;-77.9713;22.6976
3941;76.8248;2.6859;97.1226;3.3404;63.1792;1.4944;1.5931;-22.5116;-64.4651;14.0707
3942;92.144;4.3692;111.4686;3.8559;53.6728;1.2532;1.0752;-20.6383;-71.4008;17.483
3943;59.2545;3.4062;153.8957;4.7901;79.4734;1.0247;1.1972;-14.9419;-61.0564;12.8391
3944;30.0;4.385;105.1212;3.5099;47.9921;1.1556;0.9233;-19.353;-73.3672;18.7738
3945;62.58;2.848;105.0071;5.0072;45.6874;0.9514;1.0331;-14.2328;-63.8028;13.8132
3946;86.4425;1.5634;104.585;3.6788;56.0724;0.8;1.6428;-7.5337;-31.5495;7.3046
3947;79.6773;4.6685;70.0292;6.1;76.1016;0.8151;2.3396;-2.6792;-4.3185;5.2257
3948;77.7074;3.3543;69.6493;6.944;48.0649;0.912;1.7538;-9.1595;-35.8956;7.7998
3949;64.9601;2.5787;81.7096;4.1538;79.3825;0.9002;2.3408;-5.1063;-13.3252;5.7687
3950;46.9774;3.2949;128.817;5.9804;66.2854;0.8654;1.1584;-11.7928;-55.3783;11.2053
3951;79.2753;1.5819;91.9579;4.2815;71.0241;0.8733;2.3031;-4.4682;-12.0868;5.6874
3952;54.9829;8.1846;87.599;3.1954;56.1931;1.2985;0.8503;-23.1734;-78.1733;22.9077
3953;109.3137;4.7223;87.215;3.9614;83.1809;1.4427;2.1004;-18.0326;-51.4721;10.3033
3954;80.2691;6.4903;96.6171;4.7284;57.1036;1.3001;0.9599;-22.4409;-75.3905;20.3174
3955;59.5483;3.8062;153.0397;1.9196;64.14;0.8;0.7774;-12.6564;-67.6074;15.4356
3956;58.9951;7.4643;96.2906;5.5385;88.9269;1.2406;1.2439;-19.3038;-66.5781;14.9602
3957;68.327;4.1383;82.154;4.729;20.0649;1.1587;0.4949;-22.2747;-85.7615;35.116
3958;65.689;4.6772;100.6331;6.1008;42.7326;0.9926;0.9647;-15.8222;-67.6038;15.4339
3959;90.103;4.1866;155.08;5.5122;55.8416;0.9054;1.0964;-13.0302;-59.6331;12.3864
3960;73.3555;5.7885;88.1874;4.7799;72.1712;0.9408;1.4167;-12.1574;-49.806;9.9614
3961;56.8306;4.6318;74.4345;4.0662;69.569;1.219;1.6249;-16.2721;-55.5666;11.2528
3962;104.0279;3.0402;88.2278;6.8843;46.785;1.0802;1.6421;-13.181;-49.3279;9.8674
3963;70.8875;2.3592;103.2715;7.8548;59.924;1.2762;1.6761;-17.4311;-56.2223;11.4213
3964;83.8391;4.8821;118.7749;4.0913;67.6291;1.177;1.211;-18.0388;-65.7015;14.5779
3965;59.0519;4.1717;128.6237;6.1634;63.3613;1.3339;1.1394;-21.8691;-71.527;17.5605
3966;76.5361;2.0098;76.995;3.5399;54.8619;1.1352;2.5942;-7.7268;-23.8232;6.5637
3967;75.6;3.6603;78.843;3.7185;61.619;0.8;2.1318;-4.4301;-11.176;5.6291
3968;35.9863;4.3196;92.2364;4.0206;69.4646;0.8;1.2532;-9.5685;-47.7837;9.5756
3969;106.275;6.6071;118.6637;5.627;45.2865;1.1379;0.6844;-20.5227;-79.9512;24.9392
3970;93.2316;1.8444;72.9787;2.9876;60.3163;1.1276;2.3592;-9.3214;-30.2622;7.1697
3971;62.8505;3.4178;85.9133;6.9249;53.9544;0.8839;1.6483;-8.8183;-37.8387;8.0436
3972;50.1591;6.5659;86.2271;6.0068;59.9048;1.0507;1.0932;-16.1194;-65.317;14.4163
3973;76.2561;5.1647;126.5462;5.5923;55.2418;0.9131;0.8613;-14.3068;-68.5571;15.9018
3974;71.5606;3.1285;114.1183;4.1593;89.1708;0.9061;1.8308;-8.2277;-32.6469;7.4236
3975;76.402;6.7929;125.3487;5.8442;65.76;0.8;0.9819;-11.2087;-59.0862;12.2208
3976;73.4484;4.1952;139.7478;0.224;65.3436;1.009;0.942;-16.0843;-68.8785;16.0661
3977;79.1123;4.2242;92.6434;5.2614;59.4069;0.9018;1.6136;-9.4989;-40.3572;8.3832
3978;96.0515;8.7522;74.3154;4.8402;34.5021;1.0786;0.7425;-18.6689;-77.0545;21.7908
3979;80.2259;8.1247;74.4352;1.7707;63.1914;0.8;1.1857;-10.2249;-50.5973;10.1209
3980;51.1062;3.4687;63.1582;5.2094;35.6573;1.1279;1.2029;-16.5721;-64.4513;14.0652
3981;94.5261;2.3272;89.1641;5.4863;50.5931;0.9021;1.656;-9.3712;-38.809;8.1711
3982;99.5311;3.3035;90.8413;1.8194;54.5368;0.8079;1.483;-8.6435;-38.812;8.1715
3983;126.737;1.3509;121.7608;2.8198;35.5585;0.9158;0.9963;-13.7141;-63.7367;13.788
3984;49.7771;1.2023;100.4238;7.6966;72.5926;0.8;2.6528;-0.0794;10.5329;4.5235
3985;74.3719;3.6598;88.4633;4.3205;30.0377;0.9435;0.7796;-15.8188;-72.4568;18.1533
3986;32.5222;8.0196;97.1417;6.0634;77.6191;1.0249;0.9453;-16.1203;-69.2581;16.2645
3987;79.9567;7.0752;77.1249;6.2902;45.4362;1.0146;0.8651;-16.6496;-71.5779;17.5919
3988;60.1324;4.3001;129.2207;5.1909;60.3354;1.0964;1.3882;-15.537;-57.7949;11.8469
3989;104.622;4.623;82.1619;6.1259;48.2524;0.8927;1.6241;-9.2564;-39.3539;8.2445
3990;56.0569;0.8754;75.2027;1.4307;73.4222;1.1687;4.0181;-0.3296;14.6056;4.3628
3991;39.5947;2.7623;122.6875;4.2542;48.3799;1.0547;0.8499;-17.892;-73.1395;18.6147
3992;61.5173;1.2671;115.4354;-0.0209;59.8878;1.1773;1.2269;-17.6084;-65.261;14.3931
3993;34.4412;5.9598;64.991;1.9809;53.9146;1.3935;1.1531;-23.1795;-72.4162;18.1266
3994;83.5198;2.3599;123.8314;3.781;45.1751;0.8;0.9962;-11.2079;-58.4926;12.0461
3995;32.8285;7.049;83.0773;3.6019;48.2554;0.9263;1.1142;-13.0471;-59.907;12.471
3996;70.5122;5.1298;91.0714;4.6621;69.2954;0.8585;1.3897;-9.8398;-46.0407;9.2662
3997;32.5994;2.8342;104.7865;4.569;61.862;1.5336;1.1741;-26.3339;-74.4812;19.5934
3998;64.2346;2.4354;115.7956;4.8006;56.9087;1.1269;1.2133;-16.5154;-64.1119;13.9322
3999;99.5808;5.0238;111.7808;4.8621;49.2504;1.0591;1.1043;-16.1389;-65.244;14.386
4000;76.4917;7.4321;98.7623;5.0994;58.5645;1.2702;0.8852;-22.0304;-76.7694;21.5233
4001;54.4571;5.6723;89.928;3.1614;74.8026;1.0025;1.3928;-13.1927;-53.6899;10.7968
4002;69.4383;3.4181;110.8553;3.5128;41.5828;1.0978;0.8309;-18.6483;-74.7701;19.8178
4003;70.3243;4.7618;97.0837;4.5447;70.3243;0.9128;1.3884;-11.2595;-49.3017;9.8623
4004;78.5073;3.2299;157.0413;4.568;73.5078;0.8;1.2364;-9.6871;-48.4851;9.7059
4005;45.3965;9.7622;115.7893;2.9771;65.6596;1.1966;0.7083;-21.6662;-80.2704;25.3427
4006;80.6662;5.9132;79.3855;6.2223;60.5677;0.8253;1.6729;-7.4823;-32.4338;7.4001
4007;30.0;4.936;88.7453;5.6872;52.4359;1.1615;1.1079;-18.413;-68.2053;15.7259
4008;58.6621;3.807;101.2121;3.3104;77.6151;1.242;1.6106;-17.0648;-56.7732;11.5669
4009;61.2111;4.9609;138.3834;4.2875;74.5948;0.8;1.2931;-9.3632;-46.1227;9.2803
4010;81.3999;3.3832;142.3013;7.6143;46.1759;1.2324;1.0538;-20.2358;-71.498;17.5426
4011;70.4074;1.328;90.5712;4.8409;71.9911;1.0522;2.5655;-7.4041;-18.729;6.1523
4012;44.6999;3.6576;79.183;5.1935;42.9045;0.8237;1.1282;-10.6816;-54.343;10.9512
4013;52.2701;7.8499;76.6919;3.6866;69.1422;0.8;1.2519;-10.1582;-47.8376;9.5855
4014;73.5762;5.0149;106.5141;4.1303;65.108;0.9859;1.2547;-13.4172;-57.5789;11.7866
4015;68.5768;1.9121;177.8813;6.867;55.5268;0.9649;0.9245;-15.1612;-68.0613;15.655
4016;59.5758;7.2345;114.4278;4.7699;31.2803;1.2441;0.4147;-24.3818;-88.8901;45.0049
4017;61.345;3.0272;67.1341;4.4936;53.0206;1.013;1.8193;-10.5825;-40.1353;8.3522
4018;82.531;2.9061;83.4017;4.6115;69.5434;0.8045;2.2585;-3.8016;-6.422;5.3431
4019;60.6815;3.1631;85.5578;8.4181;38.5037;0.8;1.4007;-8.3967;-41.6363;8.567
4020;68.4144;4.6975;81.424;4.6597;48.619;1.0297;1.2205;-15.1524;-60.4924;12.6558
4021;109.0589;4.4974;90.758;3.3549;53.4568;1.0008;1.3734;-13.1743;-54.2577;10.9308
4022;44.3737;4.1844;109.6747;3.617;55.4878;1.3022;1.329;-19.6916;-65.9808;14.6976
4023;36.6668;5.666;118.5892;5.7711;62.6981;0.9063;0.9221;-13.8323;-66.085;14.7427
4024;84.1046;3.2583;131.3823;2.4573;58.3221;1.0873;1.1191;-16.8111;-65.6936;14.5745
4025;57.7844;6.1931;114.0026;5.2759;82.6215;0.9738;1.172;-13.768;-59.8822;12.4633
4026;64.2717;2.5406;61.3523;3.5143;58.3583;0.8;2.403;-3.1813;0.1266;4.9937
4027;55.9392;6.1979;76.7723;1.8118;59.187;1.154;1.1754;-17.6376;-66.0485;14.7269
4028;65.3236;5.2717;96.1247;3.1299;47.2723;0.9183;1.0318;-13.5404;-62.5481;13.3504
4029;98.7737;5.4102;103.7506;4.6413;63.1679;1.1409;1.495;-15.3227;-56.3215;11.4473
4030;84.4383;4.1283;124.0302;6.6928;70.2019;1.0344;1.5093;-13.3874;-51.3634;10.2803
4031;85.52;5.2942;101.0855;5.97;72.2256;0.8206;1.4366;-8.4568;-41.6403;8.5676
4032;44.5079;1.8767;101.2758;4.1595;48.7851;0.9658;1.2967;-12.4092;-55.2454;11.172
4033;49.2792;6.858;106.1252;6.0583;52.0967;0.9937;0.9347;-15.7148;-68.6471;15.9475
4034;30.0;1.6486;93.8234;4.0648;72.3453;1.0375;2.4589;-7.1123;-20.9982;6.329
4035;55.4311;2.3795;102.1959;2.4002;81.3804;1.1079;2.3921;-8.347;-28.0287;6.9472
4036;87.2207;4.695;132.506;4.6316;56.5852;1.0061;0.8725;-16.5539;-71.0942;17.2976
4037;79.305;5.8372;97.9241;2.3411;53.1653;1.418;1.0128;-24.7278;-76.1916;21.001
4038;66.0128;1.8457;99.2475;5.7871;54.0404;1.1831;1.607;-15.6178;-54.7209;11.0426
4039;69.5986;7.7045;99.1639;5.8088;88.5273;1.2204;1.316;-18.1891;-64.0563;13.9106
4040;57.6001;8.6752;138.3261;3.28;49.0292;1.1794;0.5943;-22.1768;-83.2026;29.7665
4041;73.6857;4.881;75.8044;4.8184;38.2333;1.0154;1.0066;-15.6106;-66.9559;15.1313
4042;83.7858;4.1266;155.8871;4.8041;92.1553;1.1576;1.3091;-17.1879;-62.3042;13.2641
4043;40.914;5.853;74.5205;5.9079;41.7805;1.2837;0.9016;-22.2615;-76.5885;21.357
4044;75.3937;3.3169;84.912;2.7324;57.3494;1.0255;1.4874;-13.1029;-51.6526;10.3418
4045;86.7838;4.195;120.4645;5.4992;77.1567;1.2339;1.6642;-16.752;-55.0407;11.1212
4046;62.5282;7.6387;129.3794;2.6248;55.9457;0.8;0.5286;-14.1709;-77.9743;22.7008
4047;82.6126;8.2828;70.4072;5.7658;62.6268;1.2458;1.2242;-19.0487;-67.2451;15.2649
4048;120.6638;7.7978;76.0959;6.194;65.1249;0.8571;2.0436;-6.2707;-20.5244;6.2912
4049;68.1218;2.9966;107.193;3.5956;43.6937;0.8;0.9281;-11.2694;-61.3283;12.9294
4050;77.0795;2.8497;179.6975;6.4287;54.5909;0.9457;0.7701;-15.9054;-72.8552;18.4198
4051;56.715;3.1659;136.5561;2.239;66.9264;1.0423;1.0276;-16.3903;-67.1377;15.215
4052;73.2625;3.9047;93.986;6.2494;64.8818;1.0692;1.5953;-13.2324;-50.268;10.0539
4053;78.2849;3.2466;60.0;6.7577;59.671;1.2945;2.4558;-13.0779;-36.7622;7.9067
4054;73.5072;3.549;102.062;5.1187;72.3676;0.8945;1.676;-8.6277;-37.549;8.0063
4055;51.6455;4.9773;109.4803;4.3067;54.8571;1.3893;0.9332;-24.2003;-77.6106;22.332
4056;73.7145;6.0261;90.876;5.0686;66.2681;1.3899;1.2711;-22.4935;-69.5152;16.4016
4057;96.3195;5.8065;80.8414;3.6944;60.2551;1.0462;1.3424;-14.3145;-57.2271;11.6896
4058;78.0754;6.487;104.0594;8.5369;61.2891;0.8475;1.0655;-12.1329;-58.092;11.9309
4059;87.3158;1.3743;79.0124;3.7202;75.2091;1.6457;3.2609;-15.2195;-33.9507;7.5701
4060;65.7338;1.5647;159.6977;6.5761;46.1103;1.412;0.8959;-24.9948;-78.849;23.6395
4061;83.4982;6.2575;146.1095;3.4882;59.788;1.0388;0.6874;-18.7217;-77.9446;22.6702
4062;75.0268;4.4277;117.8778;6.9952;39.6758;0.8;0.7023;-12.844;-70.7389;17.0876
4063;52.8836;4.7034;102.2681;7.6185;55.3933;1.1321;1.1069;-17.7907;-67.4088;15.3416
4064;75.7334;1.6176;84.7859;5.179;62.2962;0.8887;2.4615;-4.0138;-7.675;5.4157
4065;52.1495;2.9625;99.4817;5.03;75.8813;1.191;1.8001;-14.9602;-49.621;9.9248
4066;58.6082;5.096;150.6553;3.1651;59.4069;1.047;0.729;-18.2175;-76.7916;21.544
4067;73.4079;6.9399;124.2547;2.9865;51.3627;0.8;0.6998;-13.0249;-70.8432;17.1487
4068;75.3504;7.6504;105.2242;5.0469;67.1535;0.8;0.8947;-11.8154;-62.7219;13.4127
4069;48.5938;4.2361;125.9851;6.7873;44.7799;0.8586;0.8801;-13.5361;-65.832;14.6336
4070;88.9717;4.5022;114.6143;3.7777;57.8323;1.3884;1.3397;-22.1254;-67.8369;15.5458
4071;80.2961;6.668;110.4143;7.9119;55.9988;0.8781;0.8613;-13.605;-67.3035;15.2922
4072;57.3149;4.4549;127.7801;3.6848;68.4382;0.8;1.1506;-10.1151;-52.0601;10.4297
4073;42.3235;4.3318;113.7982;4.9441;69.5649;0.9605;1.1451;-13.7431;-60.2597;12.5817
4074;67.3917;7.4876;123.9413;4.948;67.6973;0.9491;0.7521;-15.8496;-73.584;18.9279
4075;61.973;6.2624;104.1172;4.4477;65.4703;1.3743;0.9463;-23.7352;-77.049;21.7855
4076;72.0365;7.541;93.8445;1.5343;82.0123;1.3538;1.0745;-22.6455;-73.5445;18.8997
4077;63.4639;2.7767;87.1935;3.6714;52.5489;0.8;1.3247;-8.9015;-44.8038;9.0586
4078;33.8658;4.376;84.6346;4.8995;52.5804;1.0819;1.625;-13.9372;-49.9305;9.9861
4079;63.0098;6.7634;66.9454;4.456;42.0638;1.1716;0.9067;-19.8876;-74.2039;19.3828
4080;64.4989;2.1247;79.6136;5.5543;70.9792;0.9761;2.3746;-5.6822;-18.9059;6.1657
4081;81.4059;6.3047;79.0402;5.7353;49.8114;1.0358;1.1948;-15.0305;-61.5501;13.0039
4082;57.4324;2.5846;88.0878;4.2399;57.0254;1.2475;1.703;-16.6901;-54.4945;10.9877
4083;100.2161;6.4279;147.781;3.1564;73.629;1.0603;1.0377;-16.7792;-67.378;15.3271
4084;35.5905;4.9204;96.1375;6.9225;58.5343;1.1435;1.1895;-17.5358;-65.3267;14.4203
4085;93.601;2.6423;106.2306;2.5668;52.1274;1.325;1.3963;-20.2998;-64.8722;14.2338
4086;65.9623;4.0821;107.0718;3.707;81.1008;0.9146;1.6552;-9.5286;-39.6729;8.2881
4087;85.4725;5.4007;148.72;3.3251;68.1725;1.1726;0.8369;-20.3077;-76.2085;21.0159
4088;71.4364;5.0656;86.5977;5.7197;68.814;0.915;1.7365;-10.2437;-36.7373;7.9035
4089;90.512;3.8284;94.5889;6.5755;68.0608;1.2395;1.9263;-14.7274;-48.1965;9.6519
4090;63.0275;7.4131;97.38;4.3395;60.6008;0.8831;0.8897;-13.4582;-66.4193;14.8895
4091;50.2248;4.3459;132.8611;4.9447;54.0357;1.0908;0.8959;-18.0971;-72.6215;18.2625
4092;95.5691;4.2677;139.9376;5.2432;39.6298;0.9554;0.6388;-16.8217;-77.7118;22.4334
4093;67.9573;1.7159;112.5971;7.306;73.7858;1.1246;2.2246;-9.8765;-34.0603;7.5827
4094;73.9881;7.7243;136.101;1.9396;49.081;0.8445;0.5794;-14.8492;-77.132;21.8646
4095;92.2255;2.551;104.5416;5.7163;79.098;0.946;2.1559;-6.8558;-24.0354;6.582
4096;51.4248;4.3995;95.7767;5.1648;47.9673;0.9895;1.0786;-14.3831;-63.6657;13.7611
4097;80.7188;6.3858;134.2698;4.0437;70.4634;0.8066;1.0767;-10.8422;-55.5073;11.2378
4098;59.3819;2.7621;112.9646;5.0893;23.0134;0.8856;0.4436;-16.462;-83.3035;29.9465
4099;67.621;4.3938;83.2033;5.7112;77.4999;0.8;2.1984;-4.1291;-8.4006;5.4585
4100;71.301;2.8909;128.3198;5.4747;77.6195;1.0784;1.6523;-12.8254;-48.9253;9.7896
4101;42.996;6.0025;94.9212;7.8378;67.84;1.1722;1.1378;-18.3104;-67.6439;15.4531
4102;55.9809;4.6175;92.0622;4.7912;23.9084;0.8;0.4821;-14.4617;-79.9114;24.8897
4103;94.3193;6.9052;125.0134;4.6404;70.7828;0.8;1.3012;-9.1973;-45.7834;9.2223
4104;85.9514;7.352;97.8037;4.3281;22.9616;0.8255;0.3658;-15.6424;-85.2301;33.8526
4105;68.8725;5.1669;110.2124;5.4295;47.9367;0.8;1.1365;-10.107;-52.6438;10.5583
4106;74.3762;5.7267;117.9965;4.5519;40.79;1.0831;0.6232;-19.872;-80.8201;26.069
4107;64.7036;4.5249;82.2229;4.6198;76.8249;0.8708;1.8024;-7.5015;-31.003;7.2467
4108;94.4185;3.6019;110.0993;4.6267;87.3202;1.0513;2.2605;-8.2104;-28.3266;6.9761
4109;66.3937;5.1626;140.1255;4.3981;59.9297;0.8611;0.9479;-12.7936;-63.3069;13.6265
4110;74.1732;7.5304;78.7323;3.687;82.8636;0.9342;1.4803;-11.0558;-47.1808;9.4662
4111;90.6285;3.7718;111.9047;5.2272;42.5802;1.2308;0.9481;-21.0162;-74.3235;19.4731
4112;56.0073;3.2478;81.2721;4.1724;79.0037;0.8;2.0864;-3.8277;-13.0657;5.7515
4113;98.0582;3.6228;129.0913;5.5205;59.1938;0.8937;1.4527;-10.8946;-45.8185;9.2282
4114;42.4517;3.8725;128.7853;4.7662;71.2579;1.0871;1.0574;-16.9683;-67.5777;15.4215
4115;99.3336;1.8218;91.5229;4.0201;59.7287;0.9383;2.1926;-7.4997;-22.1065;6.419
4116;63.2918;4.2247;173.743;6.9472;63.3435;1.0385;0.8762;-17.1953;-71.8732;17.7766
4117;65.6314;4.201;131.8713;4.4465;61.9417;1.0003;0.99;-15.7298;-67.0109;15.1565
4118;35.9798;4.7685;119.3312;5.5342;73.0019;0.8;1.0182;-11.2405;-57.5749;11.7855
4119;61.8137;3.4906;117.6628;3.55;65.2483;1.3229;1.2201;-21.1052;-69.2578;16.2643
4120;51.2835;4.9277;127.8876;1.5617;78.594;0.9803;0.9946;-14.8741;-66.1823;14.7851
4121;59.0624;7.1542;77.965;3.7495;60.1353;1.3757;1.0968;-23.2934;-73.4252;18.8148
4122;67.5284;8.2792;104.9855;1.3938;72.345;1.07;0.7907;-18.7324;-75.3653;20.2966
4123;87.2402;4.7379;110.0536;4.2447;65.6961;1.3013;1.4147;-19.5205;-63.762;13.7977
4124;73.7369;1.5058;90.4807;6.803;53.6813;1.2269;1.9282;-14.6988;-47.6105;9.5439
4125;75.5382;8.5697;112.3219;3.2421;80.6545;1.2786;0.8551;-22.588;-77.7084;22.43
4126;50.2807;5.5773;136.0597;1.4409;43.5577;0.9564;0.611;-16.8493;-78.7039;23.4785
4127;54.1464;3.3548;89.9926;6.8504;66.4941;1.4296;1.8011;-20.3291;-58.0063;11.9065
4128;102.3771;2.3695;98.6486;3.887;36.9204;0.9099;1.0657;-12.8979;-60.9587;12.807
4129;56.7664;2.3456;81.4528;4.5764;57.7265;1.0752;2.3128;-9.6665;-28.3002;6.9735
4130;99.8117;2.496;63.9706;5.7824;40.6263;1.1884;1.8336;-14.529;-48.57;9.722
4131;65.6249;1.5404;121.4987;5.3848;61.5199;1.886;1.4227;-32.5922;-74.8546;19.8843
4132;70.0412;7.4492;99.3587;5.7258;61.6627;1.2446;0.9278;-20.9934;-75.1515;20.122
4133;89.2666;4.4738;101.1966;5.9506;63.3545;0.9001;1.4746;-10.6573;-45.3919;9.1561
4134;92.8941;5.5332;78.138;1.9808;75.0336;1.0553;1.9609;-10.8067;-38.0644;8.0729
4135;68.0054;6.6191;95.4683;2.4785;65.1573;0.8;1.2968;-9.2565;-45.9655;9.2534
4136;63.0116;6.2768;131.541;6.3568;30.9212;1.3418;0.3898;-26.9141;-90.3171;50.0
4137;68.9934;7.2059;100.0205;3.4274;36.0459;0.8;0.4958;-14.4206;-79.3402;24.2016
4138;76.0832;8.5243;100.7323;3.591;55.4833;0.9661;0.694;-16.7479;-76.0547;20.881
4139;86.0435;3.8925;105.3252;2.7057;86.002;1.5514;1.8704;-21.3527;-59.8126;12.4417
4140;70.0761;8.1827;73.4111;3.9926;67.5827;1.1641;1.3464;-16.8657;-61.4476;12.9694
4141;81.14;5.7103;116.9095;4.076;62.3606;1.1029;0.9555;-18.2455;-71.1231;17.3149
4142;99.4905;1.7955;73.0665;3.1938;48.7303;0.8;2.3661;-2.3198;-1.4117;5.0716
4143;76.8636;5.3998;79.0647;3.0204;56.4565;1.305;1.8818;-16.7876;-51.9319;10.4019
4144;75.6098;5.4356;76.9277;5.078;61.1284;0.8329;1.537;-8.7391;-38.4853;8.1281
4145;42.6596;7.4979;95.7139;3.3885;70.4995;0.8342;1.0608;-11.8211;-57.6129;11.796
4146;30.0;3.5424;91.5657;3.6905;67.7791;1.3045;1.7573;-17.5208;-55.0968;11.1351
4147;76.9908;4.7461;99.9694;1.3206;42.1368;0.8273;0.7923;-12.9312;-68.0772;15.6628
4148;68.2932;1.038;79.7468;7.5073;48.803;0.8;2.0144;-5.336;-16.0684;5.9572
4149;60.7339;3.3354;128.5791;6.0127;73.2896;0.8246;1.4012;-9.1373;-43.3607;8.8278
4150;74.3835;1.7158;123.1837;3.8578;42.6583;1.0386;0.9653;-16.7048;-69.0177;16.1382
4151;68.9127;4.3613;95.7477;3.2514;59.0705;0.9044;1.1922;-12.0992;-56.0572;11.3784
4152;90.3;6.5158;88.7283;4.6163;84.7999;1.4381;1.8634;-19.1959;-56.809;11.5765
4153;71.55;2.7143;86.5161;4.5752;42.1499;1.0069;1.1443;-14.4983;-62.1165;13.1983
4154;56.5554;4.3942;92.5393;2.6861;56.9279;0.8;1.1635;-10.496;-51.5201;10.3136
4155;87.823;2.7012;70.4645;0.7742;76.0136;0.8;3.829;6.5751;59.5433;3.1339
4156;66.0916;2.193;78.6705;3.8109;74.1105;1.1973;2.4824;-10.9285;-30.8896;7.2348
4157;79.4777;4.2975;123.9899;2.2549;55.7957;1.0619;0.8659;-18.0998;-72.8188;18.3951
4158;61.4066;1.8711;107.8373;4.8571;53.8769;1.1294;1.5433;-15.2581;-54.4514;10.9773
4159;58.3031;4.7616;150.4663;4.8671;38.2602;0.9182;0.4656;-17.2891;-83.0971;29.5807
4160;71.515;1.3627;92.793;3.1402;62.9434;1.0313;1.923;-10.0311;-37.8462;8.0446
4161;70.2309;2.092;91.3586;3.7981;58.0522;1.2689;1.6275;-17.4787;-57.2451;11.6946
4162;78.6369;4.5296;90.3052;7.2446;79.8873;1.0011;1.9586;-9.207;-34.7868;7.6672
4163;65.1644;4.7874;92.3309;5.7627;43.831;0.8;1.3019;-9.0072;-45.7546;9.2174
4164;36.9455;1.3297;84.7903;3.9216;62.4294;1.1555;1.8386;-13.4539;-46.9618;9.4272
4165;62.2101;4.6736;107.0095;8.0379;65.3418;0.9326;1.2826;-12.1081;-54.1559;10.9065
4166;84.2887;6.7229;100.7303;2.8046;48.0721;1.2132;0.8142;-21.2612;-77.6301;22.3515
4167;64.6472;5.7028;88.0312;3.381;85.2595;1.0051;1.6673;-11.5049;-44.7064;9.0426
4168;65.5651;2.2651;136.7231;4.4342;58.9874;1.1881;1.1105;-19.0287;-68.8442;16.0484
4169;87.7548;4.7942;160.6641;2.3035;40.1743;1.1067;0.4712;-21.2799;-85.8078;35.2307
4170;57.1845;5.3315;133.8627;7.2855;54.3474;1.2964;0.7556;-23.6289;-80.5731;25.7375
4171;42.2295;1.4403;114.9734;4.8747;51.5156;1.2122;1.2252;-19.2511;-66.3096;14.841
4172;67.1086;6.8985;120.9785;3.4151;39.8029;0.8;0.4596;-14.7673;-80.8506;26.1105
4173;61.2849;7.5034;159.0588;5.2717;54.1075;0.8;0.4339;-14.6859;-81.9195;27.654
4174;52.6076;6.8464;120.9346;4.8191;66.668;0.9847;0.7875;-16.5838;-73.3414;18.7557
4175;66.8432;6.585;86.3902;4.143;37.805;1.1279;0.9108;-18.8972;-73.082;18.5749
4176;78.8471;5.8818;110.3038;2.7872;79.3639;0.865;1.1503;-11.4182;-55.669;11.2788
4177;69.8328;5.0627;116.9482;2.4457;49.528;1.0932;0.8923;-18.4204;-72.794;18.3783
4178;75.5257;5.3771;77.983;7.8802;71.0444;1.0841;2.0362;-11.2291;-37.39;7.9859
4179;102.6413;6.4119;93.1245;2.5709;60.6809;0.9855;1.2147;-14.0584;-58.9155;12.1701
4180;63.8282;5.2625;131.666;7.1469;42.3423;0.8808;0.6941;-14.9945;-73.7307;19.0336
4181;75.0103;3.3137;63.3894;3.3329;59.085;0.8156;2.5137;-1.7179;2.7375;4.8668
4182;60.8342;3.5581;73.1537;5.785;68.7784;1.6419;2.43;-21.2351;-50.6651;10.1348
4183;54.7655;7.3836;95.6857;5.2981;47.1991;0.8;0.6656;-13.4495;-72.2663;18.0286
4184;59.4717;1.1377;109.2447;5.5981;86.5635;0.8;2.5635;-0.3384;6.8115;4.6811
4185;61.3823;5.5247;71.2192;5.698;49.3793;1.6822;1.1976;-29.0795;-76.2698;21.0702
4186;76.4706;8.2658;96.88;2.1827;60.9288;0.8133;0.8107;-12.7425;-66.7744;15.0486
4187;112.2834;5.5801;133.4347;3.5855;60.7053;0.8936;1.2072;-12.6326;-54.9677;11.1031
4188;57.1112;9.3637;101.7311;2.5479;44.8563;1.1457;0.4881;-21.9563;-85.7977;35.2056
4189;62.5007;5.4417;126.4621;4.884;69.9494;1.101;0.9797;-17.9426;-70.3377;16.8564
4190;68.8638;1.4034;86.2407;2.615;55.4654;1.0927;2.0758;-10.7176;-36.6749;7.8958
4191;77.1244;6.6083;81.6703;1.6284;74.3368;1.3486;1.4865;-20.0767;-63.2581;13.6084
4192;74.7439;3.1027;123.6418;4.2438;71.6721;0.8256;1.5444;-8.8169;-37.6461;8.0187
4193;93.1137;3.9306;109.6712;1.2864;59.003;1.0356;1.3543;-14.1327;-56.4104;11.4706
4194;30.0;3.2364;74.3491;4.9881;59.1424;0.9893;1.5038;-12.6148;-49.3337;9.8685
4195;30.0;3.0257;81.8559;2.7136;77.2315;0.8388;1.7273;-7.3966;-31.3579;7.2842
4196;61.0742;3.8509;147.8673;3.3391;50.4266;1.021;0.8042;-17.2974;-73.7432;19.0427
4197;89.7514;3.5725;79.3629;1.1794;45.0687;1.1186;1.2154;-16.3339;-63.782;13.8053
4198;41.8183;5.0621;126.3117;7.0752;79.2604;1.1241;1.1364;-17.2641;-66.3024;14.8378
4199;30.0;6.475;88.7323;2.4056;59.6646;1.2385;0.7712;-22.1326;-79.2444;24.0899
4200;80.2812;3.1631;99.9206;4.054;66.9031;0.992;1.6161;-11.4962;-45.698;9.2078
4201;74.3858;2.753;107.6428;1.9124;50.4697;0.8175;1.0873;-10.9944;-55.6663;11.2781
4202;50.3762;5.2935;60.0;3.3465;55.469;0.8;1.4566;-8.2772;-39.3104;8.2386
4203;52.2603;5.3177;69.3725;7.2277;33.3917;0.9118;1.0498;-13.5798;-61.624;13.029
4204;52.5446;7.4359;102.1818;5.0462;40.367;0.8;0.5328;-14.0614;-77.8003;22.5228
4205;71.9896;1.1154;83.4371;3.5146;56.5341;0.8675;1.9602;-6.8997;-24.6781;6.6382
4206;58.7263;6.8739;128.2928;4.5487;60.8031;0.8;0.7324;-12.8663;-69.4835;16.3846
4207;78.8932;4.3561;66.9295;3.7592;54.2256;0.8773;1.8358;-7.5146;-30.2431;7.1678
4208;30.0;4.9817;115.1786;4.4614;47.8229;1.4286;0.655;-27.3417;-84.7178;32.7177
4209;54.5767;1.9731;70.889;5.7158;51.7657;0.9756;1.9548;-9.28;-33.2128;7.4865
4210;49.731;3.8574;91.5737;4.1034;56.0258;1.3695;1.1897;-22.3866;-71.0422;17.2665
4211;65.3859;2.8235;76.6367;4.93;37.8462;1.0871;1.2427;-16.0834;-61.8954;13.1218
4212;60.3151;2.9572;160.8991;4.9547;79.454;0.883;1.324;-11.1207;-50.0148;10.003
4213;84.3612;4.2574;71.5429;4.1108;72.6739;0.9756;2.1828;-7.5623;-25.4235;6.7045
4214;36.5319;6.4685;96.9946;3.4961;71.0488;0.8;0.9502;-11.3049;-60.4089;12.6291
4215;70.8188;5.8722;64.9398;3.8122;25.4181;0.9359;0.6407;-16.3489;-77.1806;21.9112
4216;80.0501;4.7848;149.1664;5.6488;62.8328;0.8;0.8913;-11.4998;-62.8636;13.4639
4217;103.4197;4.4657;110.5525;5.7736;48.8021;1.1272;1.1587;-17.1768;-65.7335;14.5915
4218;61.3282;3.8288;103.4836;2.8933;49.9958;0.9167;0.986;-13.9486;-64.1478;13.9461
4219;75.8403;8.6529;144.5678;4.2085;83.2315;0.9411;0.6931;-16.2251;-75.4508;20.3673
4220;37.5305;4.5919;103.7543;3.4706;35.0347;0.9198;0.6307;-16.0754;-77.143;21.8752
4221;30.0;2.956;105.6427;5.7999;70.8343;1.1968;1.507;-16.8086;-58.0273;11.9125
4222;85.2059;2.8377;103.348;3.8932;68.3956;0.837;1.7776;-7.4673;-29.2035;7.0625
4223;69.8999;4.9162;115.1319;7.9014;71.6505;0.826;1.3303;-9.7152;-46.3145;9.3135
4224;91.2132;4.3669;88.4166;4.9268;58.716;1.0709;1.857;-11.6239;-42.1995;8.6504
4225;45.2787;0.9276;94.7838;6.373;46.7128;1.2427;1.7764;-15.8886;-52.3514;10.4935
4226;79.3582;6.6384;122.4563;3.0781;79.6003;1.0685;0.9986;-16.8671;-68.8476;16.0501
4227;103.6387;5.5643;107.1804;4.6176;46.6763;1.5486;0.9247;-28.1361;-80.0968;25.1216
4228;77.5547;5.2578;97.1843;5.5243;75.4794;0.8296;1.6093;-8.6933;-35.3377;7.7325
4229;74.9785;1.7781;70.4596;3.05;56.319;0.8;2.5225;-0.9924;5.1061;4.7571
4230;70.154;3.4867;145.4282;4.6305;52.8233;1.1024;0.8424;-18.6716;-74.5269;19.6286
4231;41.7241;7.9271;84.7586;6.1778;80.8457;0.9698;1.3575;-12.7327;-53.3429;10.7165
4232;94.4003;6.9771;127.9935;4.1088;59.0854;1.0989;0.7742;-19.0683;-76.5145;21.2897
4233;59.0046;3.1071;104.4918;3.3224;66.8602;1.1868;1.8353;-14.6215;-48.4542;9.7001
4234;79.0807;2.4314;72.3711;7.3044;39.8825;0.8;1.5407;-7.5232;-35.8059;7.7889
4235;41.8654;3.9473;136.7616;2.8424;63.1058;0.9443;0.8482;-14.9337;-70.0565;16.6981
4236;48.7697;3.455;106.5704;4.8338;65.3269;1.1244;1.3227;-16.4894;-60.7861;12.7506
4237;95.8316;5.4031;139.6315;3.5376;42.1737;1.0524;0.6033;-19.2688;-80.8912;26.166
4238;63.7486;8.506;95.5422;3.1947;97.2477;0.9654;1.6224;-11.1747;-43.9818;8.9257
4239;96.159;3.4915;119.2453;5.7125;69.5434;1.1591;1.6249;-15.7514;-53.2727;10.7004
4240;68.5918;1.7157;64.363;4.2917;82.7773;1.2206;3.6057;-3.676;-1.5303;5.0777
4241;36.8458;7.3907;88.2449;5.2088;57.7737;0.8;0.846;-12.4685;-64.7513;14.1849
4242;86.0572;1.4494;72.7422;1.2173;69.8008;1.3705;2.7934;-13.2563;-32.0582;7.3592
4243;59.3819;8.2277;91.056;5.3547;42.88;0.8;0.6529;-13.3184;-72.7967;18.3801
4244;82.5764;5.2771;112.5191;3.5191;63.6079;1.1265;1.0869;-17.5003;-67.8382;15.5464
4245;70.4538;8.0308;85.9723;1.7817;76.1568;0.936;1.1951;-12.6876;-57.4392;11.7479
4246;42.2239;2.6776;124.1053;7.4271;79.997;1.2853;1.8755;-16.5437;-51.3602;10.2797
4247;72.9573;1.4832;80.7225;5.5015;54.542;1.1551;2.0571;-11.8622;-40.6379;8.4229
4248;109.532;4.1661;124.7709;4.9409;57.0625;1.1251;1.294;-16.4926;-61.6636;13.0424
4249;78.8738;3.9557;138.7411;6.4741;78.2554;1.0454;1.3453;-14.3118;-57.1044;11.6562
4250;68.9647;3.3325;128.8375;4.9714;83.815;0.8981;1.4201;-10.7654;-47.2918;9.4862
4251;89.3562;8.322;91.7551;3.4021;60.4309;0.8204;0.9634;-12.0366;-60.8554;12.7731
4252;73.792;6.5652;60.0;4.3375;64.158;0.8;2.3555;-2.8846;-1.8541;5.0945
4253;73.7716;5.2561;115.6666;3.5825;56.8898;0.8824;1.0577;-12.806;-60.044;12.5138
4254;50.3507;2.4667;96.9176;3.8495;58.8415;1.2001;1.3546;-18.2201;-62.3772;13.2898
4255;74.2093;5.7967;78.3019;2.7134;55.406;0.8184;1.1875;-9.9444;-51.6332;10.3377
4256;88.638;5.7393;87.0167;3.145;65.9813;1.2735;1.5731;-18.0093;-58.8261;12.1436
4257;54.9509;3.8167;143.1333;5.9419;30.1796;0.8145;0.5154;-14.531;-78.9058;23.7033
4258;95.6409;7.7635;75.2514;5.0981;66.504;0.9677;1.4538;-11.9992;-49.9198;9.984
4259;68.3493;2.4914;112.4206;3.8455;71.028;1.0944;1.641;-12.9167;-50.0174;10.0035
4260;54.0201;3.0199;105.6001;3.058;57.6486;1.2279;1.3214;-18.5602;-64.1281;13.9385
4261;87.9574;1.7254;91.4528;3.9919;32.41;0.9293;1.074;-13.4283;-61.4762;12.979
4262;64.8377;6.3118;117.4841;2.0742;32.6293;1.101;0.491;-21.0087;-85.136;33.6384
4263;83.6713;4.9847;150.3899;4.7899;87.9196;1.0434;1.3696;-14.8949;-56.246;11.4275
4264;64.7483;3.2504;92.8678;6.0182;52.5534;0.9513;1.4375;-11.4175;-49.6292;9.9264
4265;68.9231;2.4725;94.1016;8.1505;74.0211;0.8124;2.2976;-3.4938;-5.7287;5.3038
4266;78.8841;1.4765;116.8261;2.9451;77.6958;1.092;1.9987;-10.5629;-38.9895;8.1953
4267;75.2361;2.49;125.8047;5.9557;69.9452;1.0056;1.4721;-12.753;-51.202;10.2463
4268;34.0804;3.9704;96.8577;3.5392;76.9463;0.9381;1.336;-12.3482;-52.5266;10.5322
4269;49.8176;2.9229;92.6498;2.9073;65.7285;1.0232;1.5878;-12.5251;-48.2741;9.6663
4270;86.7294;2.9801;60.0;2.9067;43.8357;1.121;1.7673;-13.8686;-47.4493;9.5146
4271;67.6215;7.1235;82.3244;4.8111;56.2545;0.8;1.297;-9.4994;-45.9601;9.2524
4272;60.5728;4.3217;75.2144;3.2038;74.773;0.8965;1.8928;-7.0181;-29.6245;7.1047
4273;45.5457;5.7568;118.6676;3.6897;64.0594;0.823;1.2278;-10.7277;-50.2689;10.0541
4274;50.5647;1.4209;94.0846;3.9394;64.5752;0.8355;2.0067;-5.042;-19.9423;6.2455
4275;33.6076;3.5026;93.169;3.49;80.5217;0.854;1.8377;-7.8061;-28.2727;6.9708
4276;68.1769;4.1148;99.7738;3.3811;64.4559;1.2457;1.2604;-19.4466;-66.2728;14.8248
4277;59.2281;2.6041;80.4492;0.9563;69.226;1.0689;2.141;-10.0582;-33.2338;7.4888
4278;52.6014;2.1895;147.4489;4.7304;80.2627;0.8025;1.4025;-9.2097;-41.7465;8.5832
4279;68.7738;7.0632;138.3406;4.7015;38.9296;1.0379;0.5203;-19.4388;-83.2908;29.9237
4280;76.5515;7.9931;149.8593;3.404;55.4994;1.0894;0.4818;-20.8381;-85.2577;33.916
4281;107.6776;1.8681;118.6318;5.1406;78.3317;0.9308;2.1509;-6.9085;-22.9694;6.4909
4282;42.7861;3.4205;99.2658;6.6954;30.2309;0.8;0.7142;-12.8819;-70.2398;16.8009
4283;90.8689;8.3345;149.7328;4.6354;51.9961;0.8043;0.684;-13.1121;-71.6562;17.6405
4284;87.5158;1.9054;84.3461;6.5954;41.9709;0.8;1.9946;-5.8097;-16.8903;6.0161
4285;55.9763;5.132;80.4284;7.9572;49.3158;1.5342;1.1563;-26.5763;-74.8761;19.9014
4286;73.6582;8.6409;86.0383;8.3958;76.4702;0.8;1.243;-9.6283;-48.2086;9.6541
4287;61.7626;8.7966;113.9646;2.8176;66.0741;0.8;0.6549;-13.2625;-72.7145;18.3247
4288;73.3424;4.0701;82.6524;2.8254;60.2497;0.9953;1.5531;-12.4866;-47.9846;9.6125
4289;97.1644;2.466;96.1901;3.9334;31.1442;0.8;0.9888;-11.4444;-58.8005;12.1361
4290;80.9009;2.6908;67.0009;4.7931;28.1104;0.8;1.1196;-10.681;-53.3507;10.7183
4291;79.155;7.2905;112.7806;6.98;73.5278;1.0233;1.0874;-15.7986;-64.5758;14.1146
4292;62.2544;7.5766;68.4357;5.5409;45.4625;1.0415;0.8922;-17.3444;-71.4431;17.5089
4293;43.287;4.8935;79.2122;2.7951;48.6918;1.0854;1.2188;-16.525;-62.5685;13.3577
4294;66.2476;6.0567;135.5665;3.6825;58.62;1.1538;0.6902;-20.9611;-80.0601;25.0754
4295;91.7189;5.8413;134.3233;4.537;52.7356;0.992;0.7338;-16.84;-75.3421;20.2775
4296;42.511;5.2578;109.8097;2.3663;44.3477;0.8713;0.7722;-14.112;-70.4562;16.924
4297;51.0084;6.6109;107.1346;4.6205;70.7958;1.0958;0.9807;-17.8566;-70.1688;16.761
4298;72.2728;5.4261;87.5693;2.8173;86.4723;1.3206;2.0234;-16.2648;-48.9282;9.7901
4299;52.2762;4.4332;82.4296;2.1239;59.2984;1.1315;1.4295;-15.958;-57.8871;11.8729
4300;55.7346;2.8723;91.3419;3.1795;65.8094;0.8413;2.0623;-5.4463;-18.2927;6.1194
4301;62.3752;5.8731;68.4947;5.2165;87.3268;1.1307;2.3187;-9.4461;-31.6441;7.3147
4302;45.4189;4.0825;106.5146;5.2062;58.1134;1.1183;1.0792;-17.6956;-67.8344;15.5445
4303;52.4658;3.1519;101.2283;4.745;93.1262;0.8;2.6459;0.1041;10.244;4.5354
4304;82.6617;6.3709;79.1872;6.0874;63.6401;0.9545;1.356;-11.8497;-52.644;10.5583
4305;46.4673;5.5091;148.019;5.9284;84.1974;1.12;0.9078;-18.8388;-72.9827;18.5066
4306;41.2383;7.9587;116.3844;4.9066;64.4405;1.2614;0.7372;-22.7539;-80.5195;25.6667
4307;58.6596;2.4822;118.8819;4.6996;83.7693;0.8787;1.9765;-6.6096;-25.0235;6.6688
4308;83.1752;5.17;88.5294;4.7943;73.5756;0.8;1.6798;-7.0941;-30.0085;7.1437
4309;66.4554;2.9085;99.9668;4.3785;52.5104;1.1071;1.1814;-16.6109;-64.4282;14.0561
4310;61.6375;7.4679;116.9812;1.3385;59.2211;0.9516;0.5978;-17.0598;-79.06;23.8778
4311;70.7985;2.0372;103.8934;6.3032;65.0957;1.0491;2.0066;-10.8002;-36.2439;7.8424
4312;38.5773;5.2182;149.2534;5.1963;59.5196;1.0388;0.6914;-18.2056;-77.8127;22.5354
4313;78.9047;6.2727;95.0329;2.7755;19.7789;1.0301;0.3487;-20.244;-88.718;44.3183
4314;76.9018;3.4503;88.1491;6.7417;53.5264;0.9206;1.6806;-9.7668;-39.1487;8.2168
4315;62.6324;8.2536;117.1826;3.715;65.6708;1.1988;0.6533;-21.9949;-81.8338;27.5237
4316;88.1066;6.8494;72.8941;4.4383;55.1709;0.8439;1.2901;-10.4872;-49.0386;9.8113
4317;49.7051;3.1511;125.9953;6.1354;65.6718;1.0545;1.2158;-15.5089;-61.5662;13.0094
4318;90.3024;0.9232;72.2399;4.9302;51.5091;1.0812;2.4834;-7.853;-23.4338;6.5303
4319;72.7809;3.161;117.3096;6.6031;50.9431;0.9616;1.1052;-14.3489;-61.6896;13.0513
4320;63.9421;3.0868;85.0383;4.0718;65.3624;1.1719;1.787;-13.9252;-49.1707;9.8368
4321;69.6423;7.2949;112.6534;7.1368;76.1025;0.9112;1.0149;-13.6408;-62.8724;13.4671
4322;68.0692;8.5213;125.4624;3.4333;62.3842;1.5831;0.5841;-30.6297;-87.702;40.6572
4323;91.9651;1.7934;103.91;6.5764;65.98;1.0485;2.7599;-5.627;-12.2552;5.6983
4324;50.6198;4.0705;74.0888;1.2023;49.9268;1.281;1.5047;-18.5302;-60.8453;12.7699
4325;56.2747;4.5195;79.916;2.9497;53.7828;1.1944;1.2503;-17.9079;-65.1059;14.3291
4326;88.6535;1.9855;83.3464;5.0469;67.5346;1.3294;2.2578;-15.5551;-43.3863;8.8318
4327;59.2804;3.566;62.2662;3.9993;49.1021;1.0178;1.6454;-11.5198;-46.1106;9.2783
4328;86.2096;3.261;132.5606;4.4879;44.4981;1.2529;1.2107;-19.6564;-67.7893;15.5228
4329;100.5898;4.4455;102.7909;4.6625;45.5691;1.338;1.0552;-22.826;-73.7117;19.0199
4330;62.7677;5.2533;75.2857;2.8136;57.3233;1.0593;1.9638;-10.8894;-38.2035;8.0911
4331;82.2645;5.5595;143.8957;2.9261;69.4036;0.8696;0.9577;-12.8899;-63.2882;13.6196
4332;49.2335;2.3022;83.9178;4.9482;68.2503;1.4419;1.9965;-18.6943;-53.8446;10.833
4333;83.5852;6.4731;106.4647;3.6005;73.1004;1.0038;1.0829;-15.1135;-64.0418;13.905
4334;73.5896;5.3765;81.3575;6.6116;70.4385;1.0158;1.7938;-10.7739;-41.1401;8.4948
4335;78.5147;7.284;60.3768;4.3121;74.2556;1.0556;2.0573;-10.18;-35.0315;7.696
4336;58.3797;3.9486;71.0981;5.6781;30.3969;0.855;0.8851;-12.9853;-65.4927;14.4897
4337;40.1005;7.3436;89.3935;5.2643;74.6299;1.0704;1.2705;-15.6154;-60.4347;12.6373
4338;79.0585;7.0124;125.179;3.6983;69.5356;1.0721;0.7744;-18.4317;-75.9236;20.7673
4339;32.8587;3.8889;109.0497;1.6295;66.663;0.998;0.9298;-15.6576;-68.9442;16.1001
4340;64.2877;3.5849;103.5673;6.3774;70.3708;0.9868;1.9001;-10.7103;-35.8155;7.79
4341;86.9413;7.8862;60.5012;3.1316;67.7677;0.9565;1.6203;-11.0414;-43.5343;8.8549
4342;73.4542;5.6478;137.3719;3.9944;54.4897;0.9268;0.7514;-15.4024;-72.9738;18.5006
4343;105.0702;7.8156;105.7513;4.3737;81.2277;1.1564;1.3895;-16.2646;-59.9481;12.4838
4344;88.452;6.3256;97.0587;4.5235;81.1049;1.0598;1.4149;-14.448;-55.4979;11.2354
4345;58.2298;4.9028;132.7246;6.0429;63.6041;1.2047;0.9867;-19.9631;-72.6994;18.3146
4346;70.4916;2.1588;136.5983;4.6087;59.6531;0.901;1.269;-11.9685;-53.0494;10.6495
4347;69.1473;3.1359;133.4621;4.409;46.6094;1.253;0.8138;-22.3168;-78.3524;23.0972
4348;41.5208;8.5606;94.0098;6.1277;66.4425;1.1952;0.8702;-20.6665;-75.7295;20.6012
4349;53.0728;3.2726;77.8124;5.501;67.9135;0.9526;2.3729;-6.0;-16.9662;6.0216
4350;59.9063;1.9882;128.0475;3.4966;81.8279;0.8752;1.7463;-8.6687;-33.4915;7.5178
4351;33.348;5.59;71.0871;2.8793;29.5892;1.1263;0.6335;-20.5703;-81.2513;26.6685
4352;70.8549;5.7942;162.7124;3.3645;64.5438;0.8;0.9312;-11.6408;-61.2014;12.8871
4353;65.5167;3.1067;100.7024;4.5262;35.6747;0.9203;1.0307;-13.456;-62.6713;13.3945
4354;39.8879;3.1659;76.7036;2.7309;71.3504;1.0566;1.906;-11.3389;-39.8724;8.3156
4355;77.2758;4.0571;73.4939;4.7361;64.6149;0.9705;1.8424;-9.2976;-36.7195;7.9013
4356;82.8857;1.2194;72.6584;4.4062;81.6323;0.8072;3.5369;3.675;46.0646;3.4231
4357;74.0866;6.257;103.5714;0.7862;65.359;1.0182;0.9439;-16.5486;-69.1008;16.1817
4358;64.1668;3.261;99.8403;2.4907;56.4906;0.8189;1.2291;-9.7428;-49.9717;9.9943
4359;80.646;6.8815;73.4195;0.2714;61.1672;1.0535;1.2999;-15.1059;-58.8715;12.157
4360;82.244;6.3771;91.4741;4.0841;56.3486;0.9247;1.0545;-13.2937;-61.9893;13.1542
4361;75.5333;5.2548;71.036;6.211;62.0756;0.9727;2.1675;-7.4421;-25.7203;6.7313
4362;55.157;3.2996;115.8731;1.764;57.8376;0.8484;1.0421;-11.9693;-59.0544;12.2113
4363;74.9788;4.3286;98.6444;2.6166;34.6687;1.1674;0.6759;-21.1639;-80.7001;25.9069
4364;91.5187;3.9239;90.9736;4.3544;60.593;0.9712;1.5726;-11.2146;-46.0261;9.2637
4365;59.2607;3.3694;72.4678;3.0044;44.6555;0.8628;1.3357;-10.6696;-48.3968;9.6893
4366;107.7629;6.8221;92.7707;2.997;80.8044;0.9761;1.6256;-11.4602;-44.4896;9.0073
4367;60.5386;4.1394;90.1512;5.4124;72.7381;1.4148;1.6167;-20.6895;-61.9095;13.1266
4368;70.5833;6.6647;108.2672;3.8577;93.2134;1.0693;1.3597;-14.8005;-57.611;11.7955
4369;57.8953;2.0808;104.2638;2.3699;61.1013;1.2401;1.5608;-17.4682;-58.0443;11.9173
4370;74.0189;2.3301;121.8981;1.4684;79.028;0.8;1.5752;-7.2394;-34.3647;7.6178
4371;38.64;8.7719;88.5906;7.9126;45.2883;0.9613;0.7462;-16.2967;-74.1246;19.3234
4372;60.1712;4.7642;62.807;6.2925;60.5458;0.8187;1.8398;-6.2452;-25.0959;6.6752
4373;50.3418;4.2903;128.1169;3.9225;44.3171;0.9013;0.7656;-14.9056;-71.6848;17.6584
4374;72.4361;4.3688;79.1355;4.7318;56.2207;0.8579;1.4542;-9.2519;-43.494;8.8486
4375;87.9001;2.7611;75.826;3.8672;57.8233;1.2942;2.2026;-14.5898;-43.2685;8.8134
4376;81.6281;5.6749;98.9279;5.3657;57.6221;1.1542;1.3249;-16.9487;-61.7368;13.0674
4377;30.0;1.919;107.8496;3.3187;55.6048;0.8598;1.0667;-12.5;-58.6439;12.0901
4378;106.7573;4.6733;87.572;3.7852;35.9708;0.9113;0.9058;-13.96;-66.8657;15.0901
4379;75.315;4.6574;87.4002;5.2831;72.4362;1.0753;1.9778;-11.9951;-38.6882;8.155
4380;56.023;7.6112;90.687;6.7808;60.1755;1.195;1.1558;-19.2756;-67.7601;15.5087
4381;72.8283;4.3867;142.4948;5.7121;55.1903;1.2315;0.8343;-21.8502;-77.4171;22.1407
4382;73.1714;2.3042;99.9331;6.4509;66.8586;1.1354;1.9565;-12.3035;-42.562;8.705
4383;57.9967;4.6697;78.5063;4.1314;60.2031;1.4374;2.0881;-18.6867;-51.5773;10.3257
4384;73.5625;1.9728;78.7064;3.6655;75.6477;1.0891;2.9777;-4.0451;-8.8628;5.4862
4385;59.0655;2.7;93.9205;1.6924;58.1785;0.9149;1.3553;-10.9081;-50.6206;10.1257
4386;62.7215;1.3596;106.1268;4.7083;62.934;0.8496;1.6303;-8.1234;-36.0369;7.817
4387;57.647;4.3109;112.8619;5.1686;78.3517;0.8058;1.3493;-8.8529;-44.1865;8.9584
4388;44.2119;1.9169;103.1526;4.15;64.3901;0.8;2.1723;-2.9648;-9.4866;5.524
4389;72.6251;4.0599;81.0205;3.4349;77.3761;1.1445;1.9574;-13.3447;-42.9899;8.7704
4390;80.5354;7.8883;89.9438;6.4651;12.875;1.3746;0.217;-28.5898;-94.7379;50.0
4391;79.2679;5.6831;120.1387;5.5477;68.5289;1.0212;1.13;-15.2996;-63.1154;13.5558
4392;84.7587;1.8559;75.087;6.5692;57.9108;1.4414;2.4593;-17.4419;-43.1259;8.7913
4393;75.8381;2.8076;89.0085;3.1696;79.5747;1.0055;2.5598;-5.833;-15.1424;5.8922
4394;60.4109;5.3415;116.1098;3.5376;56.5565;1.1291;1.0493;-17.7755;-69.0226;16.1408
4395;85.1139;7.3538;124.4608;6.4048;70.0275;0.8;0.8535;-12.4265;-64.4395;14.0605
4396;45.5647;1.3842;95.2916;4.529;44.5133;1.1764;1.7134;-14.8703;-51.4495;10.2985
4397;53.7879;6.4684;90.2306;3.7463;34.1544;0.8804;0.7706;-14.5065;-70.8229;17.1367
4398;52.6444;4.6019;71.8543;3.8507;75.3982;1.1807;1.8712;-13.2627;-47.1728;9.4648
4399;89.441;4.5059;114.0435;4.5834;66.3067;1.2926;1.2513;-20.4269;-67.7299;15.4942
4400;86.9702;8.3251;139.0544;6.1044;36.868;1.0629;0.4256;-20.5097;-86.6526;37.4604
4401;78.7715;5.9035;189.8926;4.3592;45.6309;1.0905;0.4704;-20.8024;-85.6221;34.7756
4402;89.2947;6.8429;110.1432;5.7858;51.8931;1.024;0.9637;-16.4862;-68.6295;15.9385
4403;54.1729;3.4457;98.7361;5.3011;58.6481;1.1365;1.5721;-14.72;-53.8887;10.8433
4404;76.2747;4.5562;79.4571;3.2825;50.2498;1.4544;1.2694;-23.6966;-70.9084;17.1871
4405;67.7469;4.9428;62.5181;3.2813;71.1247;1.0023;2.2014;-8.1139;-26.7881;6.8295
4406;85.2439;3.2833;104.5233;3.9246;72.0693;1.0335;1.6389;-12.5629;-47.1419;9.4593
4407;67.926;4.6541;179.9637;2.5947;76.2658;0.8;0.819;-12.2754;-65.8753;14.6521
4408;63.071;2.8708;137.3968;3.8288;25.2399;1.0881;0.495;-20.6142;-84.8352;32.9711
4409;79.7364;2.3453;132.1994;6.8702;85.4293;0.8554;1.8972;-6.7042;-26.0667;6.7628
4410;85.771;3.5478;106.3325;4.5529;36.4767;0.9612;1.1845;-13.5015;-58.9247;12.1728
4411;57.9698;5.8362;109.4044;3.4503;80.8917;1.1002;1.1679;-16.3637;-64.6165;14.1309
4412;68.9006;7.6392;60.0;7.4736;71.8841;0.8;1.7515;-6.7451;-27.0207;6.8513
4413;50.9481;3.9948;121.0009;3.2041;49.5035;1.0976;1.1316;-17.0397;-65.6327;14.5487
4414;30.0;5.1264;86.5165;3.1572;52.8706;1.0515;1.0663;-15.8988;-66.198;14.792
4415;73.6083;2.0643;83.9095;6.4442;71.3451;1.151;2.4366;-9.6119;-29.4365;7.0858
4416;80.9603;7.4795;92.2365;5.592;81.7174;0.8801;1.5014;-10.1943;-43.1373;8.7931
4417;74.7172;4.6439;91.4616;4.4049;41.1543;1.2492;0.9122;-21.5505;-75.6598;20.5422
4418;34.9079;6.178;83.5764;5.8479;48.1518;1.0629;0.9802;-16.9763;-69.2609;16.2659
4419;63.6847;6.3027;100.3474;5.0509;68.904;0.8676;1.063;-12.019;-59.1555;12.2415
4420;30.0697;2.9681;86.9733;2.8207;59.3058;0.8;1.2999;-9.6381;-45.8393;9.2318
4421;94.6546;4.4045;102.5398;1.0036;40.6655;0.8974;0.8778;-13.9462;-67.393;15.3341
4422;50.451;8.3789;68.9496;3.749;50.2444;1.1902;1.1405;-18.9738;-68.0598;15.6543
4423;92.5973;1.959;94.7892;6.2274;25.8334;1.0932;0.8469;-18.8694;-74.177;19.3626
4424;87.0257;5.409;76.0276;3.9573;42.6547;0.8;1.473;-8.2557;-38.6234;8.1464
4425;53.7894;8.4159;85.1835;5.2901;57.0417;0.9356;0.8255;-15.4727;-70.587;16.9993
4426;49.6099;3.1801;103.65;4.8767;58.1616;1.0254;1.285;-14.4356;-58.228;11.9697
4427;76.3067;6.9646;66.965;2.0597;66.8909;1.4651;1.4295;-23.2916;-67.4745;15.3725
4428;54.8022;7.8996;81.4157;3.9904;42.0034;1.2938;0.9151;-22.4376;-76.4238;21.2078
4429;71.8447;5.8989;115.2855;5.1383;47.8488;0.9649;0.7455;-16.2403;-74.2463;19.4147
4430;61.3091;2.8439;70.237;3.4193;80.5525;1.0369;2.5589;-6.3401;-17.7394;6.0782
4431;37.9391;3.345;155.9658;4.0562;49.6861;0.8;0.7899;-12.4419;-67.0876;15.1919
4432;30.0;1.4222;135.1347;5.1876;60.437;0.8;1.1701;-10.1813;-51.2463;10.2556
4433;74.0803;6.6521;88.3705;4.7089;66.9757;0.9237;1.308;-12.1409;-52.7969;10.5925
4434;59.892;6.8376;82.1353;6.1704;70.5641;1.2222;1.2802;-18.2292;-65.0833;14.3198
4435;60.0444;5.0579;105.1781;5.1755;78.687;1.0369;1.6487;-12.3383;-46.9963;9.4333
4436;82.5255;3.4382;69.6376;3.1662;33.3693;0.8609;1.0999;-11.9555;-57.4123;11.7405
4437;91.122;1.8507;60.6206;3.8837;68.4929;1.2002;3.289;-5.6039;-8.6547;5.4737
4438;65.0942;5.9476;89.1514;4.6304;52.6902;1.4314;0.9669;-24.956;-77.4842;22.2066
4439;63.8692;5.7355;96.7043;6.6076;53.0716;0.8;1.3166;-9.3099;-45.1418;9.1144
4440;79.0026;7.5892;102.3888;3.8897;58.5256;0.9895;0.7767;-16.7756;-73.838;19.1117
4441;45.5752;5.7668;85.7542;2.0011;49.2404;0.8989;0.8971;-14.1368;-66.7349;15.0308
4442;74.0168;6.6248;137.5045;5.2609;81.0094;1.0089;1.0619;-15.3037;-64.917;14.2519
4443;79.9339;5.8898;68.8125;3.4666;86.1917;0.9128;2.185;-6.3528;-20.2103;6.2665
4444;82.2441;5.0443;75.2341;2.672;59.1392;1.7478;1.6156;-28.1838;-69.1886;16.2278
4445;35.1385;3.8269;112.9369;4.6282;54.1561;0.9764;1.0171;-14.933;-65.2782;14.4002
4446;56.2956;7.4487;74.7955;6.0593;54.0378;1.0619;1.0886;-16.0423;-65.8286;14.6321
4447;54.1913;5.1823;74.0759;3.7392;51.0171;1.0341;1.1567;-14.8338;-62.7134;13.4096
4448;71.798;3.6747;103.1319;5.3449;46.3618;0.8;0.995;-11.0489;-58.5412;12.0602
4449;78.6534;1.908;76.8449;5.6229;40.2405;1.0415;1.6639;-11.7113;-46.7495;9.3896
4450;96.9408;3.1321;96.7276;5.7877;59.9852;0.8;1.6647;-7.1033;-30.6362;7.2084
4451;61.0906;4.4916;83.9487;3.5016;39.8066;1.4343;0.8746;-25.6196;-79.6734;24.5984
4452;61.0437;3.0595;80.6206;2.9184;79.0683;1.198;2.5567;-9.7668;-28.8626;7.0287
4453;90.6941;2.7922;60.0;3.1229;44.525;0.891;1.7928;-8.8494;-32.9312;7.455
4454;75.3384;4.3939;103.5507;5.7865;36.7715;0.9672;0.7477;-16.3496;-74.2314;19.4035
4455;92.8177;2.5083;73.213;5.6011;72.8188;1.2278;3.012;-8.6374;-18.2304;6.1147
4456;75.1971;6.3568;95.8812;3.1643;80.6249;1.0561;1.4449;-13.9918;-54.394;10.9635
4457;49.1719;4.1443;87.983;7.799;67.1717;0.8;2.0277;-4.1474;-15.5111;5.9179
4458;46.0037;4.6766;94.9683;2.9855;64.9254;1.0342;1.4173;-13.6648;-54.3213;10.946
4459;42.0728;2.3709;96.3273;6.0992;32.515;1.2425;0.8607;-21.3539;-76.9079;21.6524
4460;81.9169;3.2981;104.9598;6.8795;42.1289;0.8;1.1061;-10.5679;-53.9143;10.8493
4461;91.3947;3.7367;83.3652;4.7646;67.6682;1.028;2.2029;-8.1969;-28.5682;6.9997
4462;103.2885;6.4287;136.4345;3.4454;44.8627;0.8461;0.6033;-14.6714;-76.2317;21.0364
4463;85.1759;6.0905;63.0117;3.4782;63.6155;1.2885;1.9738;-15.4716;-48.9393;9.7923
4464;90.9311;2.8012;94.4927;4.2069;87.9419;0.9134;2.8913;-2.5044;5.5164;4.7386
4465;59.5597;4.9479;123.2516;6.2213;44.2639;0.8948;0.689;-15.2057;-74.3344;19.4813
4466;49.1845;2.9046;112.6587;2.8002;58.0198;1.18;1.0465;-19.1132;-70.4391;16.9142
4467;85.3014;9.1159;78.3716;1.8419;51.6633;0.8357;0.7545;-13.4233;-69.9054;16.6143
4468;77.5183;8.2157;81.7045;5.1431;57.0594;1.0169;0.9776;-16.0966;-67.9557;15.6034
4469;71.934;4.6109;77.7479;5.4724;30.7602;1.0578;1.0491;-16.4176;-66.9406;15.1243
4470;76.9727;5.5253;116.161;7.552;63.9443;0.9619;1.0416;-14.0288;-63.9079;13.8535
4471;75.8173;6.3661;83.112;2.5265;52.3814;0.8;1.2125;-9.7166;-49.4812;9.8973
4472;93.1087;5.6926;106.5859;4.3978;78.7949;0.84;1.5109;-8.8552;-40.0443;8.3395
4473;93.3097;5.5322;106.8307;6.3428;59.1278;0.9742;1.1111;-14.1148;-61.9824;13.1518
4474;79.796;8.3398;180.7778;4.7813;59.7116;0.8;0.434;-14.7509;-81.9152;27.6475
4475;85.2245;4.8197;108.1461;4.3068;69.941;1.0172;1.3608;-13.6898;-55.4078;11.2127
4476;79.2531;5.0821;81.6453;5.7849;48.9869;0.9487;1.2542;-12.3205;-55.9317;11.346
4477;61.6989;6.834;69.4171;3.7009;83.659;1.1213;2.5392;-8.1768;-24.5146;6.6238
4478;83.6182;5.3147;93.3361;5.8771;57.8364;1.1387;1.1816;-17.7517;-65.4102;14.4551
4479;44.8991;5.7857;97.0667;2.7197;53.2756;0.8;0.7741;-12.6828;-67.7456;15.5017
4480;88.97;2.8583;60.0;2.3209;52.9046;0.9013;2.2487;-5.8579;-16.839;6.0124
4481;48.4986;3.5339;83.6555;4.1896;32.0888;0.8306;0.7443;-13.6015;-70.1328;16.7408
4482;75.1445;2.3704;107.7171;0.7551;67.611;0.9001;1.4862;-10.2446;-44.9614;9.0845
4483;54.7872;4.2671;87.5387;4.727;30.5723;0.9509;0.6787;-16.4079;-76.2057;21.0134
4484;79.961;3.9838;127.3993;2.0012;47.2023;1.251;0.8546;-22.0779;-77.2286;21.9574
4485;69.3893;9.5656;67.7335;5.0236;28.71;0.8876;0.4734;-16.5017;-82.2226;28.1256
4486;41.2944;4.9153;118.4382;4.8782;68.7559;1.194;1.0171;-19.9259;-71.6056;17.6091
4487;77.5726;6.2315;125.6679;4.4981;73.5241;1.0534;1.1196;-15.8148;-64.573;14.1135
4488;59.5974;3.3451;127.0136;5.2546;63.5276;1.3194;1.1703;-21.6015;-70.4342;16.9114
4489;85.8606;6.653;67.6066;4.9063;48.9117;0.9318;1.1816;-12.8909;-57.7287;11.8283
4490;70.0239;4.9407;108.1813;4.1605;84.1537;0.8499;1.4879;-9.4277;-41.6406;8.5676
4491;77.1176;5.5111;84.604;7.3465;60.5001;1.0292;1.8272;-10.9648;-40.8226;8.4492
4492;52.7638;3.1502;70.3607;5.19;61.7382;0.8;2.1125;-4.2007;-11.9809;5.6806
4493;59.392;4.5214;90.1706;5.7579;38.48;1.032;0.8317;-17.4339;-73.1379;18.6136
4494;61.7445;5.0668;79.7523;6.2096;57.5227;1.1198;1.3624;-15.7952;-59.4439;12.3286
4495;85.4206;4.7726;125.8836;5.6022;79.3788;1.2457;1.3234;-18.7766;-64.5884;14.1197
4496;100.1928;7.6252;113.6855;7.6942;40.1283;1.0846;0.659;-19.6696;-79.7454;24.6858
4497;55.5069;7.3991;74.9678;4.849;68.3372;0.9718;1.2499;-13.4698;-57.1302;11.6632
4498;89.3833;8.6109;83.4389;4.5896;22.5949;1.4743;0.3629;-29.8096;-91.7951;50.0
4499;30.9458;5.2972;90.9214;3.6256;64.4729;0.9981;1.0313;-15.5528;-65.5588;14.5175
4500;48.5046;8.6334;98.2062;4.2156;63.5786;0.8092;0.6867;-13.5511;-71.7139;17.6765
4501;52.742;6.6623;128.6075;3.5032;51.7298;0.9931;0.6745;-17.4759;-77.362;22.0868
4502;45.6548;3.0365;118.8504;5.6158;49.4454;0.8;1.0361;-10.8889;-56.8306;11.5823
4503;41.4954;3.8295;101.2931;3.2315;45.4517;0.8;0.8359;-12.4864;-65.1706;14.3557
4504;77.434;2.8795;93.6915;4.7107;77.1247;1.0495;2.1537;-10.0762;-31.5963;7.3095
4505;66.1468;0.8157;64.189;5.4393;52.9139;0.8;2.9021;1.2609;20.9217;4.1349
4506;76.8293;2.6133;138.1265;4.8255;61.172;0.884;1.4171;-10.3245;-46.5646;9.3571
4507;82.4285;0.8105;89.4246;3.2561;87.3608;0.8;3.1829;2.5306;32.6222;3.7701
4508;74.7811;5.6837;147.5077;5.6484;81.985;1.0285;1.004;-16.477;-67.4594;15.3654
4509;81.8397;3.8192;105.0249;4.472;55.0271;0.8673;1.2291;-11.439;-52.7614;10.5846
4510;68.7484;3.2388;165.9176;0.2909;57.3962;1.1123;0.8253;-19.0346;-75.2684;20.217
4511;48.6341;6.0194;116.3672;3.125;60.4916;1.0945;0.7383;-19.2441;-77.5128;22.2349
4512;89.0407;6.6624;69.907;6.7017;70.4412;0.8;2.0602;-4.4936;-14.1574;5.8246
4513;59.396;8.7184;85.7612;6.8265;56.4791;1.2022;0.9552;-20.0873;-73.5152;18.8788
4514;53.1593;5.1209;95.8598;5.3892;69.2871;0.9663;1.3223;-12.93;-54.3849;10.9613
4515;66.7975;4.016;80.3767;5.7761;84.7384;0.8;2.2382;-3.6316;-6.7428;5.3615
4516;53.5694;3.2029;91.0041;3.4326;63.3546;1.0774;1.4511;-14.5827;-55.1059;11.1373
4517;62.4863;2.7978;71.0537;4.2098;87.6657;1.4221;3.3372;-10.2584;-21.7774;6.392
4518;76.193;2.7488;100.1431;6.453;54.4008;0.9615;1.4462;-11.5881;-49.863;9.9727
4519;76.2702;3.7319;106.115;5.2389;33.7267;0.8;0.712;-12.8948;-70.3325;16.8535
4520;53.8391;9.2609;77.8001;4.6974;81.9206;1.2027;1.2689;-18.2974;-64.8317;14.2174
4521;61.2213;0.6424;162.4278;4.3198;59.4409;1.3704;1.0665;-23.4024;-74.0583;19.274
4522;89.338;2.6642;101.6005;6.3617;79.2527;0.8057;2.4502;-2.3612;1.368;4.9325
4523;78.9352;2.6153;81.5311;6.283;53.07;0.8529;1.8671;-6.4333;-27.0271;6.8519
4524;107.3512;5.6628;66.5388;5.5745;70.2421;1.0071;2.1726;-7.4647;-28.0917;6.9533
4525;91.2423;3.438;101.5099;4.6994;45.1409;0.8;1.3567;-8.9369;-43.4689;8.8447
4526;90.5973;3.9923;93.6953;4.0649;71.9637;1.5164;2.0771;-20.2327;-54.3412;10.9508
4527;45.0184;2.3788;121.6235;5.6395;73.4229;0.9899;1.3723;-13.2133;-53.788;10.8197
4528;83.7495;3.7097;96.4792;2.9471;79.8867;1.0083;1.8282;-11.1906;-39.5596;8.2726
4529;69.0441;2.0656;74.1982;3.2581;40.4998;1.0741;1.3924;-15.0217;-56.7875;11.5707
4530;60.0823;4.4275;151.8434;2.4234;61.1694;0.9497;0.7117;-16.3429;-75.0188;20.0151
4531;73.0243;2.0251;111.5058;6.4528;73.0168;0.9021;2.3113;-4.9381;-14.5917;5.8542
4532;87.0138;6.2675;93.8449;3.519;53.5718;0.8284;1.074;-11.6545;-56.7817;11.5692
4533;79.015;4.6315;104.2018;5.206;73.4832;0.8;1.8708;-5.3126;-22.052;6.4145
4534;54.1875;5.7156;112.5819;4.4117;50.8186;1.0847;0.7074;-19.3839;-78.2617;23.0009
4535;83.3643;3.7816;69.9623;8.9463;53.4785;1.3107;1.8949;-17.4427;-51.8078;10.3751
4536;58.5234;3.5867;104.0211;5.2629;38.4828;1.2092;0.7292;-22.0138;-79.8985;24.8737
4537;73.9003;2.0272;89.357;1.8068;57.3809;0.9438;1.5955;-10.4614;-43.6519;8.8734
4538;64.5397;4.373;113.5218;6.3632;77.3379;0.9622;1.3532;-12.0528;-53.1214;10.6659
4539;66.0604;4.318;83.1066;4.0193;83.044;1.3822;1.9708;-17.4961;-52.472;10.5201
4540;83.7924;4.0526;85.9697;4.2986;67.0311;0.8524;1.6849;-8.0487;-34.1069;7.588
4541;51.2765;5.846;151.5458;3.5912;34.7115;0.8;0.3755;-15.0743;-84.3532;31.9554
4542;105.0135;6.6626;136.0331;4.8934;87.7639;1.0516;1.6229;-12.8466;-48.5562;9.7193
4543;37.2205;5.9291;60.0;4.8738;36.6865;1.1859;1.1441;-18.2726;-67.8408;15.5477
4544;59.242;2.3485;133.5346;3.6318;59.3844;0.8;1.0718;-10.9067;-55.3423;11.1963
4545;76.6638;4.9867;98.1755;3.8378;66.7082;1.0829;1.6902;-12.8133;-47.9734;9.6105
4546;80.5177;1.8812;83.7742;4.7519;71.6578;0.8;3.1065;2.017;29.4366;3.8629
4547;68.1914;5.4936;77.7405;1.0859;62.5966;0.8;1.3629;-8.7758;-43.213;8.8048
4548;68.967;3.5885;78.8771;2.4378;50.9893;0.9438;1.5537;-11.0879;-45.1279;9.1121
4549;77.3899;2.2739;84.3678;7.105;74.6479;0.8;2.5063;-1.4541;4.4299;4.7879
4550;65.8407;6.9712;75.4437;5.0917;84.0221;0.8;1.8413;-5.266;-23.2776;6.517
4551;95.0773;4.9336;71.2732;3.8126;74.7474;1.0219;2.6357;-6.0743;-14.0235;5.8155
4552;85.1083;3.4494;77.0978;2.0559;51.9884;0.9912;1.6025;-11.0561;-46.1077;9.2778
4553;85.7108;1.3543;108.4207;4.5155;76.1846;0.8;2.3042;-2.9281;-3.9898;5.2078
4554;52.6092;4.453;101.2601;6.0778;79.7769;0.8;1.4591;-8.6308;-39.2038;8.2242
4555;68.571;7.7405;114.9083;8.5588;87.4013;1.0975;1.3172;-15.8377;-59.992;12.4975
4556;64.5916;4.8192;98.3544;7.4381;75.2474;1.1115;1.6842;-13.6989;-49.4905;9.8991
4557;51.8992;8.627;72.1322;3.2696;62.2769;0.8;1.1396;-10.3242;-52.5186;10.5304
4558;76.483;2.3002;113.1575;3.8563;60.2916;0.8;1.3617;-8.6243;-43.2633;8.8126
4559;60.3224;4.642;77.7888;2.3928;67.2509;0.9836;1.5007;-12.1756;-49.1435;9.8316
4560;81.7973;6.336;117.5453;3.3375;48.985;1.0883;0.7891;-18.8722;-75.8317;20.6883
4561;50.7366;4.3829;74.7157;4.2807;68.3005;1.0856;1.7761;-12.6263;-45.4667;9.1687
4562;100.9427;1.9707;84.2089;4.0493;58.5675;1.1282;2.1453;-11.1685;-36.6152;7.8883
4563;53.866;4.7333;91.3613;7.6819;55.9857;0.8658;1.6101;-8.7486;-38.0137;8.0663
4564;73.9474;4.9187;118.3648;2.627;55.2874;1.0362;0.9562;-16.7639;-69.2416;16.2557
4565;84.2535;5.7525;104.4982;4.5324;62.3038;0.9243;1.1651;-12.7124;-57.9821;11.8997
4566;59.7285;6.0151;100.5013;1.5048;34.5096;0.894;0.5723;-15.7547;-78.6587;23.4287
4567;85.3444;6.0957;160.2263;5.0963;53.8875;0.8;0.6159;-13.7034;-74.338;19.4841
4568;47.8747;5.2691;63.176;2.5874;27.7645;1.0613;0.6941;-18.6106;-78.1979;22.9336
4569;96.1381;2.764;77.1364;6.2539;61.667;0.8;2.275;-2.8491;-5.2096;5.2748
4570;70.2547;3.7057;76.3153;4.1635;77.3701;0.8;2.5994;-1.3865;8.307;4.6165
4571;59.2646;6.1416;64.2324;2.497;82.1747;1.1472;1.9392;-13.0014;-43.6532;8.8736
4572;64.6147;8.2401;83.5371;1.4459;72.3646;0.9674;1.0979;-14.1833;-62.1696;13.2169
4573;84.5605;1.8693;118.7609;3.132;60.7831;1.2341;1.6052;-17.3192;-56.6413;11.5317
4574;59.4798;4.4424;86.2507;4.9591;56.9151;0.9349;1.3673;-12.0964;-51.251;10.2566
4575;56.5116;3.2385;92.012;5.2323;61.1921;0.8949;1.5506;-9.7675;-42.2389;8.6564
4576;66.0123;2.8137;65.0094;3.8523;40.2739;1.2578;1.8981;-15.3233;-49.6996;9.9403
4577;48.8147;4.2673;81.9442;5.9887;76.6928;0.9231;2.4658;-4.8162;-10.9563;5.6152
4578;102.7698;4.8819;89.0988;2.8964;51.8573;1.0579;1.4429;-14.0874;-54.5346;10.9974
4579;59.8049;0.9818;117.4215;0.2094;58.413;0.9681;1.4188;-12.5685;-51.1476;10.2349
4580;84.9691;6.1769;65.7882;5.0238;21.7094;1.0243;0.5944;-18.5927;-80.6557;25.8475
4581;73.7705;6.5391;89.2479;6.5351;25.9007;0.9567;0.4844;-17.9321;-83.1206;29.622
4582;52.2784;8.4856;131.2199;6.549;49.3706;1.1919;0.4442;-23.0931;-87.5779;40.2507
4583;69.8928;2.5713;89.4696;2.6503;61.2663;1.0137;1.9477;-10.0458;-35.9554;7.8071
4584;84.1121;4.8075;60.0;3.783;14.633;0.9357;0.5358;-16.974;-80.9135;26.1966
4585;66.6113;3.8251;137.6844;5.6857;55.8218;1.0521;0.9136;-17.224;-71.0544;17.2738
4586;91.476;3.3491;120.1684;3.6593;69.6841;0.8;1.4468;-8.3183;-39.7174;8.2943
4587;88.3873;4.6255;124.2778;4.7581;45.9214;1.2245;0.796;-21.5392;-78.3316;23.075
4588;86.5405;6.1959;64.6653;3.5253;60.6012;0.8;1.7578;-6.1702;-26.7573;6.8266
4589;61.7262;1.2399;145.9529;2.9659;56.7644;0.8757;1.1031;-12.0828;-58.0087;11.9072
4590;50.5628;8.5735;82.4219;3.2554;71.437;0.9135;0.9534;-14.2894;-65.2091;14.3716
4591;58.9554;6.4443;88.0417;6.0336;60.9757;1.0511;1.1594;-15.5347;-63.233;13.5991
4592;73.5323;5.932;83.8874;4.6207;43.5912;1.3827;0.9729;-23.6851;-76.5459;21.3183
4593;79.8242;6.0082;126.7104;6.5078;53.5296;1.2291;0.893;-21.0763;-75.7812;20.6451
4594;30.9117;3.626;95.6046;5.3806;58.1146;0.8;1.1744;-9.6672;-51.0684;10.2183
4595;69.854;5.9359;112.7988;7.0097;62.4704;0.8376;0.9872;-11.8732;-60.7149;12.7275
4596;72.8456;3.6141;101.9156;5.8271;61.7552;0.8;1.4262;-7.9295;-40.5759;8.4141
4597;65.0042;7.4046;97.652;5.739;29.3987;0.8;0.463;-14.4888;-80.7086;25.9183
4598;93.2429;2.5516;78.9231;4.4193;58.9919;0.8887;2.2345;-5.5516;-16.185;5.9655
4599;77.592;3.1401;157.3079;9.1138;75.8678;1.2995;1.3222;-19.9457;-66.0827;14.7417
4600;93.5835;4.5378;69.3608;4.769;61.8258;0.9521;2.1762;-6.9692;-23.8079;6.5624
4601;66.1127;3.2715;110.8562;1.6399;34.2179;0.9771;0.6477;-17.5906;-77.9033;22.6278
4602;86.8746;3.8123;109.874;5.0021;81.1052;1.0468;1.9053;-10.6594;-39.3322;8.2416
4603;99.4312;4.1902;133.4543;3.1266;33.6631;0.8287;0.634;-14.1304;-74.4993;19.6073
4604;93.6105;6.9093;141.4849;6.1255;53.8376;0.9859;0.6298;-17.5717;-78.7083;23.4834
4605;50.3415;4.369;96.6236;5.6887;84.8231;1.0506;1.5095;-13.534;-52.1052;10.4395
4606;65.4338;3.4887;114.1792;4.3127;74.6232;1.6353;1.4342;-26.5022;-70.7657;17.1032
4607;63.787;2.9256;155.46;3.2682;80.2249;1.203;1.361;-17.9226;-62.287;13.258
4608;78.8066;3.7292;98.3838;4.8196;70.6986;1.3899;1.6041;-20.6519;-61.5284;12.9966
4609;82.3544;4.3252;76.5973;3.6381;38.2992;1.0058;1.1955;-14.463;-60.3815;12.6204
4610;54.8999;5.8911;90.8358;5.7817;62.7605;1.1115;1.3576;-16.0589;-59.2853;12.2806
4611;71.2211;2.1956;72.1689;5.434;63.6296;1.0537;2.5826;-7.0845;-18.2999;6.1199
4612;33.6413;2.7942;109.7411;9.0039;33.5719;0.8;0.7328;-12.8818;-69.4648;16.3745
4613;95.955;3.5771;130.4884;3.9323;61.0493;0.8;1.2958;-9.0551;-46.0087;9.2607
4614;60.7773;3.4782;97.0193;4.1449;77.067;0.8;1.7002;-6.7522;-29.1569;7.0578
4615;71.0056;3.6401;66.6817;4.3678;38.616;1.2824;1.9341;-16.2432;-49.724;9.9451
4616;64.4263;6.2945;129.0994;4.4335;56.8701;0.924;0.7949;-15.1103;-71.3263;17.4376
4617;90.6285;3.296;64.1417;6.1406;53.1396;1.1685;2.1107;-12.2937;-39.7878;8.304
4618;30.0;4.2447;67.9438;4.1855;56.3955;1.2981;1.4642;-18.8169;-62.4022;13.2986
4619;69.701;4.999;95.6395;7.5586;58.2823;0.8;1.2632;-9.6293;-47.3664;9.4996
4620;68.0953;2.8482;106.497;5.4734;50.0386;1.3434;1.3113;-21.2075;-67.462;15.3666
4621;61.8345;5.6749;111.1335;3.8714;72.3366;0.8;1.5223;-8.639;-36.5711;7.8828
4622;101.0721;4.5121;98.3601;3.4881;63.6571;0.9596;1.3707;-12.4056;-52.3857;10.501
4623;54.0281;3.9346;155.2724;6.1613;40.7574;0.8058;0.5579;-14.1131;-76.9202;21.6639
4624;83.8923;6.4434;101.6426;4.6428;34.9046;1.0486;0.6047;-19.0616;-80.7754;26.0083
4625;76.4126;2.9048;129.5202;4.6136;55.7187;0.9681;1.1452;-13.9198;-60.5692;12.6805
4626;92.7073;7.2127;121.7426;3.7023;71.2812;1.1728;1.0438;-18.9754;-70.3334;16.854
4627;57.9906;4.5972;72.3816;4.5078;76.703;1.2213;2.1214;-13.9347;-42.1009;8.6357
4628;56.8066;4.902;95.8455;3.6416;61.2003;1.3717;1.4483;-20.6896;-64.8037;14.2061
4629;89.7293;7.1175;170.0343;6.6426;64.5342;1.1622;0.6778;-21.2613;-80.5594;25.7194
4630;77.6558;6.5171;88.1538;5.6756;66.4012;1.177;1.2664;-17.7137;-64.1352;13.9413
4631;42.1911;4.8526;84.48;4.3378;46.949;0.9143;0.9276;-13.9702;-66.1819;14.785
4632;60.2925;5.9487;104.3566;4.3158;45.1903;0.965;0.7508;-16.2579;-74.067;19.2805
4633;76.9549;3.8612;88.947;4.7383;57.0615;1.0648;1.4803;-13.7398;-53.6597;10.7897
4634;85.0798;4.5137;82.002;4.5917;55.7854;0.8;1.5782;-7.3873;-34.2416;7.6036
4635;57.7738;1.7142;88.6193;3.1646;38.3521;1.2519;1.162;-19.7371;-69.0603;16.1605
4636;30.0;1.9609;143.0469;1.7488;53.3499;0.9736;0.8245;-15.9425;-71.7697;17.7115
4637;79.418;6.632;96.6422;3.4034;61.5495;1.0396;1.0683;-15.5448;-65.7478;14.5976
4638;48.0342;1.6905;71.7474;4.4072;77.1165;0.8;3.8497;6.5904;60.4049;3.1171
4639;33.6879;2.5058;68.5274;3.4933;67.6936;0.9298;2.293;-5.6505;-17.8006;6.0828
4640;30.0;6.3153;173.6204;5.829;72.0152;1.1883;0.6008;-22.1265;-83.1476;29.6693
4641;84.6517;0.665;94.5696;4.2563;64.465;1.0875;2.5673;-7.2012;-21.3112;6.3541
4642;72.3151;3.092;111.4766;7.4104;41.1039;1.1805;0.9576;-20.0124;-72.9589;18.4904
4643;65.9382;4.7406;82.461;3.7578;32.1746;0.9348;0.7749;-15.2345;-72.3684;18.0952
4644;95.0024;4.8132;108.3554;4.8111;75.1832;1.0261;1.4967;-13.2883;-51.3798;10.2838
4645;81.4718;6.1504;144.0273;4.1667;71.0147;0.9795;0.8679;-15.646;-70.4633;16.9281
4646;99.0934;4.268;84.9535;5.2597;67.6263;1.1421;1.9043;-12.6894;-44.4224;8.9964
4647;44.9308;4.2882;112.1477;6.1986;80.314;1.0536;1.3288;-14.752;-57.9592;11.8932
4648;69.3781;5.726;70.3676;5.5124;74.1586;0.9263;1.9863;-8.5482;-28.5198;6.9949
4649;40.8992;4.2258;165.8173;1.5538;35.3865;0.8;0.3438;-15.3493;-85.6761;34.9067
4650;65.8711;4.8975;106.9439;5.3498;83.945;1.0347;1.538;-12.3023;-50.4537;10.0916
4651;65.5249;7.3927;90.1948;3.0837;73.3635;0.8;1.3989;-8.7826;-41.7124;8.5781
4652;81.279;3.691;92.8237;4.1353;58.3206;1.1478;1.5892;-14.8135;-53.8466;10.8334
4653;70.8201;3.6055;88.0285;5.634;65.1302;1.181;1.6766;-16.0753;-52.68;10.5664
4654;81.2213;0.7903;89.161;2.9204;41.702;0.8;1.6575;-7.168;-30.9377;7.2398
4655;82.6619;4.9298;60.0;6.3339;81.1302;1.0617;2.851;-5.8482;-10.4926;5.5861
4656;108.7887;1.3409;97.5806;4.0699;64.0335;1.0565;2.5762;-6.4423;-18.7215;6.1517
4657;64.3247;4.2577;96.5635;7.8564;32.4058;1.0781;0.7894;-18.4177;-75.5926;20.4856
4658;53.0616;6.3919;112.9941;4.703;48.2687;0.8;0.6647;-13.2767;-72.3029;18.0524
4659;74.4295;4.5291;87.7406;7.158;51.4387;1.1001;1.2727;-15.823;-61.4344;12.9649
4660;55.559;3.0308;82.4681;6.3965;57.5583;0.8;1.7436;-6.6405;-27.3503;6.8823
4661;96.6753;6.2291;99.8058;3.6833;73.7972;1.148;1.405;-16.1069;-59.2047;12.2563
4662;64.9021;3.0312;66.8251;2.6475;61.4582;1.0906;2.3433;-9.0919;-28.3823;6.9815
4663;59.8196;5.7865;103.6506;4.7704;57.627;0.9361;0.9658;-14.5573;-65.6101;14.5392
4664;61.5163;4.909;62.7849;3.726;57.1357;1.0887;1.7463;-12.814;-46.5324;9.3515
4665;82.9315;2.5093;132.3401;6.9696;82.4115;0.8275;2.0519;-5.0783;-17.3427;6.0491
4666;67.1606;7.4883;118.6571;4.2297;40.3043;0.8943;0.6063;-15.6186;-77.4022;22.1261
4667;58.45;2.683;79.3306;4.1494;56.2523;1.2621;1.8171;-15.9466;-52.009;10.4186
4668;99.9763;9.1679;117.9729;2.5062;57.8703;1.2522;0.5967;-23.6597;-84.1174;31.481
4669;54.5889;0.9167;102.8271;5.2288;80.302;0.8029;2.2814;-3.1523;-5.2852;5.279
4670;70.6402;3.0015;77.7048;2.8387;60.4495;0.8835;1.9612;-6.5975;-26.0078;6.7575
4671;81.7415;2.6787;60.3072;5.2637;44.7163;0.8949;2.1161;-6.0855;-21.1736;6.3431
4672;40.636;1.0765;108.2322;5.4701;36.5001;1.0125;1.1451;-15.1022;-62.3005;13.2628
4673;78.6447;5.7813;81.9902;3.4755;72.3163;0.9735;1.7894;-9.9041;-38.7305;8.1607
4674;51.0081;5.4848;131.4876;6.0349;57.9759;1.2948;0.9713;-21.7575;-74.9938;19.995
4675;84.8101;6.284;100.3515;4.1877;42.4064;1.359;0.716;-25.288;-82.439;28.4722
4676;52.6723;2.9691;83.9545;2.3931;65.3802;1.4343;1.7136;-20.4595;-60.1755;12.5551
4677;82.4698;3.9212;156.7465;6.9179;80.1313;1.5402;1.2034;-26.2469;-73.9545;19.1971
4678;89.905;5.2388;115.5013;3.2148;30.7224;0.8;0.5523;-13.942;-76.9882;21.728
4679;85.5059;3.8963;60.0;5.3606;81.3714;0.9629;3.0461;-2.2135;5.4468;4.7417
4680;74.5237;5.5136;88.5504;5.2387;75.2041;0.8704;1.7182;-8.4195;-34.201;7.5989
4681;65.8366;5.0664;70.7497;5.1838;45.8893;0.8356;1.5371;-8.3631;-38.6873;8.1549
4682;59.6244;2.1501;81.8772;5.1578;71.8221;1.3255;3.2808;-7.4589;-17.4929;6.0601
4683;96.4786;6.1842;96.4464;3.1447;75.9014;1.0878;1.6731;-12.8505;-48.7305;9.7524
4684;57.4091;5.6901;109.2548;7.137;56.4454;0.8;0.9052;-11.8143;-62.2834;13.2568
4685;51.3328;5.216;106.7523;6.0344;51.4238;1.6798;0.8932;-31.0142;-82.2757;28.2099
4686;81.9766;2.4192;130.9268;5.3126;62.2605;0.8;1.4308;-8.4776;-40.3841;8.387
4687;55.6695;3.023;117.2513;2.6005;86.6455;0.9317;1.5705;-10.6167;-43.8101;8.8984
4688;52.8989;3.6475;115.4522;3.1324;59.9619;1.0177;1.0129;-15.7833;-66.8237;15.071
4689;44.0151;3.0801;105.1663;5.5862;77.6106;0.8;1.6837;-6.7428;-29.8463;7.1272
4690;61.3076;2.826;137.947;1.5945;70.8739;1.1163;1.3175;-15.8705;-60.6603;12.7098
4691;68.5111;6.4023;92.3976;5.1081;90.4503;0.8838;1.5114;-9.9217;-42.9972;8.7715
4692;74.3757;5.0951;92.9995;2.6032;60.623;1.1789;1.1573;-18.8636;-67.278;15.2802
4693;87.1235;4.6245;62.1019;3.298;73.4953;1.0831;2.5826;-7.175;-20.5168;6.2906
4694;79.4842;2.8165;130.2182;2.4834;47.364;0.8;0.8746;-12.0482;-63.5573;13.7202
4695;66.5643;7.6659;98.0952;4.9692;55.6611;0.8;0.8387;-12.4195;-65.053;14.3074
4696;66.4325;2.6309;200.0;6.2745;61.2427;1.185;0.8105;-20.6557;-77.2024;21.9321
4697;79.1828;6.3073;90.3587;5.122;55.0918;1.0842;1.0343;-17.5366;-68.199;15.7228
4698;92.9063;8.5113;102.2392;5.2867;51.6048;0.8145;0.7223;-13.101;-70.4378;16.9135
4699;72.2737;5.7399;114.64;4.8519;59.7113;0.8747;1.1647;-11.9125;-55.6175;11.2657
4700;61.5556;9.3109;75.9211;5.624;70.0981;0.9826;1.1137;-14.1999;-62.2199;13.2345
4701;52.1284;5.1828;109.3777;5.3006;49.156;0.8;0.8869;-11.9869;-63.0476;13.5309
4702;43.9863;2.7726;100.8703;0.5274;80.5791;1.5751;1.6216;-23.9756;-65.6826;14.5699
4703;81.9929;2.7002;92.6888;5.9595;58.6966;0.8219;1.9694;-4.7824;-20.1332;6.2604
4704;80.4036;3.298;134.0645;5.8017;53.5079;1.0062;0.9385;-16.3326;-68.9098;16.0822
4705;80.3925;0.9115;79.7768;4.0565;55.6008;1.3967;2.3235;-16.0034;-44.5499;9.0171
4706;67.6841;5.3992;107.1142;1.6387;54.027;0.9638;0.8975;-15.3;-68.9616;16.1091
4707;95.3248;3.0262;143.8594;4.9637;51.6992;1.0665;0.9589;-17.2075;-70.0303;16.6835
4708;61.2859;6.4942;83.8069;5.09;55.5342;0.8258;1.3099;-9.7526;-47.1272;9.4567
4709;87.1948;3.472;92.8466;3.9393;44.7547;0.8961;1.4181;-10.556;-47.2497;9.4786
4710;69.3026;4.1193;179.7373;4.88;81.3914;0.8311;1.0761;-11.2981;-56.8395;11.5847
4711;59.0497;8.4895;112.5917;6.2078;80.8986;1.2917;0.8304;-22.9453;-78.5693;23.331
4712;80.6655;2.8982;88.1131;8.1963;74.5271;0.8751;2.2646;-5.8159;-13.7346;5.7961
4713;77.3735;5.6946;122.2204;4.8204;28.8215;0.8619;0.4448;-15.8295;-82.7962;29.0633
4714;76.4255;5.9646;86.7601;5.1009;65.0211;0.8418;1.2835;-9.7928;-49.1753;9.8377
4715;71.463;2.791;67.6225;3.3643;43.3764;1.0795;1.469;-14.4747;-54.6392;11.0227
4716;69.3179;4.2395;140.9297;3.8479;44.7967;1.1233;0.6922;-19.8805;-79.4594;24.342
4717;112.9907;3.4264;75.8991;4.3959;86.0011;0.8;4.0544;8.3703;68.9313;2.9598
4718;91.3166;6.1054;184.5828;6.3666;73.6383;1.0137;0.8151;-16.8707;-73.1963;18.6541
4719;83.0109;4.9895;88.4854;5.8284;54.7975;1.0622;1.582;-13.2408;-50.351;10.0707
4720;72.0124;4.0969;170.4576;7.494;45.7938;1.3245;0.5972;-25.0694;-84.9697;33.266
4721;88.1288;6.1696;71.0229;2.3647;57.0221;0.8;1.3315;-9.0654;-44.5221;9.0126
4722;79.3239;2.8632;129.2235;2.6144;83.6626;0.8;1.7951;-5.9144;-25.2025;6.6847
4723;70.4717;5.9523;113.3071;6.2531;73.5095;1.1369;1.2234;-16.8168;-64.1312;13.9397
4724;64.5358;7.0079;123.2983;6.7733;29.8565;0.9879;0.3682;-19.2185;-87.5744;40.2396
4725;68.5435;7.1589;127.3801;4.6497;54.8545;1.3175;0.9078;-23.1425;-77.0318;21.7693
4726;30.0;6.2072;88.2995;-2.0984;78.968;1.2464;0.9802;-21.1694;-73.786;19.0738
4727;73.7908;3.7257;72.0932;3.4847;51.3068;1.0575;1.5895;-13.1625;-49.8941;9.9789
4728;61.2074;8.9001;98.7351;5.1032;76.8651;0.9868;0.9818;-15.6278;-66.8382;15.0776
4729;98.6681;3.5768;105.7341;3.2509;87.5256;0.969;2.415;-6.045;-16.9266;6.0188
4730;70.3482;5.0978;88.8731;4.8777;71.2958;0.994;1.5018;-12.5227;-49.6395;9.9284
4731;48.5987;2.4559;107.1853;7.4478;70.9506;1.0122;1.8324;-10.4973;-39.6593;8.2863
4732;69.1022;8.8598;108.5897;6.7392;56.9208;1.3288;0.8043;-24.0173;-79.8227;24.7803
4733;51.1698;5.5632;79.6517;5.8133;29.5179;0.8;0.6056;-13.8963;-74.7659;19.8144
4734;78.5213;5.9503;110.3782;4.5033;85.0146;0.9195;1.5022;-10.6974;-45.5435;9.1816
4735;75.2371;1.7499;93.5379;3.858;38.1118;1.0418;1.6829;-12.5895;-46.1554;9.286
4736;87.2411;6.0336;83.9461;5.7366;56.5492;0.8864;1.3015;-11.1811;-51.0578;10.2161
4737;55.7641;6.1295;121.7554;4.6381;63.1662;0.9444;1.0431;-13.7946;-63.1829;13.5806
4738;70.6121;5.3281;82.3454;4.6896;53.3795;0.9155;1.102;-13.0991;-59.8768;12.4616
4739;45.4296;3.1379;89.2109;2.2732;49.5298;1.2978;1.1758;-21.0668;-69.8004;16.5565
4740;82.6269;4.1746;101.8176;3.5282;67.7373;0.9189;1.6167;-10.1914;-41.3512;8.5253
4741;79.3397;2.1195;140.9983;5.7278;72.3904;0.8657;2.1239;-5.2787;-18.2251;6.1143
4742;78.9245;4.0721;104.9376;2.9484;67.2271;1.1689;1.6056;-16.6705;-54.2147;10.9205
4743;70.0291;2.9064;114.1191;4.9986;52.4482;0.8986;1.1273;-12.7831;-58.1799;11.956
4744;77.4659;3.4209;92.829;5.2188;55.4632;0.9669;1.5934;-11.5136;-45.0676;9.1021
4745;98.8781;2.4651;98.0569;5.3063;62.4921;0.8014;1.7566;-6.7888;-26.9387;6.8436
4746;64.8683;2.8375;98.7855;5.4404;41.5857;0.922;1.0233;-13.523;-63.0069;13.516
4747;72.4956;1.8485;107.6082;5.5416;56.5913;0.9931;1.8307;-10.0318;-38.5507;8.1368
4748;50.4497;7.6921;92.8679;3.6643;89.7752;0.8;1.2009;-10.0617;-49.9608;9.9922
4749;54.3713;4.4118;139.794;2.3985;55.7502;0.9802;0.7283;-16.5401;-75.231;20.1865
4750;71.7606;3.6662;91.0928;3.2897;70.8376;1.1081;2.0256;-11.2801;-39.0682;8.2059
4751;89.8708;4.4394;65.2587;5.6949;64.4338;0.8;2.2058;-3.3996;-8.0901;5.4401
4752;65.3869;5.0282;198.5159;2.7987;74.4974;0.8777;0.6523;-15.1368;-75.2268;20.1831
4753;65.7535;7.7207;92.1417;3.0391;50.9967;1.6666;0.8425;-30.9007;-83.1504;29.6743
4754;62.6761;2.5601;138.8595;3.0308;47.7782;0.9599;0.7881;-16.3218;-72.6313;18.269
4755;60.3744;3.1556;142.0768;1.831;39.8016;1.2558;0.6296;-23.8593;-83.2875;29.9178
4756;75.3095;8.7311;126.6559;2.8795;53.0885;0.9945;0.4773;-18.7425;-84.003;31.2559
4757;43.0494;3.5335;95.1699;6.1006;26.3263;0.9361;0.5771;-16.9488;-79.4522;24.3336
4758;93.0569;1.232;107.4302;3.5249;58.5251;1.2052;1.8774;-14.7137;-48.0763;9.6295
4759;58.0224;2.3726;72.7146;1.9766;67.2533;1.2705;2.5612;-11.3796;-32.8039;7.4409
4760;82.9943;1.2909;164.4665;3.8325;65.6492;0.8366;1.3183;-9.7331;-47.472;9.5187
4761;47.14;9.1814;80.8195;5.3658;75.2841;0.8029;0.9496;-11.6281;-60.5759;12.6826
4762;82.0391;3.075;93.8497;1.8538;49.3401;0.8;1.3784;-8.6213;-42.5649;8.7055
4763;82.095;7.7451;102.5055;6.03;67.7967;0.8389;1.0756;-11.7807;-57.2639;11.6997
4764;76.9156;9.477;97.3498;2.4385;81.1835;1.2551;1.0447;-20.6926;-72.2563;18.0221
4765;52.1003;4.8415;84.8557;4.0068;82.4541;1.0063;2.2204;-8.1345;-26.4478;6.7979
4766;74.4919;1.3879;141.7061;3.9876;57.4381;1.2672;1.4578;-18.2488;-61.6539;13.0391
4767;48.705;1.892;126.8164;3.7578;24.2939;0.8133;0.5288;-14.3246;-78.3253;23.0683
4768;65.4503;4.1285;108.3842;4.5028;68.553;0.8182;1.5145;-8.8038;-38.3038;8.1042
4769;88.5294;3.7159;90.4939;5.7678;45.4693;0.9245;1.4427;-10.9884;-47.9826;9.6122
4770;84.3406;4.8825;130.4825;4.5388;74.6834;1.0612;1.2113;-15.4546;-61.9507;13.1408
4771;70.2733;3.8913;89.0371;3.6915;70.3702;0.9724;1.6915;-10.3867;-42.0165;8.6231
4772;52.4535;7.9062;148.0823;5.286;54.1113;1.1498;0.4431;-22.2562;-87.1549;38.9253
4773;81.6206;4.4376;102.8195;4.9109;47.8135;1.0864;0.9847;-17.5036;-69.7865;16.5489
4774;70.3489;5.487;135.9947;3.5957;68.1974;1.1024;0.8923;-18.0888;-73.0195;18.5319
4775;30.0;7.3763;97.1946;4.6635;68.8081;1.1468;0.8278;-19.9631;-75.9383;20.7799
4776;84.0873;2.3677;101.8044;3.4715;20.9669;1.2452;0.6221;-23.31;-83.3461;30.0231
4777;69.5638;2.8359;135.8465;3.3014;61.973;0.8;1.0844;-10.8481;-54.8159;11.0658
4778;91.6441;2.0965;173.0623;5.8087;74.1227;0.9975;1.2998;-13.9563;-56.5653;11.5115
4779;50.2851;2.3211;147.7116;5.2704;31.7778;1.1836;0.5101;-22.6335;-85.6326;34.801
4780;30.0;4.3067;124.5184;5.7556;64.7678;1.6566;1.1339;-29.0514;-77.1849;21.9153
4781;75.0235;3.2813;115.8726;5.5527;53.606;0.9802;1.277;-13.5324;-56.572;11.5133
4782;75.2481;3.8065;88.0965;3.2692;82.4808;0.8;2.0507;-4.0475;-14.5539;5.8516
4783;39.5679;8.9209;107.6599;6.1019;49.0251;1.3299;0.506;-25.7976;-87.3167;39.422
4784;52.387;2.4292;79.5915;4.1536;39.7903;0.8;1.5245;-8.201;-36.4782;7.8713
4785;119.5939;4.4741;109.85;5.9938;56.1308;1.0965;1.2329;-16.4076;-62.5189;13.3401
4786;64.499;2.0324;111.6292;4.4123;44.568;1.1136;1.4101;-16.0859;-57.7898;11.8455
4787;83.1573;3.268;61.2497;5.0697;82.0348;1.0256;3.3217;-1.5026;7.9646;4.6311
4788;58.2881;4.3947;100.9732;5.1148;57.4374;0.8;1.2203;-10.1055;-49.153;9.8334
4789;32.3745;8.1161;110.9288;5.8198;70.0211;0.9299;0.7589;-15.5185;-72.7974;18.3806
4790;66.9354;3.6373;97.929;2.1482;69.2215;0.8;1.5249;-7.5505;-36.4608;7.8692
4791;65.2191;1.7416;109.3641;2.2354;59.9673;1.095;1.3645;-15.382;-58.4623;12.0372
4792;62.8022;3.6213;71.503;5.6076;71.1521;0.8378;2.3845;-3.2241;-5.1238;5.27
4793;67.9365;2.3605;82.3686;5.1345;77.0569;0.8;2.8692;0.7766;19.5499;4.1824
4794;74.7568;2.8371;129.529;3.4365;43.7365;1.153;0.866;-19.5303;-74.9623;19.9699
4795;67.2979;4.9605;100.0143;5.1465;55.5856;0.8;1.1758;-10.0193;-51.0101;10.2062
4796;47.2479;1.7654;108.8684;2.4881;73.5536;1.0273;1.5531;-12.4082;-49.6062;9.9219
4797;78.7513;4.0338;87.2293;9.4964;47.858;0.863;1.4353;-10.4101;-44.5576;9.0184
4798;34.9113;4.9038;100.4885;6.5674;60.0788;1.1896;1.016;-19.7674;-71.5303;17.5625
4799;33.0936;3.7995;60.0;5.5335;49.9195;1.1797;1.963;-12.9608;-44.5321;9.0142
4800;83.3052;1.174;123.5534;4.7134;60.8299;1.0487;2.0796;-9.5894;-33.9011;7.5644
4801;79.1264;9.0187;157.1426;3.6719;43.2713;0.9787;0.4234;-18.6598;-85.5789;34.6715
4802;68.9669;3.5126;76.6244;2.6347;67.8074;0.9156;1.9847;-7.4496;-27.7449;6.9199
4803;44.8819;6.1627;79.0505;4.4293;36.2622;0.8;0.6682;-13.1473;-72.1574;17.9581
4804;57.2576;3.3034;111.6524;3.3104;66.4677;0.889;1.3038;-11.1911;-51.1137;10.2278
4805;65.2706;4.0914;144.5521;3.3978;76.4928;1.1004;1.164;-16.9486;-64.7403;14.1805
4806;41.2739;3.6229;99.9476;2.4749;50.8715;1.4783;1.0114;-25.8303;-77.1955;21.9255
4807;56.6975;3.3878;73.5408;4.9745;75.3051;1.121;2.492;-8.2274;-25.8973;6.7474
4808;81.7419;1.2204;94.9182;4.0345;63.2743;1.1537;2.0563;-11.4386;-40.589;8.416
4809;95.6915;3.4763;77.2995;5.4026;59.4204;0.9787;1.9449;-8.38;-33.7565;7.5479
4810;62.4502;7.2891;84.6021;5.2856;61.5745;1.111;1.0906;-17.4616;-67.2796;15.281
4811;83.6168;5.4625;92.6807;4.9442;86.0108;0.8;1.9321;-5.3919;-19.4943;6.2107
4812;35.5469;2.3584;79.2684;8.5892;93.4497;0.8656;2.9588;-0.2167;13.9445;4.3881
4813;81.8701;4.7858;82.3266;5.8356;60.7253;1.1511;1.7648;-13.8387;-48.8955;9.7839
4814;55.5289;7.3229;101.8808;2.7092;58.1067;1.1553;0.8632;-19.7131;-75.0922;20.074
4815;75.5322;5.5337;105.523;5.2881;46.653;0.897;0.8141;-14.5068;-69.7474;16.5275
4816;65.5405;2.3792;70.0476;4.519;52.7967;0.8;2.1077;-3.9863;-12.179;5.6934
4817;93.7675;7.0354;110.4172;2.5877;70.4729;0.9859;0.954;-15.5353;-67.7463;15.5021
4818;54.2602;3.1848;90.8933;2.4676;53.9079;0.9168;1.2385;-12.1711;-54.9679;11.1032
4819;81.2969;3.9747;119.7296;5.2798;58.3155;1.207;1.1227;-19.3129;-68.9934;16.1256
4820;64.9689;4.3865;121.5462;5.6463;60.0052;1.151;1.1617;-17.3514;-66.3589;14.8628
4821;67.1505;6.847;87.2725;3.0306;57.198;1.3632;0.9907;-23.6877;-75.7737;20.6388
4822;66.6906;7.8674;116.5951;6.0553;75.597;1.2487;0.931;-21.4541;-75.1468;20.1181
4823;54.7779;7.8371;81.1201;5.0274;53.0427;0.9467;0.8497;-15.2407;-70.0801;16.7113
4824;69.7462;0.9346;139.2277;6.3938;68.5723;1.0722;1.7745;-12.1524;-44.8342;9.0636
4825;68.8723;7.7209;81.8908;6.2344;41.7371;1.5021;0.7004;-28.4497;-84.4584;32.1718
4826;74.3423;1.6365;109.2193;4.3623;74.6831;0.923;1.9354;-7.9541;-30.1077;7.1539
4827;71.5211;3.0124;95.4181;7.0534;75.8544;1.0356;2.0692;-9.8776;-33.3974;7.5072
4828;84.3639;4.3208;77.5518;2.9138;51.8929;0.9991;1.4532;-12.7198;-51.5184;10.3132
4829;86.6232;4.1191;125.2609;8.1854;36.2025;1.0033;0.7821;-17.1313;-74.0156;19.2423
4830;51.0888;4.8729;85.7673;3.2818;43.032;0.8396;0.863;-12.7347;-65.7378;14.5933
4831;85.6379;4.1164;65.3758;4.528;63.2731;1.2991;2.4541;-13.0208;-37.0309;7.9404
4832;48.6459;7.911;60.0;3.7492;70.5856;0.8324;1.4967;-8.2322;-40.0635;8.3422
4833;80.5814;2.8902;80.3514;4.0348;46.5724;1.4501;1.6007;-21.2818;-63.2046;13.5887
4834;81.1553;3.0518;141.0546;8.9853;35.8538;1.3878;0.7655;-25.2617;-81.6151;27.1963
4835;35.5963;7.7041;136.9485;3.9059;59.5959;1.0515;0.4971;-19.8023;-84.241;31.728
4836;71.6736;1.85;83.5563;5.8767;64.4572;1.0011;2.3127;-7.1852;-22.9979;6.4933
4837;61.5671;4.9045;91.0634;4.2469;47.2802;0.8561;1.4206;-9.5932;-44.6873;9.0395
4838;56.3422;5.3995;89.0272;6.0048;57.8249;1.0143;1.123;-14.7794;-63.0948;13.5482
4839;94.3153;4.2658;71.6514;3.7838;77.6952;1.2411;2.4513;-10.8749;-34.165;7.5947
4840;58.2338;5.4907;78.8827;4.9842;59.0037;0.8721;1.3;-10.5731;-50.3099;10.0624
4841;55.4852;2.5256;127.7989;5.543;65.9953;1.3412;1.2964;-21.3609;-67.7815;15.519
4842;71.3625;6.8695;113.425;3.5173;48.2615;1.2275;0.6514;-22.6956;-82.3103;28.265
4843;82.3406;2.3236;107.0657;8.7366;60.9598;0.979;1.9079;-9.0361;-35.0381;7.6968
4844;67.4503;3.6876;71.6207;5.6214;92.1658;1.1726;4.2387;1.069;20.494;4.1496
4845;90.9947;1.8369;102.5495;4.261;46.4695;0.8332;1.5552;-8.5091;-37.778;8.0357
4846;79.5576;4.5006;60.0;3.5541;59.7535;0.9796;2.0016;-8.8663;-31.8913;7.3412
4847;30.7922;5.3136;123.4543;4.7376;47.3924;1.558;0.631;-29.9575;-86.5007;37.039
4848;60.4696;8.0229;106.6779;2.776;62.8695;1.2697;0.7781;-22.7329;-79.5735;24.478
4849;59.8868;5.8366;71.4403;7.2734;88.7168;1.1048;2.1308;-10.5403;-35.7102;7.7773
4850;78.6285;4.4758;149.7963;5.2469;92.102;1.0139;1.2839;-14.386;-57.79;11.8455
4851;30.0;7.8832;63.824;4.468;86.0855;0.9853;1.6253;-11.5019;-45.0119;9.0929
4852;115.8822;4.1107;114.1766;6.169;59.2742;0.9943;1.4248;-13.1333;-52.2319;10.4672
4853;79.5585;4.5982;114.8886;3.5177;56.1856;0.8566;1.0493;-12.1337;-59.1679;12.2453
4854;72.6798;4.8174;73.3507;2.8661;70.6887;1.1393;2.2207;-10.4863;-35.0281;7.6956
4855;91.2682;3.7361;99.0582;4.4048;86.5301;1.2323;2.1889;-13.7411;-40.7915;8.4447
4856;112.1858;6.7227;66.4177;4.7913;77.6288;0.9508;2.0494;-7.7586;-28.1529;6.9592
4857;85.6734;2.5971;60.0;5.3959;39.8019;1.098;1.983;-11.0713;-39.7994;8.3056
4858;87.0786;4.5591;76.5697;2.3856;65.5782;0.8646;2.0649;-5.5104;-20.3877;6.2804
4859;72.3524;5.7022;85.7138;3.9155;64.8316;0.9867;1.3355;-13.3416;-54.885;11.0828
4860;67.4525;7.473;117.476;-0.0252;52.4127;0.8443;0.562;-14.9094;-77.8129;22.5357
4861;61.4357;7.2216;101.6995;2.8265;84.7011;0.9556;1.0989;-13.794;-61.6686;13.0442
4862;55.13;4.2843;102.3662;5.6729;86.1811;1.0242;1.7608;-11.0409;-42.6932;8.725
4863;57.6337;5.1287;77.5998;6.0415;75.1845;1.1285;1.8205;-14.211;-46.2266;9.2983
4864;45.69;3.6531;87.59;2.887;88.6956;0.8847;2.0733;-6.4946;-21.8835;6.4007
4865;68.6343;4.0531;79.2564;4.1131;37.8323;1.0999;1.0264;-17.5207;-68.8959;16.075
4866;39.676;7.5033;73.6207;4.6384;63.54;0.8259;1.209;-10.5495;-51.2053;10.247
4867;73.4365;7.8533;86.2065;6.2172;87.3907;1.0655;1.4578;-13.5372;-54.3917;10.9629
4868;69.346;7.3628;101.8803;6.8936;95.1678;1.5561;1.5515;-23.9136;-66.765;15.0444
4869;72.6448;2.3128;86.6616;4.8296;59.1962;0.9284;1.8434;-8.3923;-33.8141;7.5545
4870;60.6016;6.8426;92.2308;4.2091;63.586;0.8;1.0435;-11.191;-56.5201;11.4996
4871;125.3835;8.1469;118.9733;2.4345;71.9562;1.1964;0.9002;-20.0898;-74.9184;19.935
4872;94.4821;3.4826;88.233;4.7621;78.1604;1.0589;2.4906;-7.0076;-21.5971;6.3773
4873;47.5982;4.3423;71.6418;7.7124;70.6954;1.096;2.0096;-11.3295;-38.881;8.1808
4874;74.1916;6.1672;115.1267;6.5353;45.8757;1.2897;0.8785;-22.5411;-77.2935;22.0201
4875;59.0559;4.6035;106.8721;4.8623;41.7505;0.8675;0.7536;-14.0475;-71.0426;17.2667
4876;51.7394;9.3417;108.5635;5.0551;46.7095;0.8726;0.4684;-16.0712;-82.1084;27.9461
4877;45.8787;3.9838;116.9364;3.5672;70.8116;1.1151;1.1637;-17.4154;-65.2139;14.3736
4878;77.7799;5.6385;112.0932;4.0643;37.1484;1.2311;0.6421;-22.9415;-82.614;28.7587
4879;57.7352;6.2861;100.7208;4.8214;45.0849;1.0486;0.7402;-17.9824;-76.4699;21.2493
4880;87.4209;4.1998;181.8229;4.826;64.5988;0.9858;0.8395;-16.2544;-71.6136;17.6141
4881;87.8881;6.9161;72.5248;6.1161;52.1836;1.0667;1.209;-15.2535;-62.2209;13.2348
4882;94.7305;4.5063;86.3636;6.0431;53.526;1.158;1.4117;-16.4892;-59.3642;12.3044
4883;54.657;3.745;127.3582;5.3809;83.5262;0.8;1.4698;-8.5151;-38.7574;8.1643
4884;78.5566;2.1003;103.629;3.1013;52.3436;0.8203;2.0148;-4.704;-18.1324;6.1074
4885;81.3842;3.6488;120.8622;3.1579;36.2872;0.9824;0.6789;-17.2252;-76.9648;21.7059
4886;61.4648;5.7937;104.3353;3.2682;82.5262;1.148;1.2817;-17.4046;-62.7845;13.4353
4887;56.1081;7.7121;140.9893;4.9533;68.6947;1.5439;0.6494;-29.3394;-85.9802;35.6639
4888;98.9714;2.9449;77.734;1.5605;58.8153;0.9776;2.2956;-6.9845;-21.7244;6.3877
4889;74.0949;3.452;139.88;4.5906;65.1906;1.0503;1.1747;-15.5811;-62.7163;13.4107
4890;81.4474;2.4122;134.0107;6.713;69.1538;0.8755;1.8162;-7.6745;-30.8473;7.2304
4891;55.2026;5.4649;73.8915;5.6002;50.4651;1.1405;1.147;-17.4394;-66.4742;14.9139
4892;48.0529;8.3729;117.0776;4.0739;66.3104;0.8028;0.7442;-12.8926;-69.1033;16.183
4893;59.7499;5.1136;98.9298;3.5526;36.8445;0.9977;0.6796;-17.4468;-77.2951;22.0216
4894;67.7676;4.9538;85.9293;5.8086;62.8602;0.8269;1.6313;-7.8959;-34.2429;7.6037
4895;50.844;4.5509;62.3657;5.0591;61.155;0.8;1.785;-6.0008;-25.6232;6.7225
4896;69.8228;1.9494;77.6698;4.2304;58.8935;1.7139;2.0093;-24.8044;-60.9219;12.7949
4897;39.6069;5.7588;119.3665;3.7165;86.7354;1.174;1.2451;-18.478;-64.6457;14.1426
4898;49.8391;4.8557;122.5637;4.7146;59.0679;1.1756;0.8295;-20.1807;-76.4786;21.2572
4899;82.0764;5.2553;94.8686;4.1454;68.3338;1.1994;1.4319;-16.6015;-60.2035;12.5639
4900;80.8682;7.406;122.66;5.7766;83.783;1.3298;1.0532;-22.4327;-73.5998;18.9393
4901;62.9462;6.2097;126.6573;6.4618;88.5471;1.033;1.3118;-14.2242;-57.6696;11.8118
4902;51.6802;6.183;103.9417;2.5491;54.0242;1.1896;0.7648;-21.123;-78.5711;23.333
4903;51.5067;7.7995;83.4783;2.7613;36.4998;0.9047;0.5518;-16.1583;-79.6694;24.5935
4904;63.2812;9.1819;111.6572;6.6221;61.8076;0.9661;0.7155;-16.6445;-75.3131;20.2537
4905;81.6013;4.7232;112.9467;4.8487;74.7726;0.8;1.3587;-9.3305;-43.3863;8.8318
4906;86.7084;2.1081;118.3512;2.9025;78.5413;1.0412;1.7564;-11.4457;-43.7712;8.8922
4907;61.0624;4.0027;124.1538;6.0749;69.2119;0.8994;1.1536;-12.6174;-57.2473;11.6952
4908;49.2371;6.2417;71.1385;5.1125;60.2246;0.9737;1.2968;-13.1857;-55.6083;11.2634
4909;74.8212;1.3115;88.0309;7.9049;54.8662;1.1804;2.0207;-13.2544;-42.9356;8.762
4910;55.1764;1.6624;62.2099;4.247;88.8812;1.0623;3.7619;0.2714;18.0439;4.2357
4911;60.6715;1.7629;120.5325;6.2631;84.3299;1.2288;2.4313;-11.3431;-34.0451;7.5809
4912;93.855;5.7708;94.8306;2.4267;56.5086;0.8886;1.3238;-11.2658;-50.3398;10.0684
4913;84.8881;4.2404;111.3717;6.694;36.9749;1.0794;0.7814;-18.5566;-75.8694;20.7206
4914;72.8435;3.5217;69.1481;6.0162;62.1145;0.8799;2.4981;-4.0389;-5.3679;5.2836
4915;47.1055;2.0838;141.9416;7.0065;81.3417;0.9654;1.5767;-11.5433;-45.5599;9.1844
4916;73.8051;5.7803;74.1867;6.2659;64.1145;0.9405;1.8372;-8.9268;-34.8894;7.6792
4917;89.1278;3.2805;121.366;4.4514;54.684;0.8165;1.1426;-10.4003;-53.3504;10.7182
4918;63.2386;3.0103;102.9927;2.8433;40.4107;0.9208;0.923;-14.2952;-66.5866;14.9641
4919;94.3201;5.1916;95.3743;3.6969;78.9042;1.1224;1.6694;-14.4018;-50.4219;10.0851
4920;93.2694;4.5847;93.469;1.9583;88.1854;0.8326;2.5674;-1.8111;2.7825;4.8646
4921;99.9472;3.4885;85.2557;3.2187;68.2616;0.8757;2.0307;-6.4285;-22.6961;6.468
4922;75.4944;5.1173;138.2369;5.2388;37.9923;1.2824;0.5496;-24.4999;-85.7135;34.998
4923;80.5731;3.0384;100.3158;4.5284;56.8914;1.3279;1.5021;-19.431;-62.2922;13.2599
4924;95.4554;6.3063;72.8108;4.2646;29.2212;1.1811;0.7148;-21.5222;-79.8264;24.7849
4925;78.0531;2.8337;90.8473;3.4103;68.6603;1.4072;1.7982;-19.7626;-57.4051;11.7385
4926;60.9778;2.4423;103.2605;1.9414;57.684;1.3138;1.376;-19.8109;-65.0878;14.3216
4927;61.9262;6.1963;125.1636;4.8731;69.2266;0.9825;0.9028;-15.4024;-69.3691;16.3234
4928;74.294;5.5926;85.9714;5.1687;64.2011;1.4886;1.5363;-22.9873;-65.5989;14.5344
4929;46.7699;2.5827;87.4202;3.1127;26.0449;1.366;0.6129;-25.848;-85.0447;33.4329
4930;67.4213;2.1616;100.5875;3.7998;57.6566;0.9856;1.4643;-12.3959;-50.4766;10.0962
4931;89.7378;6.7218;124.403;6.9132;55.5083;1.0515;0.8782;-17.3908;-72.1621;17.9611
4932;30.5574;6.1456;71.0214;6.3392;55.4803;0.876;1.2466;-11.6203;-52.5646;10.5407
4933;97.6207;3.3114;113.4666;2.3734;59.2849;0.981;1.2881;-13.2824;-56.2345;11.4245
4934;90.2027;5.2324;89.0461;4.473;69.0172;0.8;1.5071;-8.0714;-37.2052;7.9624
4935;61.7242;2.2172;92.2094;6.7824;75.1894;0.8893;2.2802;-6.1275;-14.5344;5.8503
4936;79.781;4.2745;164.9371;4.2754;73.8867;1.1721;1.0495;-19.2407;-70.1535;16.7524
4937;70.0567;1.167;95.2069;4.1966;68.7984;0.8148;2.5962;-0.5599;6.2136;4.7075
4938;92.1398;3.6393;120.7647;6.2391;45.2123;0.9393;0.9722;-14.3387;-65.5001;14.4928
4939;87.6883;1.8332;119.6892;6.0806;75.6866;1.1182;1.8934;-12.3132;-43.557;8.8585
4940;44.7987;4.0921;74.4527;6.003;61.8957;0.9437;1.5576;-11.0076;-44.9848;9.0884
4941;80.5707;3.7985;63.0433;4.207;58.6198;1.259;2.1523;-13.7239;-43.0138;8.7741
4942;66.2987;3.9215;122.7826;5.5943;71.6344;1.2705;1.2957;-19.1826;-66.0059;14.7084
4943;71.491;1.5376;76.2703;6.8421;46.1276;0.8837;2.5433;-3.3951;-4.0724;5.2123
4944;56.8929;3.4844;65.965;4.5252;70.3876;0.9163;2.3002;-6.0223;-16.3263;5.9756
4945;101.4665;5.9758;129.2451;3.9949;79.1613;1.009;1.3692;-13.3864;-54.7697;11.0545
4946;88.7211;3.5218;77.5028;6.4451;44.9701;0.8755;1.6882;-8.4404;-35.7229;7.7788
4947;56.6841;5.6479;82.4375;7.6682;45.3634;1.3864;1.0724;-23.4997;-74.2157;19.3917
4948;45.977;3.5247;163.8192;7.7725;62.7865;0.9208;0.8237;-14.7945;-70.1828;16.7688
4949;63.0579;3.8069;66.0384;4.0382;49.8299;1.1998;1.5651;-16.2887;-56.5199;11.4995
4950;77.821;4.6147;73.0467;4.1889;65.0362;0.8;1.7647;-6.2836;-26.4701;6.8
4951;74.3237;8.189;89.1433;3.0563;67.0749;0.8568;0.9047;-13.1295;-64.8023;14.2055
4952;92.5564;2.1079;94.1704;4.7771;73.404;0.8049;2.5347;-2.289;4.9723;4.7632
4953;84.2186;1.3841;79.9766;2.9888;41.8101;0.8;1.5938;-7.7041;-33.5904;7.529
4954;87.4522;4.894;74.8515;3.81;73.0158;0.9019;2.2804;-5.1826;-15.7176;5.9324
4955;75.8834;8.1602;145.8631;5.6517;71.4446;1.0763;0.7017;-18.8099;-78.2679;23.0075
4956;44.9926;9.1733;106.7956;5.185;66.1718;1.3589;0.77;-24.7783;-81.1125;26.4725
4957;66.4774;4.1431;115.7534;1.8839;51.8328;0.9604;0.9628;-15.0393;-66.5816;14.9618
4958;89.0816;4.0525;96.6275;6.9554;86.0491;1.0165;2.0723;-9.5975;-32.044;7.3577
4959;69.0726;5.141;107.5046;2.9695;87.0266;1.0702;1.4388;-14.2577;-55.1878;11.1577
4960;79.0556;4.564;126.2666;3.1586;70.8248;0.8644;1.0794;-11.9625;-58.3779;12.0129
4961;64.2625;5.0671;77.9522;2.7416;53.3884;0.9952;1.2978;-13.2558;-56.5351;11.5035
4962;51.4634;7.1053;106.845;3.6081;70.8976;1.5182;0.9239;-27.4782;-79.7153;24.6491
4963;67.7798;5.8926;119.0068;3.2548;83.8225;1.0807;1.447;-14.0527;-55.37;11.2032
4964;75.5629;4.2157;147.1378;3.2913;58.4229;1.5181;0.7906;-28.3017;-82.6412;28.8039
4965;58.1976;4.0179;162.7382;0.9036;65.8811;1.0048;1.1277;-14.7157;-62.5892;13.3651
4966;65.7572;5.1044;101.7618;4.7949;78.9446;0.8833;1.6339;-8.6386;-38.345;8.1096
4967;53.0897;3.9837;132.931;4.9481;41.1513;1.2321;0.761;-22.3209;-79.411;24.2848
4968;90.1464;3.9952;60.0;7.9666;32.8581;1.2876;1.3693;-19.1557;-64.5516;14.105
4969;64.6998;1.1223;147.4134;5.3295;48.2759;0.9055;1.4243;-10.4058;-47.5653;9.5357
4970;96.1496;2.5332;83.4043;3.8551;67.2843;1.0756;2.1774;-10.6957;-32.5229;7.4099
4971;97.5175;4.1679;94.1506;2.7989;44.463;0.9874;1.0764;-14.9211;-63.6597;13.7588
4972;68.5412;6.5658;111.6586;4.4556;74.2383;0.8;1.1102;-10.5837;-53.7399;10.8085
4973;51.8479;3.0743;96.2366;5.2731;35.4795;0.8;0.8657;-12.0638;-63.9286;13.8614
4974;32.4538;4.3658;105.0339;3.845;71.6403;0.9598;1.427;-11.7934;-50.4386;10.0885
4975;43.5033;3.4;148.7242;4.6915;55.2162;1.2586;0.9237;-21.5685;-75.5365;20.4386
4976;45.271;2.0777;90.8414;7.446;45.6241;1.1854;1.264;-18.3815;-64.4545;14.0665
4977;94.8125;8.3347;76.2059;4.0238;58.3746;0.8326;1.1731;-10.7864;-53.0331;10.6458
4978;72.0848;6.8913;157.36;1.7698;69.743;0.8;0.7072;-12.9222;-70.5351;16.9693
4979;77.0129;1.8654;114.0756;5.9102;57.0864;0.8397;1.7709;-7.7014;-29.6979;7.1122
4980;30.0324;5.6833;161.6979;5.0715;52.3132;0.8257;0.4695;-14.9954;-81.0449;26.3781
4981;48.4366;3.4132;124.0988;2.0365;66.6986;0.8383;1.4455;-9.3657;-42.5243;8.6993
4982;85.9674;9.4148;71.8278;5.2415;63.7705;0.8;1.0366;-11.2461;-56.8085;11.5763
4983;75.1619;3.1889;117.5092;3.1032;47.0813;0.8;1.2269;-9.7149;-48.8785;9.7806
4984;67.3503;2.8812;78.1932;5.262;39.1668;0.8;1.5215;-7.2934;-36.6056;7.8871
4985;80.1672;4.6395;100.186;7.4609;43.8725;0.8;0.9836;-11.463;-59.0174;12.2003
4986;99.4444;6.6888;98.1249;4.3345;76.2456;1.2627;1.3073;-19.6914;-65.4901;14.4886
4987;66.0212;2.6383;66.7366;6.2249;57.539;2.0567;2.1847;-31.1793;-64.5932;14.1216
4988;71.2487;5.604;81.6113;2.7573;33.0449;1.4978;0.7915;-27.6738;-82.3863;28.387
4989;73.4667;1.7076;173.5502;2.3209;79.0444;1.051;1.2649;-14.9935;-59.8836;12.4637
4990;113.058;7.6782;106.1406;7.6261;42.6281;0.8563;0.7539;-13.9664;-70.6518;17.0368
4991;32.2116;1.8876;95.7051;5.0617;81.638;0.9174;2.3041;-5.4084;-16.2773;5.9721
4992;82.298;7.6118;157.3374;5.555;47.4144;1.0285;0.508;-19.4317;-83.5353;30.3681
4993;67.9336;4.181;90.5689;6.328;61.7106;1.512;1.437;-24.0321;-68.3192;15.7825
4994;80.2019;3.9418;97.7404;3.8083;32.8764;0.8201;0.7168;-13.3982;-70.8636;17.1607
4995;58.1673;8.6677;128.1076;5.8377;58.8499;1.0006;0.5111;-18.7029;-82.9747;29.368
4996;69.1186;9.2003;90.4671;5.6103;80.0685;1.0197;1.1411;-14.9918;-62.6965;13.4036
4997;82.8054;5.1768;82.9751;2.6578;61.8734;0.9825;1.458;-12.2212;-50.5362;10.1084
4998;126.0324;2.2376;60.0;6.8695;70.7024;0.8;4.2581;8.7966;77.4215;2.8181
4999;84.5447;4.2694;79.1263;6.5603;77.7858;0.9463;2.2115;-6.766;-22.1048;6.4189
5000;54.7348;4.4044;78.938;2.6744;89.3416;0.8;2.2337;-3.7952;-6.9288;5.3722
5001;62.3723;4.3176;104.0438;4.9004;79.0063;1.5803;1.5066;-24.9312;-68.2209;15.7336
5002;61.8385;4.6494;85.8461;4.2534;57.0106;1.121;1.3499;-16.1061;-59.8606;12.4566
5003;37.6784;1.1669;171.5157;6.7275;35.5697;1.2502;0.6155;-23.512;-83.5878;30.4651
5004;64.0584;5.6178;76.7661;2.4841;50.7686;0.8378;1.1001;-11.6091;-56.2314;11.4237
5005;83.1909;5.6267;141.9297;10.0036;67.8038;0.9141;0.9657;-13.4945;-64.7837;14.198
5006;47.0638;2.156;105.6475;4.3383;28.3097;1.5044;0.6866;-28.5525;-84.7868;32.8662
5007;88.8727;4.6541;122.3473;5.7077;52.2662;1.2273;0.9594;-20.9223;-73.9421;19.188
5008;78.7799;4.6424;120.5031;6.6812;69.2487;1.088;1.2242;-15.8181;-62.4942;13.3313
5009;56.7838;5.4047;60.0;4.306;78.9556;1.3083;2.2436;-14.9703;-42.8367;8.7469
5010;67.4525;1.9241;99.7116;4.4276;62.7612;1.4803;1.9498;-20.1527;-56.0939;11.3879
5011;98.7698;5.0163;93.6546;3.8458;67.5281;1.3546;1.5633;-19.6114;-61.5317;12.9977
5012;83.2039;3.0841;75.3336;3.2718;56.3959;1.2336;1.8061;-15.7459;-51.1964;10.2452
5013;70.1581;4.2742;112.1769;5.0078;52.0861;1.2575;0.9583;-21.5847;-74.5988;19.6841
5014;65.7217;6.1175;153.5928;4.3971;64.7518;0.9362;0.7162;-15.6396;-74.5007;19.6084
5015;71.379;5.5757;60.0;3.8359;65.3302;1.0399;1.9285;-11.2352;-38.1827;8.0883
5016;60.7883;2.1805;87.4925;3.9236;61.1901;1.1458;1.7916;-13.0523;-47.8822;9.5937
5017;32.1145;4.786;73.239;5.4644;73.868;1.0657;1.6701;-12.4025;-47.7622;9.5716
5018;106.7592;8.5669;101.8106;3.4037;65.2318;1.1058;1.2283;-16.7808;-62.9755;13.5046
5019;72.7958;2.4296;92.182;4.2296;42.7187;0.9722;1.4435;-12.4314;-50.5058;10.1022
5020;77.1667;6.8724;85.9487;5.948;69.1968;0.8;1.3315;-8.983;-44.5214;9.0125
5021;68.9577;5.5525;118.8125;4.9708;77.0126;1.1449;1.2402;-17.4608;-63.8915;13.8472
5022;56.7679;6.1233;150.538;3.0257;77.669;1.0218;0.8151;-17.2373;-73.4124;18.8058
5023;66.6534;3.0899;194.5132;4.5642;55.3526;1.0257;0.6762;-18.1674;-78.0256;22.7537
5024;41.2109;3.1185;83.1181;5.2555;71.5322;1.553;2.135;-19.6227;-54.1757;10.9112
5025;110.9876;7.5001;63.4309;6.0839;58.6921;1.0739;1.8833;-11.2268;-41.5457;8.5537
5026;47.7788;3.4753;115.0043;3.4669;48.3216;0.8513;0.9353;-12.6372;-63.3796;13.6536
5027;51.4246;1.7234;149.574;3.7622;65.1717;1.1475;1.374;-15.8571;-60.0878;12.5275
5028;62.0753;4.8463;122.559;3.5573;39.9481;1.0173;0.6382;-18.2891;-79.0861;23.9075
5029;93.1854;2.2217;149.4194;3.6317;48.0007;1.2501;0.9599;-21.2388;-74.4035;19.5339
5030;70.2612;6.3222;94.5188;5.2075;51.0171;0.8875;0.9195;-13.8437;-65.4654;14.4783
5031;47.7496;5.119;85.865;5.4917;53.5117;0.8496;1.0406;-11.9007;-59.1732;12.2469
5032;92.5781;7.1137;102.9279;6.1764;45.6097;0.8976;0.7595;-14.6004;-71.7977;17.7291
5033;83.158;6.2174;92.0684;4.4632;55.0846;0.8;1.362;-8.6393;-43.2513;8.8108
5034;79.6918;2.1318;118.0306;2.492;60.6097;0.9162;1.6594;-9.6888;-39.6259;8.2817
5035;82.8832;3.5845;127.4357;5.6042;80.1123;1.3743;1.6169;-20.2076;-60.7824;12.7494
5036;113.0985;6.1281;129.9554;4.8387;70.1074;0.8647;1.0655;-12.1891;-58.9257;12.1731
5037;109.3317;3.7753;113.6153;4.69;68.9064;0.8;1.616;-7.6505;-32.6676;7.4258
5038;57.6391;8.6444;106.3383;2.6749;76.719;0.8998;0.8867;-14.0673;-67.1504;15.2209
5039;99.2299;5.808;121.9702;4.3062;78.3701;1.045;1.1987;-15.4367;-61.7649;13.077
5040;76.897;1.1067;61.2168;2.8095;77.0811;0.8614;3.6659;2.8955;41.8613;3.5246
5041;78.9837;7.1749;105.4053;5.3229;37.3194;1.0144;0.6357;-18.2133;-79.1102;23.9351
5042;39.5391;2.0473;101.3206;3.9552;74.6582;1.0516;1.7598;-11.6455;-44.2175;8.9634
5043;66.9331;2.3269;105.4714;3.8207;78.3395;1.0003;1.9053;-9.9832;-36.5116;7.8755
5044;55.3692;5.7981;97.8332;2.2943;68.8233;0.9823;1.0937;-14.5937;-62.8845;13.4715
5045;84.9051;7.0034;111.4007;6.1406;53.6764;1.423;0.8464;-25.6701;-80.1729;25.218
5046;89.2794;4.4473;86.619;4.2122;63.1261;1.036;1.5662;-12.5261;-49.6064;9.9219
5047;32.6592;3.1241;132.6284;4.7305;70.3442;0.8537;1.0132;-12.7335;-60.4401;12.6391
5048;69.6034;3.4321;112.5708;3.4968;50.7731;1.1629;1.2841;-17.2489;-63.1938;13.5847
5049;90.1935;3.3896;103.839;2.1241;28.7822;0.9881;0.6359;-17.3065;-78.5485;23.3084
5050;66.6398;3.3085;83.9978;3.8026;61.0546;1.0144;1.8184;-10.4949;-40.248;8.3679
5051;83.1231;2.9019;122.6089;4.0427;81.9248;1.2247;1.7658;-15.3695;-51.9388;10.4034
5052;76.321;4.9;105.3023;5.0391;84.1407;1.3077;1.7738;-17.3179;-54.786;11.0585
5053;76.1499;7.4265;82.7893;4.0675;54.4383;0.8;1.0158;-10.7724;-57.6731;11.8128
5054;65.1163;3.2118;98.5934;3.5225;51.8948;1.414;1.3103;-22.4826;-69.1102;16.1866
5055;48.1015;2.6057;117.0312;2.345;71.6157;0.9871;1.2549;-13.7316;-57.6254;11.7995
5056;49.8125;6.7236;114.7853;4.6727;82.8877;0.9885;1.0395;-14.7618;-64.9462;14.2638
5057;82.7683;5.8562;112.9474;3.4052;55.1776;0.8171;0.8919;-12.4471;-63.6172;13.7428
5058;70.3502;7.8554;102.3402;6.5812;38.839;1.1611;0.5328;-21.9898;-84.7028;32.6857
5059;67.5068;2.4827;129.234;4.8252;89.0971;0.8;2.4405;-2.2414;1.6891;4.9169
5060;62.37;2.3509;136.2674;5.4432;58.8345;1.1137;1.1192;-17.1861;-66.5007;14.9257
5061;64.5066;4.4778;120.2413;4.2268;52.6147;1.3913;1.2915;-22.3126;-69.0586;16.1596
5062;88.8444;4.9364;86.3412;4.9019;78.3641;0.939;1.9171;-8.7688;-31.9473;7.3472
5063;63.9656;4.1205;76.7578;3.2639;51.9596;1.2416;1.4848;-17.8483;-60.1372;12.543
5064;45.8608;4.8358;87.2856;2.8327;67.8703;1.0165;1.3539;-14.0011;-55.6046;11.2624
5065;83.3857;2.5698;162.973;4.6227;70.8156;0.8;1.1734;-10.1301;-51.1097;10.227
5066;66.3122;4.1173;107.2963;5.4556;74.821;1.0242;1.6717;-12.1508;-45.5953;9.1904
5067;70.5651;5.2317;170.1671;1.6813;51.7744;0.9636;0.5649;-17.5268;-80.4595;25.5878
5068;98.9364;3.8579;97.0397;3.8513;67.9742;1.1964;1.8322;-13.8645;-48.9509;9.7945
5069;69.6299;5.383;93.7345;7.3632;71.5615;0.9299;1.5712;-10.1536;-43.6784;8.8776
5070;75.2053;3.9588;98.1656;5.3188;39.7634;1.1049;0.8781;-18.4493;-73.5102;18.8752
5071;48.7794;3.343;97.722;6.9065;85.1269;0.8097;2.6918;-0.3531;10.8188;4.5119
5072;66.0459;3.1948;82.4142;3.6489;55.9214;1.0897;1.6205;-13.2564;-50.4303;10.0868
5073;80.9715;3.741;75.0353;3.9131;35.6123;1.0048;1.241;-14.4258;-58.8302;12.1448
5074;42.0033;1.2405;113.3527;6.0501;34.3474;0.9748;0.8321;-16.3051;-71.5471;17.5729
5075;73.6152;5.305;130.177;5.5353;52.1383;1.0062;0.814;-16.5731;-73.0337;18.5417
5076;71.8142;6.7906;184.2725;4.4584;71.07;0.9432;0.669;-16.4882;-76.3566;21.1475
5077;70.7432;3.4489;89.7243;2.7062;69.1843;1.0287;1.7355;-11.7742;-43.7648;8.8912
5078;88.6689;1.5456;91.5611;6.3353;58.5266;0.9614;2.0443;-9.0877;-29.1192;7.0541
5079;76.0199;9.0622;82.4641;8.3653;39.2021;0.8231;0.6841;-13.6551;-72.2947;18.0471
5080;96.6053;3.0026;132.5026;2.2422;51.4415;0.8;1.3385;-8.6385;-44.2272;8.9649
5081;52.1154;2.2341;122.5988;6.7054;38.9442;0.9059;0.9119;-13.7551;-66.4456;14.9012
5082;72.4466;3.5261;80.3134;3.8975;59.8762;0.9385;1.817;-9.5001;-35.468;7.7481
5083;71.5204;5.8304;79.8078;4.0998;40.3584;0.8;0.8843;-11.7546;-63.1562;13.5708
5084;50.7534;3.1477;126.8872;5.0045;67.285;1.0039;1.1691;-14.7416;-61.1796;12.8798
5085;87.2133;4.6819;110.0538;2.7917;68.648;1.5536;1.5781;-23.9886;-66.1408;14.767
5086;111.8441;3.7658;120.8763;4.5443;45.502;1.148;0.9617;-19.1864;-72.0743;17.9046
5087;69.6939;2.1724;80.1964;2.1831;68.1294;0.9663;2.2954;-5.9666;-20.8175;6.3145
5088;79.0904;3.3265;62.5358;5.3141;60.8492;0.8495;2.5742;-2.4351;1.0039;4.9503
5089;71.5213;5.7226;80.353;7.9506;40.396;0.8;1.0447;-11.0706;-56.4701;11.4864
5090;57.1555;4.9205;118.7609;3.6407;66.6013;1.1945;1.1847;-18.7969;-66.9406;15.1243
5091;37.2263;2.1866;169.5139;4.3469;32.8381;1.0888;0.505;-20.6827;-84.5389;32.3393
5092;57.2961;2.4695;89.8197;4.4208;77.3434;0.8;2.1274;-3.387;-11.3565;5.6406
5093;44.9447;5.1121;176.6436;6.0797;65.8762;1.2125;0.6673;-22.2478;-81.6545;27.2546
5094;100.6738;6.4775;123.0542;5.2084;70.214;1.1828;1.0775;-19.0413;-69.6364;16.4671
5095;67.928;3.4228;70.5917;5.9805;60.6052;0.8744;2.129;-6.3684;-18.8359;6.1604
5096;63.7735;4.8123;105.4966;3.8406;51.8274;0.9433;1.0451;-14.6112;-63.0672;13.5381
5097;86.0048;2.5132;124.1094;5.2504;42.6047;1.0512;1.1077;-16.3127;-64.8752;14.235
5098;49.8085;3.2329;60.0;-0.4517;42.781;1.1169;1.3198;-16.3327;-60.6118;12.6942
5099;56.1964;1.1938;117.4817;5.6012;80.2696;0.8034;2.0654;-4.7693;-14.3017;5.8344
5100;71.2253;6.0745;134.0684;2.7733;69.588;1.1201;1.1678;-17.1198;-65.2449;14.3864
5101;88.5178;3.6887;110.4858;4.1086;64.5692;1.0119;1.6454;-12.1858;-45.8006;9.2252
5102;79.0303;6.5032;98.4688;5.7179;65.8687;1.2488;1.1274;-20.2192;-69.9077;16.6156
5103;74.4699;5.5962;95.769;2.2959;71.7495;1.1648;1.3301;-16.9422;-61.9367;13.136
5104;71.4061;6.6253;94.381;6.2341;63.8507;1.0116;1.4204;-13.1464;-53.1972;10.6831
5105;77.2042;3.1077;74.528;4.4135;78.5308;1.2012;2.5679;-9.7437;-28.7432;7.0169
5106;73.6298;2.5967;84.2079;6.7797;61.51;0.8;2.6762;0.3362;11.5063;4.484
5107;51.4605;8.6332;90.1091;3.2457;66.2258;0.9279;1.1762;-12.4567;-57.7466;11.8334
5108;70.8294;5.6644;102.878;1.8808;55.2748;0.8232;0.8318;-12.7502;-66.3197;14.8455
5109;50.6736;6.6779;87.0051;4.5566;67.4419;0.8949;1.1037;-12.1509;-58.8874;12.1617
5110;71.4595;1.0585;80.4703;5.4806;71.1421;0.8927;2.6474;-2.257;-1.1456;5.0579
5111;61.3483;3.448;120.918;5.6064;39.9425;0.8;0.9128;-11.8165;-61.9677;13.1467
5112;115.7089;5.8645;109.7082;2.8968;52.6457;1.2099;0.9257;-20.4469;-74.4959;19.6047
5113;69.2819;1.8609;87.3884;2.1631;61.6683;1.162;1.8398;-13.3545;-47.2252;9.4742
5114;44.7237;4.6361;113.4928;4.1315;65.4446;0.8857;1.3112;-10.8027;-50.6537;10.1325
5115;67.5848;3.8383;89.2892;5.3747;15.7345;0.8;0.3939;-15.0765;-83.5866;30.4629
5116;79.3485;1.1468;101.5891;5.2987;68.3558;0.9039;2.2119;-6.2294;-18.4323;6.1299
5117;100.1206;2.8674;127.6039;6.9582;63.3874;0.9903;1.4544;-12.2386;-51.0459;10.2136
5118;59.3899;3.1035;85.9903;4.0398;69.9379;1.3118;2.4063;-13.7747;-38.8538;8.1771
5119;41.5163;2.1299;74.5945;1.8327;77.5108;0.8933;3.3819;1.6332;26.1888;3.9623
5120;84.7031;5.05;96.4367;6.395;61.929;1.2161;1.6312;-16.5779;-55.2908;11.1834
5121;45.1492;2.8994;71.1154;4.8928;62.4077;0.904;1.9348;-8.0978;-28.6536;7.0081
5122;62.1492;3.069;93.2989;5.0233;57.8918;1.1205;1.6077;-13.7976;-52.1726;10.4543
5123;65.3628;7.3986;93.2245;5.7506;50.0804;1.1753;0.781;-20.8079;-77.8509;22.5743
5124;68.7466;4.0472;60.0;6.4955;63.9784;1.1227;2.7809;-7.0826;-17.4309;6.0555
5125;82.405;3.6421;114.186;4.5655;80.5459;0.8258;1.882;-6.6402;-24.0334;6.5818
5126;57.6946;5.7148;95.5355;6.3648;58.5469;0.9299;1.1124;-12.9203;-60.124;12.5389
5127;65.0729;7.5483;134.3763;5.4282;82.3257;1.1246;1.0559;-17.6353;-68.7027;15.9758
5128;69.7431;1.2711;105.5361;3.6166;44.9104;0.8;1.2433;-9.6824;-48.1952;9.6516
5129;72.6928;3.9426;120.1898;4.2501;78.8564;1.1711;1.5522;-15.7288;-55.8174;11.3167
5130;71.7609;4.9125;134.6501;5.5251;56.8906;0.8;1.1425;-10.3719;-52.3956;10.5032
5131;77.8481;3.2683;96.7607;3.5368;68.8102;0.8;1.6191;-6.7606;-32.5366;7.4114
5132;85.1891;6.1096;99.9794;5.9297;74.9223;0.8989;1.6294;-9.7946;-39.5819;8.2757
5133;77.0674;8.6228;67.4768;4.8373;63.0075;0.872;1.2945;-10.9546;-50.5121;10.1035
5134;78.1645;8.0604;136.3268;5.1724;84.3714;1.037;0.9179;-16.9007;-70.4948;16.9462
5135;41.52;3.0134;96.4231;6.7608;57.2822;1.0549;1.366;-14.4076;-56.8356;11.5836
5136;70.9041;2.8185;77.7686;5.1349;55.5813;1.0142;2.2081;-7.7653;-27.4236;6.8893
5137;78.6311;8.3187;120.3135;4.7071;60.9975;0.8215;0.7272;-13.2461;-70.4946;16.9461
5138;83.1209;3.9999;60.0;4.4761;71.7128;1.2735;2.6755;-11.9087;-29.9711;7.1399
5139;57.5377;2.7242;89.8239;4.398;53.9658;1.013;1.439;-13.0996;-52.6483;10.5593
5140;58.1373;5.5859;125.4927;5.0684;70.6769;1.2046;1.2927;-18.1745;-64.227;13.977
5141;59.6662;3.1017;89.6344;6.645;62.0087;0.8;1.846;-6.2035;-23.0813;6.5004
5142;79.6555;3.0195;83.5704;3.6823;53.4694;1.113;1.8718;-12.2449;-43.9407;8.9191
5143;88.6099;7.1663;90.119;3.5688;35.2206;0.8917;0.6006;-15.7387;-77.5492;22.2709
5144;62.6657;2.4644;60.5027;6.5276;57.0121;1.164;3.012;-6.608;-13.7437;5.7967
5145;86.3433;1.7367;119.5865;3.7508;80.1487;1.4294;2.3227;-16.4881;-45.8347;9.231
5146;72.2226;3.0287;96.9746;4.9241;48.4956;0.8;1.4611;-8.148;-39.1191;8.2128
5147;67.7629;4.8875;93.4185;3.7123;55.7778;1.1873;1.0495;-19.4612;-70.5343;16.9689
5148;66.1951;2.2098;93.5039;2.0808;58.5794;0.8871;1.6692;-9.0788;-37.2791;7.9718
5149;83.439;4.0722;100.3526;4.8973;50.6518;0.8;1.1788;-9.8798;-50.884;10.18
5150;75.8604;5.0218;117.746;6.2728;60.5689;1.2037;1.045;-19.8068;-71.0626;17.2787
5151;110.9649;6.8284;98.7068;4.5069;64.79;1.4389;1.5279;-21.4592;-64.6062;14.1268
5152;54.66;2.8365;71.1479;2.3775;75.4455;1.5254;3.0245;-13.8899;-33.9063;7.565
5153;79.3258;6.5148;115.4744;4.7636;60.512;1.062;0.9003;-17.5909;-71.7415;17.6938
5154;60.4744;2.862;113.2743;3.4661;40.0019;0.8;0.933;-11.6513;-61.1258;12.862
5155;54.3528;5.3637;105.2725;0.6707;90.213;0.9594;1.4045;-11.8141;-51.2011;10.2461
5156;69.8044;3.8469;130.8407;4.4787;57.5542;0.9784;1.1293;-14.345;-61.5237;12.995
5157;72.4723;2.1504;100.7624;5.3765;91.1552;1.2451;2.7241;-9.9856;-27.0746;6.8563
5158;122.5271;5.6409;132.028;6.3666;48.924;0.9951;0.9167;-16.1592;-69.293;16.2829
5159;66.6854;2.7742;142.1628;7.2353;57.808;0.8;1.0533;-10.9391;-56.1128;11.3929
5160;49.6568;2.5481;115.6708;5.5764;74.2379;1.1344;1.7663;-13.2651;-48.0974;9.6334
5161;74.9142;3.4677;82.9458;6.0004;64.5335;1.0145;1.8994;-10.296;-37.5901;8.0115
5162;32.6565;5.1983;96.7832;2.6732;32.8446;1.1982;0.5057;-22.8847;-85.9312;35.5396
5163;68.3448;2.8574;136.3035;7.0327;46.3793;1.0509;0.9078;-17.2477;-71.2059;17.3647
5164;70.2885;2.5885;68.7697;6.501;68.6349;1.1477;2.6034;-8.927;-24.3899;6.6129
5165;84.3028;0.9862;90.6659;4.0493;82.3652;1.003;3.2272;-1.9771;7.2551;4.6618
5166;87.5252;4.0725;91.7832;5.6225;58.2907;1.0584;2.0974;-9.5302;-33.9412;7.569
5167;60.9357;3.836;80.5491;5.4716;62.3664;0.8317;1.6815;-7.394;-32.6068;7.4191
5168;67.2889;2.8568;124.386;6.8053;57.1017;1.0734;1.133;-16.3233;-64.8163;14.2111
5169;56.2098;1.6288;109.8784;4.3733;64.7792;0.9637;1.6073;-10.8023;-44.4028;8.9933
5170;49.6949;3.8393;83.7139;3.4807;45.7003;1.1029;1.0194;-17.5811;-69.1907;16.2288
5171;75.5781;6.2471;116.3437;3.865;63.5471;0.8;0.9514;-11.2792;-60.3567;12.6125
5172;47.0755;5.6487;96.117;5.9452;39.7505;1.3229;0.7599;-24.1507;-80.8538;26.1148
5173;62.5367;6.9574;80.0476;1.7202;51.2534;1.0509;0.8796;-17.2932;-72.1018;17.9223
5174;52.0869;0.9771;83.675;0.1044;87.8166;1.1719;2.5074;-9.6825;-28.6807;7.0107
5175;79.8943;8.5056;111.5177;5.9414;73.3031;1.001;0.8729;-16.3694;-70.9313;17.2006
5176;102.4257;3.3821;126.4596;5.0122;57.3429;1.1282;1.4501;-14.9288;-57.1575;11.6707
5177;46.5714;9.2009;88.5421;4.6277;49.0765;0.8;0.5947;-13.5278;-75.2203;20.1778
5178;36.6457;2.9494;114.5808;2.6417;43.7235;0.9787;0.6936;-17.2252;-76.3756;21.1646
5179;67.752;4.0719;148.5035;2.0352;64.8084;0.8534;0.8709;-12.8784;-65.9822;14.6982
5180;70.2826;3.4453;72.9995;3.6482;62.1653;0.9305;2.0048;-8.1107;-28.1842;6.9623
5181;73.9359;3.4546;109.299;5.1425;47.6866;1.224;1.0342;-20.4041;-71.8364;17.7534
5182;61.9662;6.7614;123.0799;3.7214;23.2443;0.8;0.3391;-15.3228;-85.8722;35.3912
5183;66.3885;5.8935;97.6493;5.9502;52.1327;1.1594;0.9739;-19.4832;-72.0023;17.8586
5184;76.6152;9.2776;136.284;3.1689;86.0459;1.0967;0.7242;-19.5031;-77.9891;22.7161
5185;88.7278;4.9304;173.2749;3.821;55.7426;1.2919;0.6804;-23.9411;-82.4451;28.482
5186;34.8091;4.0256;108.9631;5.6548;82.5701;0.8;1.4479;-8.4915;-39.6728;8.2881
5187;63.3591;1.9626;94.3275;4.0346;47.9484;1.1251;1.2932;-16.6891;-61.6884;13.0509
5188;73.8486;9.5218;127.6658;4.109;50.6694;1.0518;0.6466;-18.9426;-79.5099;24.402
5189;53.4764;4.5389;123.4316;3.6348;69.3431;0.9894;1.0661;-15.086;-64.0847;13.9216
5190;101.1611;5.537;60.0;3.3566;78.5356;1.3349;2.547;-13.9922;-36.3982;7.8614
5191;58.5626;3.7189;99.9316;5.1313;63.2853;0.8;1.4226;-8.8993;-40.7244;8.4352
5192;69.2567;4.5158;90.606;5.3256;63.899;1.0253;1.4875;-12.9487;-51.6434;10.3399
5193;80.0084;8.0459;110.4261;4.9407;73.0583;1.2269;0.9383;-20.7169;-74.5078;19.6139
5194;59.3569;2.4881;95.2739;3.6757;57.4605;0.8;1.4857;-8.1534;-38.0945;8.0768
5195;36.7617;3.1402;97.8931;4.2978;51.475;1.1263;1.2202;-17.4359;-63.885;13.8447
5196;62.2842;2.4004;80.5894;6.9939;76.3317;1.0672;2.8381;-4.8114;-11.3585;5.6407
5197;88.5299;6.2828;120.1574;2.4684;75.5343;0.8;1.0754;-10.6633;-55.1921;11.1588
5198;63.9359;1.7139;151.2495;7.4288;52.0832;1.2453;1.0813;-20.3559;-71.0571;17.2754
5199;54.7642;1.8924;80.9031;4.7496;86.3358;0.8366;2.7563;-0.4994;9.8146;4.5531
5200;86.6621;3.1699;70.5207;4.3298;49.1611;1.3712;1.8434;-18.4014;-55.1881;11.1577
5201;64.0461;4.3161;100.5013;6.0301;26.0221;1.1217;0.5768;-20.7825;-82.8576;29.1674
5202;60.8171;3.7165;99.2862;1.4991;81.0177;1.0618;1.567;-13.3233;-50.8076;10.1642
5203;72.6902;1.5317;134.0085;6.6705;80.517;1.2245;1.8528;-15.0342;-49.5624;9.9132
5204;83.8735;8.3187;73.5431;7.3866;63.4004;1.1959;1.2236;-18.4237;-65.8924;14.6595
5205;112.8708;8.2296;87.4163;6.232;58.1098;0.8;1.2333;-9.478;-48.6112;9.7297
5206;84.8902;3.0774;60.0;1.4466;20.4207;0.8;0.893;-11.7605;-62.7922;13.438
5207;90.8771;5.7747;141.022;5.7463;77.1359;0.9717;1.0148;-14.8023;-65.1875;14.3626
5208;60.8926;4.7062;106.4639;7.069;67.2687;0.8067;1.5146;-8.093;-37.4131;7.9889
5209;51.5344;2.8749;89.0601;6.9141;70.4969;1.3937;1.9665;-18.0782;-52.9663;10.6307
5210;71.122;2.9953;71.8516;2.4879;60.6531;0.8202;1.8525;-6.5063;-24.7174;6.6416
5211;71.9291;4.1829;73.5195;6.1245;58.534;1.0186;1.6758;-11.3399;-45.1602;9.1175
5212;50.5868;3.7854;110.912;7.2934;61.2341;1.1237;1.346;-16.0009;-60.0715;12.5224
5213;66.8447;3.1346;75.8163;4.6442;75.9202;1.6304;2.3342;-20.4917;-52.2783;10.4774
5214;77.1877;6.4222;102.6342;2.4209;52.5593;1.2584;0.8367;-22.0283;-77.8379;22.5611
5215;76.4871;4.1278;166.6518;5.843;39.6335;0.8761;0.5163;-15.9111;-80.3577;25.4552
5216;79.0772;5.2091;91.6772;6.1808;64.6885;1.1107;1.5773;-14.3669;-52.6619;10.5623
5217;75.2374;2.6202;78.6344;4.3912;44.2311;1.1499;1.521;-15.3807;-55.9074;11.3398
5218;60.8738;4.4303;110.0211;2.8139;67.4433;1.1325;1.5397;-14.8659;-54.6806;11.0328
5219;60.7498;3.2654;73.6057;6.0728;75.4623;0.8219;2.4362;-2.0105;-1.2012;5.0608
5220;48.4189;4.3881;153.7252;3.4468;88.0547;1.5013;0.9895;-26.7578;-78.0298;22.7581
5221;102.126;6.1823;142.0352;5.196;40.6968;0.8;0.5309;-14.1073;-77.8803;22.6043
5222;70.2421;6.0799;95.9788;6.9372;49.7934;1.1457;0.9482;-18.7347;-72.4139;18.1251
5223;65.9526;3.4468;79.9057;2.1118;39.6708;0.8382;1.1422;-11.142;-54.5791;11.0081
5224;53.2817;5.4911;89.9027;5.9616;76.8663;1.0813;1.7138;-12.5785;-47.1681;9.464
5225;122.8418;8.0241;92.8749;4.2901;48.7598;0.9616;0.8996;-15.2251;-68.8164;16.0341
5226;50.6801;5.0107;110.064;4.329;79.3905;0.8;1.2359;-9.9541;-48.5041;9.7095
5227;62.2807;2.3774;129.6811;5.3715;57.7675;0.8;1.1984;-9.8804;-50.0647;10.013
5228;77.4851;5.3849;77.1724;3.4429;58.7703;1.1938;1.3726;-17.9026;-61.6725;13.0455
5229;80.8038;2.0784;128.7532;2.8375;64.7569;0.8942;1.5976;-10.472;-40.4432;8.3953
5230;87.2428;7.0837;116.6983;1.9237;65.0341;1.0282;0.807;-17.5964;-73.8389;19.1124
5231;102.537;4.3306;88.078;6.4476;59.4718;1.4334;1.6082;-20.8388;-62.6015;13.3695
5232;79.1108;3.6056;76.21;4.0425;51.6713;1.1329;1.5482;-15.4523;-54.4457;10.9759
5233;50.9914;1.6636;102.9484;5.4549;54.7405;0.8;1.409;-8.4548;-41.2918;8.5167
5234;65.375;3.583;76.7285;3.8725;62.4285;0.8;1.811;-6.2858;-24.5418;6.6262
5235;75.541;7.4629;129.165;2.8574;51.2488;0.8;0.6288;-13.6864;-73.8009;19.0846
5236;107.2281;1.2059;75.505;5.5785;69.2304;0.8464;3.5575;4.6447;40.0991;3.5689
5237;44.8395;4.0893;114.6744;5.0919;81.8083;0.9473;1.35;-12.235;-52.4955;10.5253
5238;91.6464;7.8604;98.0048;4.2447;72.6863;1.6669;1.2693;-28.4335;-74.6167;19.698
5239;73.2385;3.6563;86.9222;5.0528;53.7992;1.223;1.4173;-17.5415;-61.3712;12.9437
5240;85.0809;3.8335;97.462;3.1593;42.727;1.0739;0.9238;-17.2916;-71.3258;17.4373
5241;68.1641;4.7061;130.9959;6.1909;60.9274;1.0928;0.9588;-17.9684;-70.7563;17.0977
5242;54.8362;4.0238;74.2254;6.5386;33.2779;1.0997;0.9107;-18.0155;-72.3961;18.1134
5243;83.5157;2.5011;90.2092;5.739;60.7222;0.8;1.8601;-6.0407;-22.495;6.4512
5244;81.7798;1.1638;82.8668;4.042;86.5656;0.8;3.5036;4.642;45.9833;3.425
5245;87.497;4.9061;99.0392;4.689;49.9326;1.0953;1.0225;-17.7632;-68.8832;16.0685
5246;69.7605;7.7051;84.2678;6.9533;69.6976;1.001;1.2595;-13.6495;-58.0586;11.9214
5247;59.2032;2.0894;64.2737;6.5217;59.3435;1.0623;2.8495;-5.2709;-10.5873;5.592
5248;41.9418;2.7383;76.8139;7.5908;56.0796;1.3786;1.7409;-19.9051;-57.9066;11.8783
5249;84.7487;3.5285;150.5972;3.4292;43.1266;0.8707;0.7828;-13.9736;-70.0351;16.6862
5250;77.63;6.4337;106.3624;3.2947;60.8705;0.9287;1.2673;-12.7407;-54.5175;10.9932
5251;52.6159;3.029;105.4525;4.8016;56.0786;1.0506;1.3023;-14.5457;-58.6807;12.1009
5252;60.3057;7.1994;93.1785;5.2103;56.2626;0.8;1.0543;-10.8772;-56.0717;11.3822
5253;61.5983;1.6425;98.7177;4.3866;51.1772;0.8;1.687;-6.5838;-29.707;7.1131
5254;43.3063;8.0185;89.8119;4.0155;64.8757;1.3134;0.9232;-22.9594;-76.5689;21.3391
5255;55.2817;4.5953;114.0803;6.5011;41.5945;0.9429;0.7374;-15.754;-73.932;19.1806
5256;49.5911;5.2365;102.5522;4.4639;51.09;0.9066;0.8687;-14.2348;-68.0586;15.6537
5257;62.5754;3.5155;74.6159;2.7772;50.2658;1.0494;1.72;-11.9333;-45.3662;9.1518
5258;56.7034;6.1925;106.5486;2.9505;77.8913;0.8;1.0499;-10.7169;-56.2542;11.4297
5259;40.7139;2.489;60.0;4.9706;82.4818;0.9405;3.6925;1.5156;30.8706;3.8206
5260;106.4066;1.5778;110.9007;9.104;54.4162;0.8914;1.786;-7.9709;-33.2183;7.4871
5261;92.5457;3.6598;70.3042;3.1361;63.0579;1.0762;2.4143;-8.406;-25.2238;6.6866
5262;55.9777;6.8808;97.6272;4.1277;79.8691;0.8;1.2882;-9.8655;-46.3252;9.3153
5263;74.9036;5.963;74.1814;8.2072;56.9407;0.8519;1.5023;-9.245;-41.2219;8.5066
5264;77.5144;4.3335;100.0706;3.8736;55.4319;0.912;1.1249;-12.3832;-58.8847;12.1609
5265;91.4395;4.6659;115.5542;5.2832;57.8871;0.9076;1.1153;-13.2691;-59.0391;12.2068
5266;55.2651;2.2564;145.602;7.4139;58.7422;1.2341;1.0681;-20.4669;-71.1496;17.3308
5267;89.6579;6.7451;68.022;3.1728;52.4184;0.8543;1.2658;-11.0351;-50.6103;10.1236
5268;60.1377;6.2361;127.6176;4.1361;70.9833;1.8499;0.8698;-35.137;-84.3279;31.9037
5269;45.9545;5.2204;103.3332;3.8735;54.4202;1.1611;1.3386;-16.9114;-61.571;13.011
5270;83.0345;4.042;89.3448;2.3232;38.5986;0.9073;1.0798;-12.6981;-60.3299;12.604
5271;93.2337;8.4626;120.9206;6.954;70.0059;1.1285;0.9494;-18.8563;-71.9573;17.83
5272;116.5824;7.1637;94.2724;3.7219;55.4871;1.1564;1.1113;-17.8719;-67.9666;15.6087
5273;48.4049;5.1373;119.6478;3.2856;66.7083;0.9398;0.8976;-14.6115;-68.1627;15.7048
5274;82.5806;3.5366;78.0307;3.9333;42.5363;1.259;1.3305;-19.1216;-64.7738;14.194
5275;62.6236;4.96;85.3637;5.9932;34.5041;0.8227;1.049;-11.5935;-57.4984;11.7643
5276;84.1005;4.6865;126.6048;4.7693;65.9512;1.1244;1.205;-16.8067;-64.2788;13.9973
5277;43.5312;3.6531;144.9691;3.4125;39.8496;0.9792;0.7898;-16.311;-73.1153;18.5979
5278;47.2701;3.2098;99.128;5.2137;63.4273;1.0596;1.4681;-14.6776;-53.8148;10.826
5279;56.0343;3.7204;60.0;5.8189;69.4675;1.0468;2.3767;-8.3906;-24.3197;6.6067
5280;71.4214;4.6769;95.1456;4.5644;47.4431;1.0036;1.0195;-15.5951;-66.1386;14.7661
5281;58.4605;3.8332;100.8139;4.2479;30.6514;1.4848;0.705;-28.1818;-84.1739;31.5933
5282;81.863;3.002;94.3468;6.1238;33.0;0.8896;1.1198;-12.5242;-58.0403;11.9162
5283;88.4841;6.013;108.7721;4.3312;92.2964;0.8539;1.8784;-6.4255;-26.6765;6.8191
5284;80.7924;4.4181;88.7606;7.0123;46.9198;0.9825;1.2875;-13.0438;-56.3172;11.4462
5285;99.1382;1.7678;123.333;3.4635;69.9699;1.2978;1.924;-16.1905;-50.5824;10.1178
5286;77.4849;3.5187;74.7009;3.4286;55.7608;1.0077;1.7966;-10.6174;-40.569;8.4131
5287;48.0959;7.2335;136.2351;3.2443;56.7251;0.9858;0.586;-18.0815;-80.1851;25.2335
5288;94.5408;5.9656;147.3322;4.2417;13.1108;0.8948;0.1729;-18.4296;-93.561;50.0
5289;59.1072;3.2915;79.5913;4.6038;37.2912;0.9073;1.0084;-13.8303;-62.9513;13.4957
5290;86.3875;7.9725;79.5806;2.6115;76.1825;1.2385;1.4869;-17.8116;-59.9821;12.4944
5291;98.3272;1.8488;110.813;4.7451;55.8491;0.9876;1.6063;-11.7478;-45.7857;9.2227
5292;78.2204;8.3944;74.3189;5.448;80.2985;1.0522;1.4579;-13.2192;-53.8156;10.8262
5293;43.0691;2.9157;88.413;2.4018;29.2719;0.8697;0.7309;-14.7426;-71.9855;17.8479
5294;53.4722;0.9647;131.7363;3.8182;32.5788;1.1681;0.7895;-20.4084;-77.471;22.1937
5295;93.8094;3.8639;120.2499;5.4512;43.3348;1.2772;0.8797;-22.5437;-77.0411;21.7781
5296;66.9558;3.471;164.0579;2.9659;41.6943;0.8307;0.6029;-14.1454;-75.8068;20.6669
5297;71.4323;4.4637;104.3621;4.126;57.8192;0.8349;1.2573;-10.7584;-49.8038;9.9609
5298;83.6588;6.3238;85.8379;6.2323;71.9479;0.8446;1.6179;-7.7673;-36.1498;7.8308
5299;82.5338;6.763;101.2893;7.2928;78.6863;1.2301;1.7617;-15.4371;-52.2628;10.474
5300;75.0184;3.6898;96.3053;5.2599;51.3641;0.8251;1.2672;-9.938;-48.8097;9.7675
5301;66.244;3.8425;96.6437;4.3461;95.8558;0.9335;2.2578;-6.034;-19.3794;6.2019
5302;64.372;2.376;99.4067;3.8479;47.5176;0.8213;1.3223;-9.5371;-46.3316;9.3165
5303;85.4422;1.5627;79.22;5.9661;52.8297;1.4026;2.0662;-17.8049;-50.8976;10.1828
5304;79.9643;5.1154;107.3103;6.3001;54.2566;0.8991;1.0524;-12.7854;-60.985;12.8156
5305;65.3686;1.7371;70.3164;2.8653;29.4008;1.3947;1.2371;-22.7495;-70.4318;16.91
5306;89.478;5.7928;83.5933;5.9656;53.7531;0.9947;1.2385;-14.3695;-58.4973;12.0474
5307;67.6774;4.4637;97.0718;3.6894;60.6966;0.906;1.314;-11.2407;-51.6562;10.3426
5308;54.6701;2.6717;60.0;3.3107;45.0867;1.1732;1.866;-13.8563;-46.9837;9.4311
5309;56.3385;4.4663;121.1971;4.3695;66.9138;0.9922;1.1395;-14.698;-61.7181;13.061
5310;52.3827;2.5848;60.0;6.0874;75.3624;1.3258;3.1709;-7.9368;-20.2765;6.2717
5311;65.0966;3.8907;118.2223;5.0641;33.0101;0.9576;0.6146;-16.873;-78.6084;23.3736
5312;92.207;6.3491;72.3827;5.0235;66.2165;0.9136;2.2144;-6.2939;-19.2084;6.1888
5313;55.5083;4.0182;90.3725;5.1287;75.4206;0.9129;1.8905;-7.9328;-30.9693;7.2431
5314;73.3926;2.3793;113.8581;5.3015;61.3318;1.2822;1.4021;-19.2426;-63.5487;13.7169
5315;58.1796;5.7145;173.2447;4.4288;81.3233;1.0515;0.7825;-18.0964;-75.1941;20.1565
5316;65.3144;2.6061;102.9541;5.5478;62.3248;0.8629;1.6276;-8.0654;-37.1254;7.9523
5317;42.8193;5.8303;60.9171;3.6105;62.6504;0.8;1.681;-7.5139;-29.9579;7.1386
5318;66.0303;4.1159;126.9247;5.5765;27.5522;1.0432;0.5119;-19.5333;-83.6416;30.5653
5319;66.5133;3.9729;94.3669;5.8855;60.1959;0.8289;1.993;-5.5626;-19.8537;6.2386
5320;79.7252;6.8568;101.763;5.6487;72.9572;0.8;1.1566;-10.1565;-51.8096;10.3755
5321;74.0191;5.598;114.9659;5.7265;40.5568;1.2433;0.7194;-22.6906;-80.7127;25.9238
5322;48.4289;1.3841;60.0;5.2973;37.2316;0.8;1.6389;-7.4321;-31.7119;7.3219
5323;89.5156;3.1586;100.1636;6.3602;53.0733;0.8;1.4126;-8.0204;-41.1437;8.4953
5324;73.7855;7.0702;90.2647;1.1926;31.7565;0.9729;0.4718;-18.3402;-83.8344;30.9299
5325;73.5711;1.1597;135.7247;5.8806;72.4527;0.9418;1.9813;-7.6125;-29.8762;7.1302
5326;69.8347;4.5009;119.9348;7.5632;48.5934;0.8397;1.1906;-10.7262;-52.7409;10.58
5327;60.6804;5.7456;66.581;3.6672;47.6738;1.0448;1.2981;-14.3672;-58.5836;12.0725
5328;73.9204;4.9854;137.1159;3.4994;57.4777;0.9424;0.819;-15.3292;-71.0312;17.2599
5329;78.5606;6.0094;111.8939;6.5295;47.5937;1.5525;0.85;-28.4718;-81.7503;27.3977
5330;38.5559;5.729;67.922;3.2099;66.0524;0.9622;1.8377;-9.3844;-36.3348;7.8536
5331;60.3023;5.4745;101.4036;3.5999;58.9461;0.8;1.2076;-9.4708;-49.6848;9.9373
5332;65.411;6.5551;129.5254;4.8549;36.034;1.0619;0.4214;-20.5208;-86.7729;37.8013
5333;74.6111;5.146;73.8222;3.4016;45.4669;1.0796;1.2728;-15.6915;-60.7029;12.7236
5334;91.4796;3.6961;141.1135;5.9125;58.7984;0.9352;1.018;-13.999;-63.7164;13.7803
5335;56.1087;4.074;68.5123;3.4138;53.0558;0.8;1.8534;-5.6154;-22.7761;6.4747
5336;61.0367;5.6597;82.0528;5.141;49.7482;1.3625;1.1924;-22.0148;-70.8293;17.1405
5337;60.7744;7.132;79.0004;5.0267;51.9968;0.8;1.0025;-10.7576;-58.2305;11.9705
5338;55.5725;3.0432;141.0908;7.0958;76.838;1.1933;1.4236;-17.2496;-60.2328;12.5732
5339;63.7506;3.3855;88.4481;6.348;73.7705;1.2796;2.1416;-14.6035;-44.2124;8.9626
5340;83.8744;7.8539;74.7737;3.8057;39.7479;0.9399;0.7087;-15.9975;-74.8647;19.8924
5341;51.031;4.7058;111.7733;2.7033;76.794;1.1923;1.2531;-17.7222;-64.9684;14.2728
5342;77.7007;2.5616;117.9741;5.857;68.8533;1.2134;1.5221;-16.8634;-58.187;11.958
5343;39.3658;5.2709;118.1617;3.6199;55.6298;0.807;0.7668;-12.7057;-68.3281;15.7869
5344;59.8959;9.2162;93.4415;4.0965;49.1429;1.3421;0.5586;-25.9235;-86.1254;36.0372
5345;64.0692;6.5736;106.5702;3.0103;49.8885;1.0681;0.6706;-19.247;-79.072;23.8915
5346;100.1475;5.888;84.9967;5.6185;74.0337;0.8;1.6728;-6.6926;-30.2997;7.1736
5347;65.0536;2.7229;151.9985;3.6303;76.6888;1.0404;1.1342;-15.7555;-63.6637;13.7603
5348;30.3776;7.13;133.1161;4.5474;63.6103;0.8942;0.572;-15.7893;-78.6781;23.4501
5349;34.02;4.3844;131.0933;4.5707;69.032;1.0933;0.906;-18.4031;-72.3766;18.1006
5350;70.6125;7.2867;121.9607;4.8753;74.2306;0.8798;0.8895;-13.6495;-66.3015;14.8375
5351;81.0479;3.3242;113.8752;5.5925;23.4362;0.8809;0.514;-16.2114;-80.5516;25.7091
5352;76.7582;1.714;73.2647;4.2358;48.24;0.8129;1.9478;-5.2452;-20.1303;6.2602
5353;73.0163;4.0968;117.1547;3.4879;64.6135;1.046;1.0929;-16.2438;-65.1707;14.3557
5354;90.9207;3.0318;102.8978;1.8107;71.2289;1.1096;1.8413;-13.2153;-44.6895;9.0399
5355;60.2874;5.6483;137.1412;4.7539;58.4207;0.9994;0.709;-17.2881;-76.3523;21.1437
5356;86.1084;8.3111;122.367;4.3645;54.2741;0.9429;0.6001;-16.6363;-78.7835;23.5666
5357;40.6237;5.4668;114.7511;3.5343;78.7447;1.0195;1.0181;-16.0134;-66.7143;15.0215
5358;53.7109;7.2579;65.6353;4.6938;50.0594;1.2354;1.383;-17.998;-62.683;13.3987
5359;37.4733;3.9689;97.7996;5.884;44.9342;0.8122;0.9911;-11.4326;-59.3228;12.2919
5360;65.0528;6.1031;86.9816;6.2678;60.1832;0.8;1.1848;-9.8262;-50.6318;10.128
5361;69.1673;6.7693;106.5124;2.2973;51.9791;0.8;0.8123;-12.6744;-66.1539;14.7728
5362;72.0538;5.6152;90.1327;4.0587;66.8084;0.8;1.5786;-7.5721;-34.2239;7.6015
5363;71.1139;4.2787;93.3339;6.0415;55.4546;0.8165;1.6001;-7.8943;-34.6757;7.6541
5364;53.304;5.012;112.1603;6.9941;72.8566;1.2564;1.2055;-19.8484;-68.0161;15.6328
5365;66.5757;5.5372;89.7597;3.3741;41.0517;0.8;0.9399;-11.4113;-60.8371;12.7672
5366;43.046;2.9517;103.0865;6.6675;55.957;0.951;1.5049;-11.4942;-47.2513;9.4789
5367;94.5381;6.4415;68.3962;2.5749;64.335;1.1426;1.7455;-14.3127;-49.0794;9.8192
5368;64.5347;8.1825;81.2126;6.3224;38.891;1.0024;0.6698;-17.5793;-77.7245;22.4462
5369;61.2;4.0366;117.8227;4.1774;64.6134;1.1906;1.4128;-17.1413;-60.4468;12.6412
5370;98.6009;5.5414;73.5248;6.9442;84.0505;0.8904;2.5922;-3.7329;-2.961;5.1526
5371;47.6396;5.8182;136.5378;3.904;53.3082;0.9061;0.5849;-15.9576;-78.4822;23.2365
5372;49.7394;5.2607;127.5834;4.1352;81.3445;0.925;1.0891;-13.3138;-60.7549;12.7404
5373;50.268;4.5121;93.5141;4.3999;46.4257;1.117;1.0146;-18.1759;-69.7236;16.5145
5374;68.7783;7.1946;200.0;2.2944;62.9994;1.7264;0.535;-34.1903;-89.6699;48.402
5375;77.7694;3.9464;136.4483;1.9563;80.1155;0.9985;1.1803;-14.4123;-60.5957;12.689
5376;83.3142;1.7047;78.8739;5.3652;61.9559;0.9538;2.7961;-2.975;-2.2827;5.1168
5377;116.2959;6.7849;120.5077;6.0827;14.983;0.8248;0.2577;-16.3374;-89.5861;48.0129
5378;30.0;5.3438;101.6602;5.5114;38.0485;1.4163;0.6628;-26.6432;-84.4015;32.0545
5379;80.9572;6.8339;82.3511;2.719;58.3328;0.9256;1.0233;-13.4945;-63.1472;13.5675
5380;59.9716;2.314;76.5308;5.3203;37.5436;0.8838;1.4215;-9.7873;-46.3836;9.3255
5381;59.4445;1.3546;128.2387;3.1147;16.6361;0.9589;0.3473;-18.6696;-87.9265;41.413
5382;58.8441;7.911;86.115;5.2115;55.6209;1.4398;0.8657;-26.0516;-79.9588;24.9486
5383;53.6421;2.3731;97.4853;6.2969;39.966;0.8938;1.2914;-11.1432;-51.8386;10.3818
5384;100.3214;6.4422;79.433;5.1512;60.7746;0.995;1.4532;-12.461;-51.3167;10.2705
5385;85.1614;6.5712;82.9411;6.8028;34.1955;0.8;0.8454;-11.9133;-64.777;14.1953
5386;70.4175;5.5987;96.8766;4.375;60.8822;1.2166;1.4206;-17.673;-61.0771;12.8459
5387;94.3183;2.2656;110.1911;4.275;72.731;0.9444;2.744;-4.3759;-3.1436;5.1623
5388;42.7745;5.297;60.0;4.701;65.4646;1.2001;2.3876;-11.4887;-33.6834;7.5396
5389;46.0473;7.2842;100.4239;2.586;86.9053;1.1352;1.3399;-16.2912;-60.6535;12.7076
5390;30.7966;3.8192;82.9833;3.9956;76.3421;1.0323;1.7316;-11.809;-44.0835;8.9419
5391;57.4105;3.7549;141.9906;4.1273;68.4673;0.914;1.1929;-12.747;-56.4942;11.4927
5392;72.9106;3.9131;200.0;4.174;61.6566;1.0128;0.726;-17.6884;-76.1052;20.9251
5393;71.8515;1.8978;91.4096;5.0024;64.133;0.8;2.0552;-5.0432;-14.3668;5.8389
5394;72.6882;7.3204;65.0147;2.3795;61.9921;1.046;1.3324;-14.5305;-57.5391;11.7756
5395;44.601;7.0505;102.965;2.8816;54.2437;1.117;0.6293;-20.6487;-81.2202;26.6243
5396;84.4568;9.6271;94.9939;6.2981;28.1287;1.0165;0.4948;-19.0348;-83.7739;30.8145
5397;74.3133;4.7478;163.6955;1.5891;74.2031;1.0072;0.8514;-16.8857;-71.8254;17.7465
5398;83.195;5.9324;151.6867;5.5246;67.1904;0.8858;0.8727;-13.9789;-67.1602;15.2254
5399;35.9303;2.694;124.1529;4.0397;75.4347;0.9684;1.3765;-12.3133;-52.6208;10.5532
5400;75.6068;5.2979;86.3576;4.8402;64.8149;0.803;1.5704;-7.1194;-34.8124;7.6702
5401;48.6202;5.1737;118.4643;6.9371;45.7763;0.8966;0.6695;-15.3891;-75.111;20.0892
5402;62.8482;7.4369;106.8496;4.4032;82.2865;1.5113;1.0409;-26.0956;-77.0413;21.7783
5403;79.6186;6.6456;106.2188;5.5381;37.0265;1.0179;0.5984;-18.4785;-80.4058;25.5177
5404;71.6397;7.9771;67.7357;4.6879;49.2074;1.102;0.9297;-18.0241;-71.877;17.7791
5405;54.6723;7.0466;130.4016;4.4359;67.0883;0.9948;0.8045;-16.7871;-73.041;18.5467
5406;70.1129;7.045;102.7319;4.2502;53.1416;1.0132;0.9055;-16.1788;-70.2098;16.7841
5407;42.4324;1.7302;97.5105;5.6516;73.8682;1.0272;2.162;-9.7026;-29.8456;7.1271
5408;90.7048;6.7994;86.0674;3.5026;66.4606;0.9529;1.6733;-10.3919;-41.4684;8.5424
5409;66.3049;4.8909;82.0038;2.902;84.9442;1.126;1.9622;-11.5727;-41.9121;8.6076
5410;90.1339;3.5812;108.2545;4.7117;62.6159;0.8666;1.3823;-10.4584;-46.8333;9.4044
5411;60.5224;1.6585;64.5784;4.8892;59.7746;0.8;3.3211;4.4535;38.3807;3.6132
5412;60.5756;5.3702;121.82;1.8638;39.8994;1.0401;0.5394;-19.3708;-82.7139;28.9249
5413;56.2446;3.3161;76.8337;4.5843;50.6974;1.2506;1.7757;-15.8543;-52.6735;10.5649
5414;85.7711;4.0508;60.0;2.7597;71.7763;0.8782;2.7831;-3.0041;5.6322;4.7334
5415;57.2302;5.3995;157.692;5.5403;60.126;1.1698;0.7452;-20.8353;-78.7672;23.5485
5416;81.6027;7.5778;80.6927;1.8945;87.6307;1.144;1.7081;-13.5496;-50.228;10.0458
5417;63.1159;6.5929;83.4819;7.4876;56.0151;1.3662;1.1357;-22.6392;-72.2903;18.0442
5418;34.4327;3.9556;132.7948;4.0927;56.5842;1.4517;0.7772;-26.6352;-82.155;28.0191
5419;59.7343;3.6194;158.9799;3.3026;60.9811;1.123;0.8907;-19.1778;-73.5631;18.913
5420;48.7761;2.8864;68.1642;4.1755;41.5374;0.9763;1.32;-13.1084;-54.9317;11.0943
5421;70.6102;3.5398;78.7382;5.4344;52.4835;0.8;1.7485;-6.3396;-27.1448;6.8629
5422;48.5727;2.124;80.1982;5.9357;72.5344;1.2157;2.5496;-10.7569;-30.0902;7.1521
5423;86.6676;8.6138;126.3266;4.1885;68.9252;1.2539;0.7558;-22.7465;-79.9083;24.8859
5424;68.3606;4.677;150.6491;2.442;72.3806;0.9498;1.0432;-14.3477;-63.3888;13.657
5425;66.8033;2.2422;76.3331;2.7816;53.2324;1.0729;2.0424;-9.7696;-36.5487;7.8801
5426;81.8061;3.4396;142.4308;5.0296;50.1627;0.8144;0.8461;-12.6965;-65.3675;14.4373
5427;87.3503;4.5117;83.7563;6.081;63.3385;0.8872;1.7212;-7.9244;-35.3359;7.7323
5428;69.6382;4.4266;108.7662;6.2762;34.9167;0.8;0.6892;-13.2836;-71.2843;17.4121
5429;56.1184;1.4183;72.7702;4.8521;72.363;1.0553;2.9245;-4.3333;-7.6227;5.4126
5430;38.0685;8.1919;96.9977;6.0509;55.7224;0.9232;0.6834;-15.8059;-75.3263;20.2645
5431;57.6511;3.0583;97.2604;7.4685;47.5448;1.2839;1.2123;-20.3366;-68.526;15.8861
5432;58.8902;1.12;92.4234;6.3855;72.2054;1.0481;2.314;-8.4072;-26.4043;6.7939
5433;71.927;1.8474;110.1026;5.9831;57.6991;1.0732;1.517;-14.2926;-52.8797;10.6111
5434;63.7874;4.7163;77.7433;3.3902;55.2126;1.0023;1.6572;-11.9164;-44.885;9.0719
5435;82.3828;2.309;80.1772;6.0439;70.271;1.3716;2.5068;-14.3044;-39.0766;8.207
5436;58.9663;1.4955;111.5684;5.2918;78.666;1.337;2.1148;-16.2713;-47.2777;9.4837
5437;68.9733;3.577;139.8652;5.576;46.518;0.9663;0.8511;-15.7025;-70.6403;17.0301
5438;91.3118;4.9914;99.4313;6.4917;89.4586;1.0615;2.1097;-9.7816;-33.7514;7.5473
5439;76.1529;2.1298;113.4189;5.1378;64.3161;1.327;1.5275;-19.6424;-61.6307;13.0312
5440;68.9193;3.2425;120.8669;4.4462;72.2059;0.8;1.3897;-9.0362;-42.0965;8.6351
5441;59.165;3.7775;123.0753;2.9952;72.6808;1.0623;1.588;-13.0264;-50.1682;10.0338
5442;58.6018;2.4461;78.7902;4.1552;46.2542;0.9324;1.5001;-11.436;-46.3703;9.3232
5443;54.689;4.2688;82.345;4.9193;64.9185;1.3425;1.5905;-19.7439;-60.5073;12.6606
5444;60.2619;1.9226;84.1543;5.0164;76.4836;1.112;2.7786;-5.8385;-16.7046;6.0027
5445;83.602;1.5511;161.9566;4.9658;83.2334;0.8;1.6601;-6.7603;-30.8299;7.2286
5446;66.006;4.3493;113.5472;6.0393;45.1297;0.9202;0.8558;-14.5975;-69.0013;16.1297
5447;45.7041;2.9264;112.2804;5.898;70.9774;1.3241;1.4746;-19.5298;-62.878;13.4691
5448;101.827;2.005;109.5881;4.5069;60.2516;1.1953;1.7166;-14.9331;-52.1296;10.4449
5449;75.7594;3.8105;71.8781;3.3291;64.7135;0.8118;2.1412;-4.2207;-12.0825;5.6872
5450;44.675;7.6245;162.344;5.175;76.3136;0.8222;0.6327;-13.9958;-74.3497;19.493
5451;62.0467;5.7173;112.7268;7.9695;55.6895;1.0157;1.0156;-16.1488;-66.6707;15.0018
5452;71.996;6.4984;119.8164;5.0819;68.0319;0.9892;1.0136;-15.4464;-65.8427;14.6382
5453;100.6827;7.0815;64.3148;4.1561;64.559;0.95;1.6725;-11.0504;-41.3127;8.5197
5454;50.054;8.6508;121.5203;5.4038;43.5745;0.9225;0.4827;-16.9682;-82.5576;28.6658
5455;87.5687;6.0321;91.4797;5.4936;65.3274;0.8891;1.4891;-10.1007;-44.1719;8.9561
5456;95.1908;4.897;71.8424;5.477;57.385;1.57;1.7834;-23.0173;-62.1369;13.2055
5457;58.6842;3.5039;78.7855;6.6593;63.9779;0.9295;2.0045;-7.6604;-28.1117;6.9552
5458;65.0048;2.577;72.8896;5.1791;76.0748;0.8765;3.0782;0.5324;17.0628;4.2712
5459;51.3464;5.4352;72.5825;6.5881;54.1861;1.1065;1.5516;-14.2704;-53.2582;10.6971
5460;66.3377;9.4205;101.5252;4.9454;64.6682;0.9799;0.7378;-16.6902;-74.9026;19.9224
5461;69.3414;4.0485;90.7837;6.8687;85.1738;0.8317;2.4068;-3.4189;-3.5349;5.1832
5462;81.8737;5.7134;108.7104;6.4101;71.4664;0.9512;1.2394;-13.0643;-56.5693;11.5126
5463;89.6233;4.2055;152.0431;5.9827;67.4957;0.9881;0.9669;-15.3583;-67.3816;15.3287
5464;56.5343;3.8537;96.8143;5.7838;76.2259;1.0899;1.6296;-13.8728;-50.1598;10.0321
5465;34.5881;3.7378;60.0;8.0523;57.9513;1.0646;2.4931;-6.8072;-21.9416;6.4055
5466;69.6176;4.2604;94.1304;6.2149;65.5254;0.8162;1.5019;-8.6405;-38.6624;8.1516
5467;75.2837;3.5114;134.7632;3.326;74.4689;1.1295;1.2983;-16.631;-61.6826;13.0489
5468;74.4895;5.9126;97.8744;4.9689;78.6667;1.1953;1.5116;-16.2874;-57.8466;11.8614
5469;64.1199;7.1085;146.57;4.2029;84.0079;0.8064;0.783;-12.7173;-67.6356;15.4491
5470;72.2455;7.2093;111.9896;7.6967;45.979;0.8561;0.8728;-13.0157;-66.0192;14.7142
5471;97.278;2.8255;63.1557;6.4772;61.573;0.9655;2.7762;-3.9215;-4.1547;5.2167
5472;76.8712;7.369;102.7774;7.6479;49.9726;1.0449;0.8347;-17.2881;-73.3736;18.7783
5473;63.2794;3.3828;107.7076;3.46;46.0821;1.0529;1.0313;-16.6007;-67.3499;15.3139
5474;60.9964;3.2228;131.0081;6.2525;45.3341;0.9915;0.9396;-15.3541;-68.4127;15.8291
5475;66.9427;5.7373;157.603;2.5532;39.3187;0.8;0.617;-13.642;-74.293;19.4499
5476;99.4613;3.2002;125.4744;2.2118;50.4786;1.2244;1.0233;-20.0393;-72.1394;17.9465
5477;66.7006;1.6216;111.6412;4.0046;58.4235;0.8201;1.681;-7.4229;-31.6748;7.3179
5478;69.6437;3.546;118.4176;6.8686;37.8338;1.3101;0.7909;-23.7769;-79.878;24.8485
5479;61.3184;5.6962;95.8868;3.1111;42.9336;1.263;0.8503;-22.0123;-77.5587;22.2803
5480;89.7817;3.3099;69.3697;4.5748;63.3185;0.8004;2.2394;-2.5089;-6.7312;5.3608
5481;105.2771;5.0367;101.0428;6.3833;84.609;1.073;1.7902;-11.6648;-44.39;8.9912
5482;78.111;5.2458;109.5622;5.8696;64.9084;1.3129;1.1886;-21.0619;-69.8222;16.5685
5483;71.4899;5.7921;74.0141;7.9243;52.001;1.125;1.3709;-15.6046;-59.3802;12.3093
5484;70.6621;7.3845;139.3273;4.6051;72.4484;0.8;0.7888;-12.2041;-67.1313;15.2121
5485;30.0;3.8572;128.5764;3.9376;66.3066;0.9925;1.3607;-12.8118;-54.3008;10.9411
5486;83.4127;2.4882;70.9681;2.9583;77.3332;1.1815;2.9311;-8.0968;-17.304;6.0462
5487;72.415;3.2701;140.6998;4.048;78.1227;1.3996;1.2678;-22.9586;-69.8067;16.56
5488;77.7102;3.855;92.5817;2.9446;80.4976;0.9732;1.9306;-8.5566;-33.8773;7.5617
5489;57.1937;5.6381;82.3145;1.9053;37.9907;0.8;0.8126;-12.4408;-66.141;14.7671
5490;63.0798;1.0583;130.9728;7.5451;46.8353;1.549;1.1414;-26.7337;-75.439;20.3575
5491;62.6016;3.2546;98.7318;4.6734;45.1474;0.9758;1.2318;-13.3188;-57.9216;11.8826
5492;88.3892;6.1737;160.7687;8.4872;54.5352;1.335;0.8304;-24.3012;-79.2657;24.1147
5493;63.1823;5.3215;80.7977;3.3411;66.9586;0.9497;1.454;-11.5527;-48.966;9.7974
5494;107.4879;5.7763;64.8616;3.9568;49.0306;1.1162;1.4942;-15.0009;-55.3791;11.2055
5495;77.7555;6.4624;93.2292;3.4369;73.9109;0.8719;1.3346;-10.1582;-48.9754;9.7992
5496;47.0377;6.2033;121.8116;3.6389;33.1953;0.8753;0.3937;-16.6697;-85.0052;33.3448
5497;67.6862;5.4027;79.3116;5.9104;88.6463;1.4361;2.2304;-16.5031;-48.2306;9.6582
5498;58.2698;3.8957;71.7111;5.4495;38.6635;1.2068;1.1163;-19.3639;-69.1647;16.2152
5499;30.5011;8.9556;105.8901;5.9131;29.2325;0.9944;0.3192;-19.6527;-89.3006;46.7316
5500;98.7905;4.6468;69.3557;6.6134;63.5677;1.2055;2.5019;-10.2616;-30.8219;7.2277
5501;82.6566;2.6945;107.9689;6.261;39.7219;0.8732;0.9438;-12.9951;-63.9733;13.8786
5502;79.5977;3.1423;91.8369;3.0873;58.3667;1.0003;1.5142;-12.7574;-49.5413;9.9091
5503;72.9773;5.4858;113.1582;3.8143;58.2593;1.0207;1.0341;-15.9793;-66.2276;14.805
5504;45.1237;7.7629;70.7543;4.7822;45.0812;0.8593;0.8255;-13.7093;-67.9747;15.6127
5505;61.2949;2.5602;138.3395;10.1918;51.1863;0.837;1.0422;-11.7118;-58.496;12.047
5506;85.1521;1.8985;95.5273;5.7586;46.285;0.8;1.6007;-7.1124;-33.3059;7.4969
5507;51.078;7.1932;121.0315;4.76;59.2108;0.8241;0.7085;-13.4479;-71.34;17.4459
5508;30.0;7.6264;127.121;5.6099;66.3378;1.4413;0.6203;-27.4629;-85.6539;34.8528
5509;65.9121;3.0631;74.8742;3.6953;71.6459;0.8;2.3024;-3.1752;-4.0655;5.2119
5510;67.4484;3.5649;124.678;4.9936;65.9844;0.9931;1.207;-14.1752;-59.4871;12.3418
5511;72.4401;5.2463;70.0286;6.032;46.2182;1.031;1.5935;-12.5059;-48.4797;9.7049
5512;83.1133;3.3247;70.9969;4.5565;53.3424;0.9513;2.6875;-4.4251;-5.8272;5.3094
5513;81.4769;7.1419;163.3949;3.4652;69.977;1.1911;0.6406;-21.9289;-82.0718;27.8889
5514;74.6579;2.0984;132.0438;4.4832;82.4433;0.9465;1.8471;-9.249;-34.9465;7.686
5515;91.5196;1.4498;167.9366;4.1206;53.8337;1.2101;1.0004;-19.867;-72.443;18.1442
5516;42.6585;2.7252;91.16;2.5643;70.3265;1.1161;1.818;-13.6707;-45.7018;9.2084
5517;79.0825;3.1098;102.5938;3.7427;59.6946;0.8;1.6077;-7.695;-33.0117;7.464
5518;81.2777;2.1377;114.0924;2.5108;58.1169;1.2615;1.6512;-16.9025;-56.3702;11.4601
5519;47.6879;1.7491;99.6956;2.7448;59.7858;0.9392;1.4988;-11.3659;-46.8027;9.399
5520;42.9483;5.9686;82.983;2.8886;84.7045;0.8;1.5283;-8.1362;-36.3212;7.8519
5521;56.573;2.4752;79.9298;6.0302;70.8863;1.0988;2.205;-9.3924;-33.1122;7.4752
5522;58.0923;7.6075;105.4921;6.8337;47.9599;0.9442;0.6421;-16.7038;-77.331;22.0566
5523;83.5616;3.5171;76.5891;2.2959;51.1964;1.385;1.4859;-20.5778;-64.2406;13.9823
5524;58.9383;5.3198;76.0548;6.9703;80.2669;1.245;2.603;-11.1671;-30.307;7.1743
5525;54.5857;2.8137;110.3396;2.9101;80.007;0.8349;1.6086;-8.7129;-35.7751;7.7851
5526;58.9906;2.8891;97.6491;5.7203;55.539;1.209;1.3268;-18.1537;-63.4193;13.6684
5527;90.1354;4.6819;126.4026;4.9878;73.6874;0.87;1.6036;-9.9304;-38.5639;8.1385
5528;70.2348;4.5947;89.922;5.5538;75.12;0.8;1.854;-6.1396;-22.7482;6.4723
5529;66.7735;6.0783;86.4751;2.8514;58.0715;0.8843;1.1282;-12.1936;-57.4765;11.7582
5530;68.0199;5.9868;111.1698;1.8815;44.0552;0.8;0.692;-13.0909;-71.1682;17.3419
5531;93.2571;5.3203;81.6273;3.3956;63.0587;0.9973;1.5699;-12.0425;-47.5272;9.5288
5532;56.5149;3.9475;84.8291;5.2403;63.3604;1.4712;1.9049;-20.1364;-56.8412;11.5851
5533;93.6791;7.3033;85.6746;7.5354;79.3492;1.0159;1.6349;-11.342;-46.3555;9.3206
5534;73.7889;4.9902;94.8925;3.0554;65.8608;1.0967;1.3622;-15.2793;-58.5972;12.0765
5535;67.1125;9.1927;155.7542;4.4517;55.8211;0.8182;0.4354;-15.0466;-82.2638;28.1909
5536;115.0162;6.5342;70.8789;3.4764;61.5707;0.8976;1.6397;-9.5752;-39.1045;8.2108
5537;50.9985;1.5258;138.2477;4.5742;65.0524;1.1152;1.1961;-16.6484;-64.2485;13.9854
5538;63.6337;3.2784;120.2553;1.7038;69.2037;0.9864;1.3586;-13.1186;-54.0865;10.8901
5539;47.8162;4.6642;147.956;6.8471;62.1435;0.8658;0.878;-13.4034;-66.1953;14.7908
5540;87.1443;5.6962;200.0;4.6361;77.0206;1.2221;0.7615;-21.8353;-79.2284;24.0714
5541;100.4054;4.5317;143.027;5.9757;67.9345;1.0285;1.1603;-15.0093;-62.3962;13.2965
5542;100.0586;6.2287;126.0384;4.2517;78.1337;1.5083;1.1941;-25.438;-73.6122;18.9481
5543;92.0311;3.0932;72.0274;4.8859;77.7644;1.141;2.7778;-7.519;-18.8448;6.161
5544;66.4428;2.59;74.3374;6.2933;62.6159;0.8;2.1467;-3.6607;-10.5524;5.5899
5545;63.4257;1.6316;109.4226;4.7976;66.4908;1.0234;1.7461;-11.2881;-43.1276;8.7916
5546;39.9189;4.6732;65.4084;4.8516;60.9548;0.8;2.3066;-2.8588;-3.8918;5.2025
5547;106.6457;5.4494;116.6327;3.4091;69.5477;1.4933;1.2158;-25.0724;-72.8608;18.4235
5548;78.4416;3.3059;60.0;3.7984;35.465;0.8206;1.7051;-7.2214;-30.7331;7.2185
5549;61.1448;4.9308;133.3835;3.0808;88.1943;1.2496;1.7696;-16.2472;-52.7968;10.5925
5550;93.905;1.613;92.2724;3.493;82.7958;1.2103;2.7843;-9.0057;-23.317;6.5204
5551;52.4902;2.0356;103.2155;6.4768;66.1074;0.8724;1.998;-6.3584;-23.6594;6.5496
5552;77.3192;5.5465;82.9367;7.3129;37.2208;1.0679;0.9856;-17.0102;-69.2357;16.2526
5553;66.8927;3.5175;62.2114;2.7291;69.2157;1.0525;2.8995;-5.536;-8.1698;5.4448
5554;81.4962;5.3249;136.1618;5.1928;62.4283;1.1812;1.0444;-19.0496;-70.5273;16.9648
5555;68.8557;6.6548;139.6439;4.1235;61.1639;1.036;0.7096;-18.3926;-77.1679;21.899
5556;43.8833;6.8694;91.5878;6.6955;67.5525;0.8749;1.2336;-11.7815;-53.0029;10.639
5557;71.3604;2.5221;117.9962;4.8023;54.4532;1.1187;1.3111;-16.0067;-60.9339;12.7988
5558;88.8796;4.1552;90.69;4.5888;73.142;1.1194;1.9473;-12.4434;-42.0168;8.6232
5559;69.4741;5.7936;107.4787;3.4828;58.2488;0.8301;0.9432;-12.3024;-62.1253;13.2014
5560;83.9521;6.1231;120.8989;2.3023;60.0902;0.8;0.9194;-11.8295;-61.6926;13.0523
5561;51.1805;6.2159;114.8861;5.7414;71.6618;1.1256;0.9376;-18.7571;-72.2326;18.0067
5562;69.5273;2.8279;139.8279;5.1295;58.3366;1.0775;1.0605;-16.6475;-67.1944;15.2413
5563;58.7588;2.6384;113.851;5.1662;47.4322;1.0902;1.1472;-16.9326;-64.9224;14.2541
5564;83.4457;4.7785;100.7046;3.701;60.278;1.3019;1.325;-20.5477;-66.0745;14.7382
5565;70.5668;5.8506;82.6666;4.3813;71.5794;1.1915;1.6013;-15.7802;-55.2025;11.1613
5566;82.4213;3.2712;88.7252;5.7866;55.2849;1.2952;1.5791;-18.1161;-59.3605;12.3033
5567;89.5788;2.0769;122.4476;6.0732;59.2184;1.1695;1.4815;-15.6199;-57.7743;11.8411
5568;82.4491;5.6599;68.6976;2.8323;32.4213;1.0292;0.9001;-16.8969;-70.8477;17.1513
5569;74.9161;3.1758;131.8443;3.65;57.2422;0.8;1.1263;-10.3354;-53.069;10.6539
5570;52.0322;2.4877;93.2127;2.5152;67.1386;1.361;1.7222;-18.4808;-57.8221;11.8545
5571;69.9499;2.3731;81.4931;4.9019;58.5056;0.959;1.8234;-9.5509;-36.6194;7.8888
5572;60.4044;3.2503;75.9814;5.9265;61.5983;0.8859;1.8498;-7.4174;-30.398;7.1837
5573;63.8068;4.7955;118.3637;4.1819;54.6924;1.1359;0.9828;-18.7055;-71.1597;17.3369
5574;63.2584;3.4681;99.6346;3.6057;52.8635;0.8;1.1595;-10.0202;-51.6874;10.3493
5575;52.3613;1.2005;148.764;4.097;64.277;0.8626;1.1336;-11.5237;-56.1932;11.4138
5576;34.7679;2.0171;72.9228;8.0595;42.3901;0.8817;1.5324;-9.6579;-42.0692;8.631
5577;57.9734;3.1311;86.542;6.3879;75.5473;0.8767;2.1848;-5.267;-16.9325;6.0192
5578;73.4808;5.2429;97.7208;5.6965;54.9294;1.4726;1.2581;-23.8636;-71.5222;17.5575
5579;45.7328;2.0296;82.8644;5.0801;49.7958;0.9837;1.5496;-12.1159;-47.4897;9.5219
5580;70.2823;4.5948;100.1531;4.5809;70.4352;0.88;1.7055;-8.3755;-35.3999;7.7399
5581;104.2048;2.1874;108.3152;3.2401;81.1544;0.9904;2.2989;-7.6003;-22.6265;6.4622
5582;88.415;2.7418;112.8762;3.0075;38.9788;1.1862;0.9125;-20.2071;-74.3585;19.4996
5583;99.5837;2.5222;145.7236;3.7481;48.9532;0.8;1.1343;-9.9046;-52.738;10.5793
5584;77.0403;1.7636;72.19;3.1693;59.7905;1.0231;2.4646;-7.1354;-19.706;6.2271
5585;91.0152;5.3249;108.8108;3.6883;41.6083;0.9134;0.7212;-15.3459;-73.6799;18.9969
5586;56.9686;4.0264;85.0666;4.4472;74.2763;1.0554;1.7768;-11.8027;-43.883;8.91
5587;58.4019;6.6481;111.3495;4.562;32.5773;0.8;0.5251;-14.3941;-78.1195;22.8514
5588;30.0;2.0325;111.3862;3.6694;64.9595;0.9647;1.455;-12.0661;-49.7258;9.9455
5589;91.3506;2.354;78.1352;5.3428;51.8295;0.973;2.2579;-7.0075;-22.6508;6.4642
5590;97.7258;3.2088;79.8286;4.3165;92.9794;0.8;4.0491;8.2741;68.7144;2.9636
5591;60.0428;6.0541;113.6452;4.922;65.8545;1.4519;0.9788;-25.9248;-77.5271;22.249
5592;65.4289;3.2054;100.5868;3.4831;40.5829;1.0865;1.1842;-16.2754;-63.6689;13.7623
5593;56.4305;3.7278;94.6575;5.6393;46.2779;1.2023;1.0221;-20.0332;-71.6644;17.6457
5594;76.8878;3.1851;117.88;3.7977;76.2231;0.9316;1.5157;-10.929;-45.7689;9.2198
5595;90.2488;1.8803;120.073;7.0128;59.2682;1.0439;1.4746;-13.5768;-52.9141;10.6189
5596;38.6301;7.9931;87.5984;4.2625;73.397;0.8;0.9547;-11.6661;-60.2217;12.5697
5597;77.3699;4.5208;80.8145;4.458;53.8129;0.8798;1.44;-10.239;-45.4458;9.1652
5598;65.0199;6.2438;72.9439;5.4904;52.6386;0.8355;1.1451;-11.0427;-54.3135;10.9441
5599;72.0411;5.2335;100.8399;5.8178;71.8138;1.0611;1.5331;-13.6994;-51.8379;10.3816
5600;78.2619;4.3165;70.062;5.9794;87.6358;1.4069;2.7292;-12.9469;-35.3369;7.7324
5601;66.6124;1.9594;102.5169;7.2634;90.8813;1.198;3.2854;-5.8537;-8.5908;5.4699
5602;68.1354;5.1258;135.5553;5.5928;82.7042;1.4367;1.1081;-24.4197;-74.2903;19.4479
5603;66.1502;2.4209;91.5427;4.4995;44.8278;1.1721;1.354;-16.9413;-61.4911;12.984
5604;87.4657;3.7595;87.4545;3.8055;56.6189;1.0877;1.416;-14.9529;-56.6034;11.5216
5605;77.5377;5.0337;164.7833;4.3993;79.5203;0.8315;1.1172;-10.9928;-55.2131;11.164
5606;73.9705;6.1945;145.8525;6.826;62.2999;1.0668;0.7578;-18.3879;-76.3215;21.1162
5607;47.1229;5.4235;82.6009;2.5196;64.8821;0.9095;1.6352;-9.9737;-40.071;8.3432
5608;63.1856;5.3263;103.5364;3.3715;55.4417;1.1811;1.0273;-19.4939;-71.0056;17.2447
5609;86.176;2.3814;108.564;4.2715;78.3737;0.8;2.0238;-5.1061;-15.6733;5.9293
5610;70.6785;3.4059;105.2234;3.3515;77.1075;0.9786;1.5827;-11.8388;-46.09;9.2747
5611;81.8716;1.5095;157.4076;3.9868;39.9799;1.0035;0.7701;-17.1715;-74.4204;19.5468
5612;101.7972;5.6809;102.2047;7.3094;56.6679;1.4295;1.3264;-22.4491;-69.071;16.1661
5613;88.6949;8.2243;106.1103;4.1529;35.3549;0.815;0.4435;-15.0839;-81.8612;27.5653
5614;71.6769;3.0045;118.7874;5.2175;28.7791;1.2632;0.6884;-23.1801;-81.8333;27.5229
5615;60.8022;1.9432;134.6461;2.1127;49.1259;1.179;0.9508;-19.6558;-73.1175;18.5995
5616;30.0;4.0945;126.3929;2.9463;34.355;0.9501;0.4464;-17.9805;-84.3403;31.9291
5617;66.9691;6.913;114.3989;5.999;66.4872;1.0854;1.2577;-16.0503;-61.3745;12.9448
5618;64.1318;4.5416;67.7277;7.102;61.3313;0.9513;1.829;-9.4684;-35.9116;7.8017
5619;77.0266;1.554;88.5118;4.9321;63.4385;1.0029;2.1319;-8.4453;-29.1429;7.0565
5620;67.2297;8.692;122.7347;4.141;56.4777;1.1625;0.5523;-21.996;-84.1631;31.5718
5621;64.2331;6.6244;106.4601;5.3442;71.0784;1.6635;1.2447;-28.5437;-75.0577;20.0463
5622;37.9708;2.2679;122.9407;0.7038;71.3914;1.2127;1.4404;-17.5428;-60.406;12.6282
5623;53.0806;7.7196;160.2863;4.9437;74.0721;1.0508;0.6613;-18.6387;-79.0203;23.8326
5624;78.5797;3.9561;74.5097;3.0308;53.6102;1.3294;1.7004;-17.8948;-57.3636;11.7271
5625;100.8863;3.5371;132.9067;5.7911;59.5759;0.8;1.1985;-9.8581;-50.0644;10.0129
5626;68.2445;4.0134;92.0728;1.3116;60.6777;0.9223;1.6;-9.7664;-42.172;8.6463
5627;75.9006;6.6832;126.3439;3.6574;52.688;1.0135;0.6511;-18.2059;-78.5875;23.3508
5628;87.1446;5.2414;98.9748;4.5385;80.8835;0.8124;1.6228;-7.0624;-33.4178;7.5095
5629;55.4039;1.6862;170.191;3.4573;57.0687;0.8974;0.8571;-14.0794;-68.1654;15.7062
5630;76.6027;8.3209;103.3056;4.0368;62.5615;0.8;0.7481;-12.4964;-68.8276;16.0398
5631;56.6712;2.3735;85.2034;5.9567;50.554;0.8;2.1602;-4.088;-9.992;5.5551
5632;85.5668;5.8866;111.0676;4.5633;32.5907;0.9522;0.5079;-17.52;-82.221;28.1231
5633;72.7253;5.081;108.4355;3.2041;52.8973;0.8285;0.9589;-12.3891;-61.4194;12.9599
5634;75.3721;2.6104;132.913;6.0106;83.2153;1.0878;1.6908;-13.2633;-48.1887;9.6504
5635;55.9132;2.5137;111.8528;4.9765;73.4089;1.055;1.741;-11.9996;-44.9935;9.0898
5636;82.7266;7.0635;185.6636;5.0387;46.1449;1.074;0.4016;-20.9296;-87.5369;40.1184
5637;107.5248;3.7879;97.2533;3.2612;50.4975;0.904;1.2464;-12.0203;-54.0433;10.8798
5638;51.8576;5.2072;97.5403;0.7786;35.1152;1.2417;0.5871;-23.4985;-84.2405;31.7269
5639;63.8843;4.2572;85.9872;3.2408;45.7201;1.1053;1.1747;-16.9874;-64.5752;14.1144
5640;74.1689;5.7419;102.1648;3.0882;84.4261;1.0459;1.661;-12.2736;-47.0644;9.4454
5641;84.1553;4.1152;105.9466;3.6801;45.3787;1.0477;0.9246;-16.8955;-70.5812;16.996
5642;59.9282;3.116;107.2833;3.3372;76.4331;0.9593;1.5427;-11.3769;-46.3962;9.3277
5643;30.0;3.4935;101.6939;4.769;62.1493;1.3017;1.2249;-21.1473;-68.6342;15.9409
5644;94.4654;6.9387;85.8597;5.9213;64.9097;1.2565;1.3617;-19.2268;-63.8757;13.8411
5645;83.6891;4.0523;80.2185;6.2142;31.9239;0.9295;1.0185;-14.2886;-63.4751;13.6893
5646;38.6269;2.7515;91.0471;5.8558;61.1342;1.0335;1.5288;-13.4699;-50.6944;10.1408
5647;59.0638;7.9146;133.0273;3.2536;70.0248;0.9237;0.6362;-16.0122;-77.0418;21.7787
5648;98.2273;6.3222;140.3824;4.6884;42.0944;1.6374;0.759;-30.951;-84.5484;32.3592
5649;96.0603;1.6498;98.0943;6.9477;78.2424;0.9502;2.5966;-4.3937;-8.914;5.4893
5650;86.8955;9.7349;79.0258;2.2229;72.3192;1.2701;1.0147;-21.3668;-73.3691;18.7752
5651;66.83;5.4958;97.9911;6.6223;50.6387;1.7089;1.0036;-31.0212;-80.4236;25.5409
5652;71.4938;2.451;168.694;3.1058;50.7069;1.0654;0.831;-18.2172;-74.002;19.2323
5653;67.6433;2.8733;128.3694;5.0406;46.1483;0.8;1.1042;-10.1436;-53.9896;10.8671
5654;90.3083;5.4776;114.7615;5.2192;40.7258;1.3526;0.8593;-24.2575;-78.8242;23.6119
5655;54.2348;6.173;127.2103;4.8849;47.4416;0.9027;0.5645;-16.2204;-79.1556;23.9872
5656;55.4956;2.8827;146.9823;7.9427;63.4575;0.8716;1.0811;-12.3694;-58.6572;12.094
5657;88.1849;2.9704;74.9599;4.1488;62.8911;1.4274;2.2169;-16.9716;-48.2309;9.6583
5658;69.2015;3.212;90.664;2.1408;40.4216;0.8;1.1584;-10.3339;-51.7333;10.3591
5659;94.8124;4.8297;87.6183;5.1347;61.4456;1.3323;1.7719;-17.7712;-55.6704;11.2791
5660;57.9128;2.5201;115.8098;4.3449;40.2763;0.9562;0.8576;-15.5287;-70.1037;16.7245
5661;69.014;2.0735;104.084;5.4322;69.2665;0.8;1.7967;-6.132;-25.1375;6.6789
5662;53.3966;5.3788;120.8135;5.9231;67.1882;1.1934;0.9434;-19.9746;-73.6483;18.9741
5663;70.1325;6.1672;88.0979;4.5495;70.9357;0.8;1.499;-7.5508;-37.5414;8.0053
5664;43.3862;4.2391;140.9152;5.2545;79.2532;0.9909;1.1539;-14.5839;-61.1828;12.8809
5665;61.2226;3.4958;98.2816;4.8164;51.1928;0.8;1.2713;-9.3605;-47.0287;9.4391
5666;44.1474;3.8543;118.9623;7.2878;52.5293;0.9365;1.2653;-12.4418;-54.9638;11.1022
5667;82.4906;3.6226;134.831;4.0442;57.3985;1.1496;1.0339;-18.6898;-70.0201;16.6778
5668;82.8986;8.3687;132.1518;3.5694;48.1797;1.0882;0.4921;-20.5265;-84.9276;33.1731
5669;38.8553;6.0729;109.4401;5.9211;54.5321;1.0425;0.8184;-17.7124;-73.8307;19.1064
5670;94.0099;2.7231;122.7325;3.2062;75.6655;1.2237;1.637;-16.5235;-55.4067;11.2124
5671;114.9535;3.6007;154.5605;5.1882;58.3194;1.0;1.1123;-14.5399;-62.924;13.4858
5672;70.8281;4.4934;113.7008;4.3456;50.9531;0.9577;0.8996;-15.1345;-68.6868;15.9677
5673;58.4599;4.9269;83.3258;4.448;84.0597;1.0587;1.9754;-11.0958;-37.8059;8.0394
5674;120.838;4.0531;115.6922;8.256;64.5836;0.8761;1.5848;-9.5646;-39.6994;8.2918
5675;46.2586;6.4466;99.0723;6.4511;69.4321;1.1883;1.1364;-19.0105;-68.1231;15.6853
5676;70.3619;6.0688;60.0;6.1324;71.6617;1.0142;2.6102;-5.3576;-14.213;5.8284
5677;73.2332;4.2635;112.2434;5.3959;57.4728;1.1539;1.1778;-17.6499;-65.9766;14.6958
5678;94.2127;6.8887;102.9592;3.5627;43.3227;0.9652;0.6957;-16.5315;-75.972;20.809
5679;76.4753;5.9315;133.5231;4.9922;40.0038;1.1049;0.5627;-20.6583;-83.0244;29.454
5680;61.0246;6.1628;82.901;5.475;55.4051;1.1423;1.4439;-15.4971;-57.865;11.8666
5681;52.8787;8.2973;68.6309;4.8985;82.2289;0.8;1.4541;-8.8546;-39.4122;8.2525
5682;63.8472;3.0157;104.3072;4.7421;77.5563;0.8;1.8701;-5.7069;-22.0784;6.4167
5683;51.8753;3.0214;109.9708;4.0038;44.0464;0.8943;1.0121;-13.1032;-62.2775;13.2547
5684;70.8609;7.2825;102.3736;5.0102;69.9631;0.9741;1.1229;-14.0997;-61.5737;13.0119
5685;59.8445;6.1081;100.5191;3.8116;52.1256;1.2906;0.7954;-23.0513;-79.4548;24.3366
5686;43.1073;7.7899;76.5534;5.6551;67.186;1.095;1.6036;-13.8282;-51.1869;10.2432
5687;92.5926;1.7245;96.5867;1.5763;65.7739;1.1103;1.8851;-12.0494;-43.4062;8.8349
5688;61.0419;5.0246;91.6584;6.6381;72.9717;1.3612;1.8073;-18.7253;-55.7405;11.297
5689;47.1735;2.3534;130.7579;2.6325;64.5923;1.3168;1.0664;-22.2216;-73.0063;18.5229
5690;66.9713;4.2562;109.9473;2.9991;46.4211;0.8173;0.8472;-12.5558;-65.4487;14.4712
5691;71.2307;2.4233;93.2861;5.2133;53.5585;1.2797;1.5955;-18.1897;-58.4399;12.0308
5692;38.5636;2.2441;153.8751;5.4099;28.2794;1.0212;0.4519;-19.3634;-85.2508;33.9001
5693;75.9697;1.0376;93.4983;7.7174;30.9896;0.9021;1.1148;-12.4355;-58.8056;12.1376
5694;51.1512;5.0413;114.9638;5.0444;60.3553;0.943;0.991;-14.4523;-64.9712;14.2739
5695;100.7985;3.4712;95.9128;4.5393;62.9859;0.8824;1.979;-6.7908;-25.244;6.6884
5696;79.4313;2.0806;150.3489;4.8869;55.6187;1.0286;1.3501;-13.9956;-56.2486;11.4282
5697;62.8018;3.2895;102.1952;6.9857;84.8051;0.9835;2.2192;-7.0759;-24.7904;6.6481
5698;56.587;2.5031;102.9531;8.2366;54.0214;1.2804;1.6032;-17.8984;-58.2635;11.9799
5699;68.1106;8.0309;96.5637;4.3228;64.4245;1.472;0.8445;-26.6174;-80.8761;26.1453
5700;81.0302;3.2754;105.0355;5.4142;36.1901;0.9222;0.9259;-14.5159;-66.531;14.9392
5701;69.5411;3.3448;134.9703;4.4884;67.2408;0.8;1.199;-9.9242;-50.0434;10.0087
5702;66.0911;6.7367;123.5482;4.4586;50.1418;1.1429;0.5941;-21.3747;-82.6716;28.8544
5703;71.0507;5.1601;100.7044;7.4186;35.8023;1.2073;0.7399;-21.722;-79.5715;24.4756
5704;59.1305;5.6098;153.0097;3.2114;58.8653;1.0791;0.6261;-19.5163;-80.6606;25.8539
5705;63.8223;5.0801;124.3894;1.0986;84.6047;0.8;1.1079;-10.6839;-53.8395;10.8318
5706;32.4557;8.1085;89.6242;5.0762;34.6974;0.8535;0.5627;-14.9583;-78.0212;22.7492
5707;87.5271;2.7173;70.8159;6.4015;49.2266;1.0299;1.972;-9.9867;-36.173;7.8337
5708;75.3784;9.1462;90.1448;4.9298;55.9806;0.8841;0.7772;-14.3852;-70.6949;17.0619
5709;56.0778;6.6472;110.8865;5.3533;74.6695;0.8191;0.9841;-11.2968;-59.9519;12.485
5710;104.1772;4.7719;116.1021;5.7286;66.9899;1.5355;1.4243;-24.9916;-69.0825;16.1721
5711;71.5663;5.2616;140.4645;4.7664;63.8784;0.8188;0.8297;-12.7508;-66.2216;14.8024
5712;51.3494;5.1675;76.0609;5.4345;58.1363;1.2729;1.3562;-18.87;-64.4853;14.0787
5713;85.4213;1.6777;89.6023;5.4094;60.0826;1.086;1.9862;-11.3717;-39.0373;8.2017
5714;77.1649;2.7755;74.497;1.6621;51.3522;1.1294;1.5904;-14.3023;-53.0596;10.6518
5715;77.1024;8.3993;71.5553;4.7708;67.3116;1.2556;1.2215;-19.8089;-67.5711;15.4184
5716;62.3364;4.4354;85.4743;2.2408;60.9347;0.8713;1.3319;-10.4079;-49.0442;9.8124
5717;78.1089;3.5704;109.5985;4.5427;79.3053;0.9418;2.3911;-5.5928;-15.3711;5.9081
5718;65.2884;6.022;121.2699;3.8571;57.9747;1.0991;0.8316;-18.8305;-74.7796;19.8252
5719;80.0069;4.3769;78.8921;6.151;47.8375;0.8;1.4286;-8.5716;-40.4749;8.3998
5720;35.711;1.0591;81.6834;4.9666;69.0887;1.3909;2.1574;-16.6772;-48.2958;9.6704
5721;62.1903;5.8119;64.0853;5.3098;73.3377;1.0235;2.069;-9.0774;-32.6148;7.42
5722;100.9988;5.7801;105.505;4.3128;55.7459;0.8283;1.3801;-9.3406;-44.4598;9.0025
5723;56.1928;2.4805;83.2739;6.1783;70.3281;1.2445;2.1524;-14.1031;-42.3507;8.6731
5724;59.1309;8.3023;151.5519;2.204;22.514;1.0185;0.168;-21.1777;-94.5007;50.0
5725;61.9367;2.806;110.7884;3.2567;65.293;0.8656;1.8831;-7.3745;-27.4851;6.8951
5726;48.1335;3.995;95.8044;6.5295;71.6197;1.2082;1.8799;-14.5613;-48.1355;9.6405
5727;30.2509;2.1508;85.1907;3.9465;74.6901;0.8;2.0101;-5.2733;-16.2469;5.9699
5728;65.8494;4.8637;68.8206;1.3813;59.1701;1.0875;1.5952;-14.2097;-51.1054;10.2261
5729;72.4455;3.5554;71.0371;6.779;68.5413;1.2996;2.7018;-10.666;-30.7029;7.2153
5730;69.0549;3.4415;85.5957;6.2154;66.8577;0.8465;1.9136;-6.0595;-24.6502;6.6357
5731;67.3922;6.6079;83.9687;5.6665;59.5765;0.8;1.2761;-9.7344;-46.8306;9.4039
5732;70.7747;0.9765;77.8962;4.7416;42.5136;1.0883;1.648;-13.9918;-49.5243;9.9058
5733;88.4111;6.3344;109.886;7.0911;55.0002;0.8734;0.9208;-13.0717;-64.8581;14.228
5734;66.572;4.6616;113.7197;6.4879;47.6432;1.5677;0.8702;-28.4989;-81.4985;27.0248
5735;59.6665;9.0385;89.1671;6.9218;43.6464;0.8994;0.5753;-15.9228;-78.6772;23.449
5736;64.9397;4.7749;162.2208;5.6433;35.9729;0.9619;0.5026;-17.7801;-82.5838;28.7089
5737;80.4282;1.6468;64.6177;4.7842;50.2494;1.1099;2.2369;-10.2611;-32.8199;7.4427
5738;95.4165;1.5967;101.4647;4.0013;52.8379;0.8;1.641;-7.4258;-31.6253;7.3126
5739;58.6934;7.2125;94.6821;2.6966;33.4035;1.012;0.5134;-18.8365;-83.0896;29.5676
5740;71.7808;6.7505;87.1382;5.3531;36.1801;1.2509;0.6795;-23.2665;-81.8941;27.6153
5741;76.0904;3.4047;83.9948;5.478;65.2591;0.9839;1.8291;-9.9811;-38.0317;8.0686
5742;52.1336;4.9601;99.8262;4.0753;66.7148;0.8;1.2243;-9.6052;-48.9865;9.8013
5743;70.3675;4.174;94.5178;5.5205;77.6166;0.9168;1.7708;-8.5556;-35.6171;7.766
5744;43.6179;8.5223;90.6677;4.1017;80.4186;0.8;1.0206;-10.9634;-57.4761;11.7581
5745;38.1571;8.1758;72.2759;5.9011;69.8349;0.9435;1.2423;-12.8421;-56.1104;11.3922
5746;76.6014;8.9633;66.7292;3.2768;31.668;1.2486;0.5329;-23.8801;-85.7731;35.1446
5747;63.0903;7.0199;93.0411;3.0173;51.4815;0.8826;0.7901;-14.2363;-70.1601;16.7561
5748;73.641;7.5475;90.4363;4.2391;47.3123;1.1501;0.7212;-20.5192;-79.0972;23.9203
5749;69.6779;2.7716;95.1934;5.8432;67.0869;0.8;1.8607;-5.4897;-22.4715;6.4492
5750;52.4248;6.6477;97.321;2.8618;43.2423;1.4563;0.5952;-28.0609;-86.3769;36.7024
5751;69.1854;5.5999;87.7546;6.1745;93.7306;1.2539;2.0771;-15.18;-44.7839;9.0553
5752;47.8042;8.4269;94.8283;2.1361;26.5226;0.9063;0.2831;-17.9744;-89.5879;48.0212
5753;95.0375;4.6604;80.7847;4.2299;56.0356;0.8;1.7486;-6.6259;-27.1405;6.8625
5754;45.5925;1.9222;146.3728;2.4804;44.5581;0.9034;0.7824;-14.7236;-71.1318;17.3201
5755;66.4759;4.8257;81.8784;0.6852;66.9785;1.058;1.3636;-15.006;-57.0385;11.6383
5756;51.2391;5.4347;91.1426;5.1497;56.0657;1.2426;1.1392;-19.8306;-69.4405;16.3615
5757;80.2676;2.7875;83.4479;4.3333;72.5615;0.8;2.1213;-3.9797;-11.6112;5.6568
5758;64.0342;3.6524;83.0983;2.5044;55.3839;1.2726;1.307;-19.1426;-65.7669;14.6057
5759;60.664;4.8328;100.6179;3.8251;36.9939;1.0527;0.8937;-17.0189;-71.7025;17.6694
5760;85.3576;3.5485;97.4765;5.2627;69.2477;0.8;1.9801;-4.954;-17.4965;6.0603
5761;70.5298;3.5528;89.1486;4.0478;52.468;0.8;1.3519;-8.8238;-43.67;8.8763
5762;79.2996;2.2779;93.1584;4.302;55.0606;1.0279;1.5624;-12.7896;-49.3337;9.8685
5763;52.3361;8.015;83.5309;4.0023;76.1542;1.045;1.3347;-14.5715;-57.4248;11.7439
5764;44.7133;5.9267;110.5648;3.7265;33.178;0.884;0.4699;-16.3561;-82.2821;28.22
5765;71.9297;0.6718;167.1628;3.707;53.6195;1.2001;1.4394;-17.2986;-60.0217;12.5068
5766;64.2608;6.052;80.3554;3.663;72.9633;1.502;1.5487;-23.2509;-65.6301;14.5476
5767;81.2758;5.8402;110.3504;3.4703;72.1302;0.9232;1.0704;-13.5198;-61.3526;12.9375
5768;68.5616;0.9807;101.1301;3.0741;44.4815;0.8613;1.2532;-10.7862;-51.4998;10.3092
5769;73.6914;3.5253;118.194;4.0304;63.9346;1.4097;1.2742;-22.5496;-69.8714;16.5955
5770;40.7791;4.8862;119.0292;3.6401;46.2217;0.9568;0.6864;-16.5317;-76.0863;20.9085
5771;103.9919;3.9674;105.2695;2.9925;62.5416;1.141;1.7268;-13.9253;-49.5497;9.9107
5772;67.0436;6.1576;99.0094;5.749;75.3574;0.8856;1.6652;-8.9436;-37.3254;7.9777
5773;82.5566;3.8188;89.7078;6.449;70.505;1.2562;2.3705;-13.029;-37.0969;7.9487
5774;54.9503;2.4116;82.5934;4.5998;85.1125;0.8;2.5044;-1.5876;4.3479;4.7917
5775;75.5442;8.7477;97.6079;4.6997;86.9754;1.0294;1.0664;-15.8105;-65.4687;14.4796
5776;46.5488;2.8976;72.5316;3.5612;58.5579;1.061;1.699;-13.1799;-46.622;9.3671
5777;78.1372;5.6672;86.2031;6.2005;54.8627;0.9641;1.2031;-13.5712;-58.4057;12.0209
5778;63.5925;2.3439;131.8788;7.2073;61.3982;0.8805;1.2706;-11.3737;-51.8975;10.3945
5779;70.5254;3.3201;102.4934;4.3543;64.851;1.4313;2.1101;-18.7112;-50.8594;10.1749
5780;82.5635;3.9086;125.0028;3.8178;72.7609;1.1756;1.6025;-15.5327;-54.5606;11.0037
5781;47.8143;2.6367;144.3991;5.1122;57.4922;0.8411;0.9509;-12.5123;-62.316;13.2682
5782;57.6791;3.9521;95.6708;4.7934;46.7431;0.8;0.9886;-11.0817;-58.8102;12.1389
5783;78.2318;2.432;105.3198;3.8498;57.1602;1.3441;1.5081;-19.7549;-62.5994;13.3688
5784;107.768;4.5846;92.7315;5.3068;61.9681;0.8309;2.1639;-4.407;-13.1943;5.76
5785;67.5145;5.271;81.6155;6.0072;83.0684;1.0124;2.2909;-7.9487;-24.5758;6.6292
5786;80.6405;1.7177;78.8012;3.4213;68.4557;1.0185;2.8678;-5.4647;-6.1464;5.3274
5787;68.0745;7.0726;123.465;8.4131;38.8243;1.0588;0.5282;-19.6998;-83.3713;30.0684
5788;104.9604;2.5969;105.3541;2.3006;32.2849;0.8;0.916;-11.9176;-61.8339;13.1006
5789;38.55;2.8135;158.6691;3.3225;73.8312;0.9326;0.9679;-14.4439;-65.4041;14.4526
5790;71.7032;5.2545;127.5085;4.951;50.6869;0.9969;0.8454;-16.4855;-71.7326;17.6882
5791;40.7402;4.0563;83.2932;7.9703;30.6923;0.989;0.7782;-16.7374;-73.7716;19.0633
5792;30.0;4.2302;123.3784;3.7561;50.8902;1.1537;0.6726;-21.0468;-80.5657;25.7277
5793;75.3543;2.2446;92.6567;3.0014;40.9275;1.0335;1.3126;-14.3246;-57.6667;11.811
5794;72.511;6.4058;135.556;5.4239;54.9913;1.0931;0.7126;-19.3146;-78.2701;23.0098
5795;64.8729;4.9536;88.5517;4.2271;80.8725;0.8872;1.6235;-9.5483;-39.0007;8.1968
5796;68.0885;2.2931;76.866;5.5979;85.066;1.4069;2.9324;-12.2311;-30.5265;7.197
5797;125.7694;3.5479;81.96;4.4938;58.919;0.9438;1.9951;-8.1387;-29.5342;7.0956
5798;65.3528;6.4493;83.0136;3.3143;49.9341;1.0681;1.0503;-16.4997;-67.2217;15.254
5799;79.1822;4.6424;81.0533;8.1233;72.8297;1.0231;2.2976;-7.8866;-25.1451;6.6796
5800;58.3114;2.1064;86.6622;0.1684;39.4324;1.0944;1.16;-16.2636;-64.6689;14.1518
5801;75.3142;3.5416;123.8837;7.3304;81.4679;1.2714;1.5729;-17.9209;-58.7624;12.1249
5802;65.7118;2.9008;156.6762;5.9999;37.8031;0.8452;0.6485;-14.1821;-74.4234;19.5491
5803;62.6107;4.3353;71.7095;3.4816;43.2289;1.1795;1.2331;-17.5613;-65.1532;14.3485
5804;102.7402;6.7725;137.1463;7.4086;84.6405;1.1589;1.111;-17.9851;-68.0448;15.6469
5805;91.1893;3.8772;88.743;2.5429;53.8239;1.0353;1.6871;-12.1661;-45.6797;9.2047
5806;72.4614;3.8614;109.0865;6.1122;46.462;1.0464;1.1264;-15.5418;-64.118;13.9346
5807;30.0;7.4912;66.1307;1.476;77.6416;0.8;1.276;-9.4197;-46.8319;9.4041
5808;63.5018;4.6912;113.9978;2.8812;72.3132;0.9343;1.3214;-11.9265;-52.8588;10.6064
5809;118.6545;4.6289;60.5726;2.8775;80.4759;0.8;3.3205;3.0671;38.3522;3.614
5810;65.8481;2.9941;108.1646;3.474;75.3449;0.9406;1.9247;-7.7616;-31.7923;7.3306
5811;89.8579;4.8925;106.6427;4.6174;72.9789;0.9874;1.4493;-12.44;-51.0764;10.22
5812;95.955;4.6894;104.891;3.361;68.6007;0.8;1.4021;-8.5452;-41.5778;8.5584
5813;73.9414;3.6668;83.2163;1.5454;51.9877;1.0616;1.3611;-14.8311;-57.2643;11.6998
5814;54.8472;9.2134;114.7266;5.2952;33.1588;1.2731;0.3101;-25.8624;-91.8815;50.0
5815;30.0;7.1975;110.271;4.6734;60.4634;1.044;0.7342;-17.8709;-76.5597;21.3308
5816;82.3149;5.9193;94.8866;5.2134;53.3711;0.9989;1.0293;-15.5845;-65.6535;14.5575
5817;55.3344;4.4532;118.2892;4.8579;70.2281;0.9003;1.1551;-12.6415;-57.2314;11.6908
5818;73.1707;4.0189;97.6382;6.0314;53.8167;1.0771;1.228;-15.9138;-61.9974;13.157
5819;47.5032;2.5955;114.133;4.4868;47.154;0.8161;1.2353;-9.7076;-49.5427;9.9094
5820;65.2257;3.2053;96.902;6.1188;40.2385;0.8;1.009;-11.2315;-57.9575;11.8927
5821;70.6069;6.1229;105.567;3.4365;51.0274;1.3715;0.7688;-25.2066;-81.3152;26.7597
5822;74.8347;3.9729;115.4515;3.522;91.9661;1.2118;1.7835;-15.1401;-50.9433;10.1923
5823;49.9332;7.202;90.531;6.6641;35.3651;0.8026;0.5463;-14.1884;-77.3113;22.0374
5824;91.5444;2.3743;73.4578;6.6335;78.4623;0.8;2.9566;0.0588;23.192;4.0587
5825;59.2559;4.2821;107.1457;5.4606;80.1362;1.0215;1.5729;-12.2978;-48.6732;9.7415
5826;39.8595;5.1547;134.6284;3.2663;58.2186;1.013;0.6835;-17.6864;-77.5094;22.2315
5827;68.0376;4.3317;107.7655;3.1456;38.736;1.1773;0.8294;-20.4464;-76.5185;21.2934
5828;70.6188;7.2859;108.2784;6.5921;44.8852;0.9352;0.6434;-16.4355;-77.0674;21.803
5829;72.8906;9.1669;98.9511;6.509;73.3947;1.2598;0.9328;-21.6305;-75.319;20.2585
5830;94.5184;2.1586;120.2953;4.5046;55.7024;0.9576;1.4104;-11.7721;-50.9041;10.1842
5831;65.7439;2.2568;95.458;8.1128;58.2119;1.2746;1.9774;-15.8789;-48.2843;9.6682
5832;67.8468;2.2593;89.2727;5.2884;15.6341;0.9644;0.445;-18.2295;-84.6172;32.5039
5833;50.1427;5.3955;131.8276;2.9392;85.4455;0.8413;0.9944;-12.2411;-60.601;12.6907
5834;84.77;3.5411;87.5785;4.1866;67.6368;0.9278;1.8973;-8.5986;-31.8399;7.3357
5835;73.3176;5.7888;124.9031;4.6082;45.0647;1.1398;0.6832;-20.5538;-80.0201;25.0252
5836;62.4395;3.7122;131.8486;4.7296;44.3531;1.0733;0.7085;-19.0608;-77.9959;22.723
5837;35.7159;5.0236;115.2236;6.475;73.0194;1.0106;1.1542;-15.2175;-61.9294;13.1335
5838;95.9994;6.0879;73.1755;3.1656;65.3088;0.8116;1.5763;-8.119;-35.2606;7.7233
5839;47.9018;4.5188;100.6812;2.6027;54.2219;0.9881;1.0001;-14.9531;-66.2603;14.8193
5840;59.357;4.4662;95.0754;5.5035;73.9418;0.8776;1.5056;-9.6528;-42.8129;8.7432
5841;76.4502;1.9476;88.338;3.8395;44.3544;0.8731;1.6281;-8.6099;-37.8372;8.0434
5842;48.462;3.7404;103.6332;8.2353;47.6443;1.2203;0.987;-20.6732;-73.0392;18.5455
5843;43.1168;4.504;121.2036;6.0148;46.9005;0.8579;0.7064;-14.2849;-72.5538;18.2174
5844;31.7689;4.0185;89.1689;3.8119;61.6073;0.8482;1.7744;-7.3279;-30.2699;7.1705
5845;82.9779;7.4313;95.8059;6.4193;66.4229;1.0648;1.0506;-16.3198;-67.1115;15.2029
5846;60.1866;7.5069;94.1515;5.6956;42.9186;0.8326;0.8415;-13.4123;-66.3079;14.8403
5847;122.6909;6.5587;133.7721;5.5505;77.7593;0.8951;1.1487;-12.3499;-57.2207;11.6879
5848;52.1016;3.5546;93.7747;4.4166;63.7715;1.4698;1.5227;-22.4689;-65.4671;14.4789
5849;53.4139;5.6641;73.4473;5.2307;74.5474;0.9671;1.8715;-8.7878;-35.4931;7.7511
5850;59.8229;3.6586;67.4787;1.4456;70.4315;1.1447;1.8666;-13.3378;-45.6452;9.1988
5851;74.3764;2.8503;109.4921;6.5756;57.0173;1.6538;1.4602;-26.9037;-70.5681;16.9884
5852;61.5363;3.3896;82.6818;-0.5541;32.8503;1.0407;1.1929;-15.2556;-61.7935;13.0868
5853;81.022;1.7982;118.1968;3.9368;56.8713;1.1107;1.6211;-13.6058;-51.3483;10.2771
5854;52.3854;3.3339;71.691;2.2064;63.1214;1.0645;2.1403;-9.078;-32.9805;7.4605
5855;45.1313;4.0116;87.3954;3.8487;51.6232;0.937;1.1182;-13.8171;-60.2202;12.5692
5856;37.6321;8.2794;71.7027;4.4888;82.6999;1.0255;1.4389;-13.0069;-53.2286;10.6903
5857;30.0;3.2429;111.4775;2.8048;60.3533;0.9649;1.2776;-13.1764;-55.8625;11.3282
5858;60.6748;7.4531;117.6109;0.4383;65.743;0.8335;0.6585;-14.0141;-73.6627;18.9845
5859;64.5824;2.8314;108.8343;4.9106;54.3529;1.1813;1.2959;-17.9084;-63.4317;13.673
5860;58.6341;2.6297;76.2247;7.7297;52.6873;0.8;2.5174;-1.7727;4.8923;4.7668
5861;92.3813;4.3443;82.9908;4.0731;60.0461;1.0015;1.7631;-10.8298;-41.3198;8.5208
5862;92.1045;5.3333;106.0328;6.039;60.6288;0.9457;1.1345;-13.5507;-60.0126;12.5039
5863;63.9735;1.5261;65.5776;6.8566;63.1246;0.8128;3.2918;3.4164;34.9936;3.7039
5864;37.7094;2.7914;94.1497;1.7499;67.9404;1.1327;1.3707;-15.7905;-59.6619;12.3952
5865;59.7993;3.9836;146.1154;3.9141;48.2267;0.8152;0.6643;-13.5843;-72.8373;18.4076
5866;59.2032;3.3301;95.6008;2.6854;72.3815;0.9217;1.6864;-9.0081;-39.01;8.1981
5867;58.1716;5.6284;68.926;3.3906;69.0632;1.1567;1.6353;-14.3132;-52.8739;10.6098
5868;57.4411;4.2984;85.9115;7.153;36.5069;0.8;0.8622;-12.0719;-64.0767;13.9186
5869;58.2377;2.4515;85.4129;4.9355;45.2049;1.2405;1.2736;-19.0047;-65.7777;14.6104
5870;63.0423;7.3508;170.758;5.7832;79.8338;0.9927;0.7691;-16.9867;-74.1756;19.3615
5871;58.5603;3.1428;151.6522;4.5342;50.1082;0.9401;0.7539;-15.9095;-73.2679;18.7041
5872;73.7498;5.7716;120.0495;2.7842;48.6024;0.8;0.7262;-12.9751;-69.7429;16.525
5873;76.4866;6.1743;91.7806;5.6172;61.8303;1.0183;1.1574;-15.0752;-62.1106;13.1963
5874;53.6084;8.4347;135.0071;6.4789;47.0176;1.005;0.4129;-19.2656;-86.3056;36.5113
5875;92.8792;4.2251;75.3245;5.0761;23.7888;1.1155;0.9583;-18.4182;-71.3649;17.4611
5876;52.3589;4.9456;130.8843;5.3337;57.981;0.9104;0.8331;-14.5318;-69.4969;16.3918
5877;40.8796;3.3494;126.1111;2.7478;59.297;0.8228;1.3388;-9.7159;-45.7619;9.2186
5878;76.854;5.3739;96.287;5.6603;61.5814;1.0648;1.7749;-13.101;-44.4347;8.9984
5879;55.2867;4.0263;132.9492;6.619;66.2946;0.8909;1.1779;-11.5692;-55.9279;11.345
5880;75.7832;3.8848;89.4218;5.2069;48.1071;1.1062;1.2068;-16.7461;-63.6346;13.7494
5881;30.0;6.8998;72.8862;1.9048;68.8969;0.8136;1.1767;-10.3904;-51.7921;10.3718
5882;95.0642;1.5916;127.6971;7.0534;74.314;1.1721;2.2818;-10.9773;-35.1079;7.7051
5883;82.1013;7.1983;97.8915;3.1828;46.1959;1.3472;0.8176;-24.3848;-79.7693;24.715
5884;42.9914;6.8635;116.2352;5.1817;47.888;0.9672;0.7216;-16.3888;-75.1326;20.1066
5885;43.382;4.2705;157.6523;6.0295;48.2203;1.3096;0.5533;-25.33;-85.9183;35.507
5886;100.1008;4.1775;83.48;6.2194;66.6505;1.1626;2.257;-11.7051;-35.2908;7.7269
5887;56.7272;3.4854;96.479;1.8999;45.719;1.0696;1.0533;-16.6098;-67.1744;15.232
5888;54.9847;9.3776;148.0543;4.7758;66.1913;0.9973;0.7024;-17.0743;-76.5235;21.2979
5889;30.0;2.1249;118.197;4.6765;44.2954;0.8969;0.9097;-13.7447;-66.1882;14.7878
5890;63.686;4.7798;83.9503;6.7585;66.3732;1.2707;1.6209;-18.0318;-57.4785;11.7588
5891;65.901;5.3991;78.7608;5.2881;41.2471;1.2204;1.0867;-20.2351;-70.318;16.8452
5892;82.8789;7.9103;87.6323;6.7722;78.4804;0.8113;1.3572;-9.126;-44.2401;8.967
5893;44.8166;6.1769;83.1434;5.4099;55.4386;1.0233;1.3472;-14.0732;-56.1164;11.3938
5894;42.6348;5.1334;106.1133;4.4888;42.9117;0.8498;0.7034;-14.0676;-72.4073;18.1208
5895;78.1173;2.1656;101.9802;4.8908;42.274;1.0997;1.1612;-16.6403;-64.8012;14.205
5896;88.1211;3.5466;107.2304;6.8854;49.859;1.1616;1.324;-16.8035;-62.0084;13.1608
5897;41.7193;2.3159;81.042;2.6546;50.6783;0.8;1.8422;-6.432;-23.2421;6.514
5898;89.4673;7.1894;98.2447;5.9589;73.3702;0.9834;1.1946;-13.7916;-59.5101;12.3488
5899;70.6758;5.9195;60.0;3.6586;65.8966;1.0886;1.8681;-12.1887;-42.7977;8.7409
5900;89.6525;5.9846;103.6917;3.3363;62.3476;1.0184;1.0433;-15.7131;-65.8543;14.6431
5901;68.736;5.1912;134.1596;6.1351;36.1898;1.4286;0.5335;-28.1026;-87.5531;40.1707
5902;30.0;4.2745;70.0342;3.2754;81.1542;0.8;1.8612;-5.7987;-22.4502;6.4475
5903;67.2646;2.3873;112.8464;5.1656;59.5854;1.3113;1.5863;-18.498;-59.6773;12.4
5904;89.0826;3.3235;85.8341;3.8666;75.5619;0.838;2.122;-4.6652;-15.5963;5.9239
5905;53.9126;2.3033;122.2167;1.0646;68.9967;0.8;1.4096;-8.8796;-41.2683;8.5133
5906;63.0166;5.7229;104.0459;5.3166;65.5769;1.0661;1.2012;-16.223;-62.4428;13.313
5907;66.8296;2.4508;110.6471;4.7895;73.9976;0.9752;1.7695;-10.8365;-39.5171;8.2668
5908;30.0;5.5492;101.6338;1.7349;71.445;1.0186;1.08;-15.3412;-64.6576;14.1473
5909;100.0843;5.4762;139.3868;3.5521;62.3527;1.1099;0.8842;-18.8146;-73.4447;18.8287
5910;53.7752;4.0036;109.0736;1.8895;54.955;1.1162;0.9417;-18.2442;-71.8764;17.7787
5911;79.1032;2.2921;83.832;5.6975;57.705;0.8993;1.9735;-7.239;-26.85;6.8353
5912;68.4394;3.2498;102.4986;6.682;44.1694;1.1763;1.2585;-17.4167;-64.3354;14.0195
5913;92.6371;3.2759;91.1904;5.8742;62.7596;0.8;2.2974;-3.0742;-4.2739;5.2232
5914;77.309;5.5363;104.1435;6.0837;76.5186;0.9813;1.3417;-12.7181;-54.4243;10.9708
5915;65.7714;2.1436;90.0376;3.8233;71.3774;1.2534;2.1635;-13.7518;-42.4639;8.6902
5916;53.9167;6.6285;84.4338;5.4204;48.7693;1.0588;0.8731;-17.859;-72.5123;18.19
5917;84.3613;6.0134;105.108;4.5864;43.1964;1.01;0.7369;-17.2848;-75.6815;20.5605
5918;36.2781;2.6035;101.4045;4.878;32.436;0.9335;0.671;-16.1011;-76.0408;20.8688
5919;81.626;5.6785;130.4721;6.0361;52.4426;1.0719;0.727;-18.9662;-77.3927;22.1167
5920;50.2172;5.3049;90.1461;6.3632;78.4977;0.9454;1.6331;-10.2615;-42.4215;8.6838
5921;92.5411;5.9073;60.9441;4.0154;59.0852;1.1336;1.8267;-12.8291;-46.2846;9.3083
5922;72.9034;2.6183;91.3047;2.4885;49.7929;0.9013;1.2482;-11.7317;-53.8387;10.8316
5923;81.5942;2.4346;66.5905;4.3189;40.4689;1.3568;1.8183;-18.2091;-55.329;11.1929
5924;71.4758;2.8699;110.9509;4.2711;86.0477;1.1156;2.0885;-11.5095;-37.5975;8.0125
5925;38.4572;3.5062;65.805;5.0269;86.8049;1.437;2.6655;-13.6631;-38.1709;8.0868
5926;54.5069;6.2958;78.1068;5.8495;78.4665;0.9254;1.8796;-8.6233;-32.2911;7.3846
5927;82.103;5.8253;91.3398;1.7281;61.3018;1.2775;1.1759;-20.5418;-69.3172;16.2958
5928;72.9998;7.7735;147.1067;3.5936;83.0527;0.8;0.7392;-12.5145;-69.1983;16.2329
5929;91.2578;1.68;76.4738;3.1542;43.504;1.1554;2.1377;-11.6871;-38.3233;8.1068
5930;77.2589;1.0239;100.3106;6.4763;55.1009;0.9771;1.9195;-9.3274;-34.5198;7.6359
5931;52.5994;5.5271;115.6033;4.2874;74.4131;1.0241;1.0713;-15.4337;-65.1316;14.3396
5932;55.6708;3.077;144.9205;3.8307;75.0002;1.157;1.3847;-16.2616;-60.1071;12.5336
5933;71.8525;3.3454;121.4641;5.4075;73.7101;1.1603;1.642;-15.0002;-52.8275;10.5994
5934;30.0;4.5102;131.4527;3.7105;71.7553;1.1826;0.8827;-20.2578;-75.1207;20.097
5935;100.122;2.0596;124.1198;4.5772;64.7077;1.0729;1.6078;-12.6699;-50.0498;10.01
5936;77.9514;5.1255;73.9131;7.3211;81.9825;1.1145;2.3307;-9.372;-30.2902;7.1726
5937;92.0866;3.3009;109.409;7.2794;71.6848;0.9566;1.7774;-9.4317;-38.0654;8.073
5938;41.5491;5.0579;123.6352;3.9889;62.622;0.8791;0.8396;-13.6836;-68.1661;15.7065
5939;92.4022;6.6776;78.7316;4.3265;39.9817;1.0339;0.91;-17.0075;-70.6607;17.042
5940;110.167;2.5159;86.5074;3.6715;53.2215;0.8;1.9277;-5.7406;-19.6775;6.2249
5941;46.2242;7.856;81.8078;1.7112;49.9045;1.0874;0.6784;-19.2653;-79.206;24.0454
5942;83.8852;4.4135;121.3072;6.1543;66.5888;1.19;1.2403;-18.138;-65.2577;14.3917
5943;70.02;7.7361;98.2829;8.232;62.0545;1.132;1.0433;-18.2451;-69.28;16.276
5944;42.2002;2.7212;92.2921;3.9348;42.0382;0.8849;1.0154;-13.1442;-61.7524;13.0727
5945;78.8719;4.872;72.5846;3.3748;81.5136;0.8;2.3016;-3.4371;-4.0998;5.2138
5946;85.0049;3.7038;98.3293;4.1907;63.1036;1.1402;1.4503;-15.6768;-57.6028;11.7932
5947;59.1797;6.1252;86.7711;4.7276;44.787;0.8541;0.94;-12.755;-63.3132;13.6289
5948;90.9865;4.8807;106.2723;2.8967;48.8327;0.8;0.9571;-11.6654;-60.1211;12.538
5949;39.9983;4.2022;75.1457;3.9123;33.9472;1.2089;0.9822;-20.1289;-72.9171;18.4618
5950;43.0944;7.5945;104.548;6.1223;51.3502;0.8;0.6494;-13.2574;-72.9414;18.4784
5951;72.4588;3.564;89.6069;4.7911;73.1375;0.9663;1.8646;-9.8214;-35.6786;7.7735
5952;70.4569;2.7857;73.1744;6.5056;47.9775;1.4269;1.6663;-20.3239;-61.073;12.8446
5953;57.1017;4.895;71.7616;5.1472;62.0321;0.8751;1.7002;-7.833;-35.234;7.7201
5954;84.5727;4.9998;74.5086;2.9666;80.008;0.808;2.0296;-5.0268;-16.2755;5.972
5955;79.5561;3.8926;94.9709;3.736;33.6726;1.1068;0.7692;-19.4328;-76.8347;21.584
5956;85.4465;4.157;103.0711;4.9726;45.3628;1.0676;1.2561;-15.7268;-60.7799;12.7486
5957;67.7835;8.36;106.9783;2.9161;83.8597;0.8;0.9556;-11.5904;-60.182;12.5571
5958;80.8464;5.7838;107.9921;2.7215;68.0636;1.0106;1.2903;-14.1644;-57.4403;11.7482
5959;61.9783;2.1207;82.7264;2.8117;60.2387;1.2657;2.2016;-13.3081;-42.0204;8.6237
5960;106.9687;2.7446;130.2911;5.3737;71.8076;1.3231;1.8064;-17.6798;-54.4916;10.987
5961;55.3742;8.7256;89.5336;4.0506;37.9916;0.9492;0.5253;-17.4742;-81.5553;27.108
5962;107.8954;5.735;111.9114;6.3737;51.9204;1.1042;0.9743;-17.8575;-70.5877;16.9997
5963;70.628;7.6231;95.9792;3.2554;42.8012;1.1145;0.6201;-20.424;-81.4547;26.961
5964;45.2408;3.1961;109.8456;0.9139;67.581;1.2234;1.762;-16.0621;-51.9916;10.4148
5965;94.6254;5.8568;94.7828;4.4039;69.1564;0.982;1.3265;-13.345;-54.9728;11.1044
5966;72.2662;5.6389;110.3414;7.0713;62.0071;1.2957;1.0947;-21.6699;-71.8378;17.7543
5967;85.3202;3.1514;99.8154;4.6519;67.8552;0.8642;1.9148;-6.6472;-26.1461;6.7701
5968;92.0294;4.5346;122.5636;2.5419;56.7677;1.1689;0.9488;-19.8452;-72.9415;18.4785
5969;76.0832;5.0224;81.4915;2.1636;80.1331;0.8184;1.9143;-5.6427;-22.0311;6.4128
5970;59.3397;4.1259;64.2446;6.3969;52.9431;0.8;1.6477;-6.6332;-31.3468;7.283
5971;87.5628;6.6099;78.4005;3.3888;69.4742;1.1303;1.5108;-15.1479;-55.4449;11.2221
5972;70.0136;6.6662;130.634;6.9127;52.4194;1.8059;0.7184;-34.8727;-86.7398;37.7067
5973;82.3454;6.848;96.2097;5.5811;65.3595;1.0662;1.1114;-16.0972;-65.2528;14.3896
5974;31.2328;6.3844;102.3282;3.4456;65.2684;0.959;0.8717;-15.5243;-69.7012;16.5023
5975;78.0457;4.1654;76.8427;6.3507;69.7805;1.282;1.9595;-16.6593;-49.0518;9.8139
5976;58.5055;3.5864;101.6523;3.2142;69.1901;0.9149;1.6878;-9.5521;-38.5064;8.1309
5977;99.7596;6.6513;77.4372;2.429;83.4364;0.8;2.6029;-1.5972;8.4549;4.6102
5978;81.2156;4.1775;80.3366;3.2999;73.5459;1.2075;2.7357;-9.6065;-24.4791;6.6207
5979;74.3174;2.919;90.4276;5.7531;67.8753;1.3647;2.0621;-16.5931;-49.6336;9.9272
5980;78.7536;4.2762;111.7701;6.307;54.3378;1.0261;1.4271;-13.1334;-53.6398;10.7851
5981;52.0281;2.3355;114.7932;4.006;69.8267;1.0645;1.5548;-13.429;-51.315;10.2701
5982;99.2186;5.4716;115.5764;1.7975;61.4054;0.8854;1.2772;-11.3108;-51.9135;10.3979
5983;105.8447;3.3546;67.232;2.2649;42.5426;0.968;1.6243;-11.3668;-44.0674;8.9393
5984;77.0724;2.9881;99.8335;2.9985;92.2271;1.0455;3.1377;-2.6574;0.0407;4.998
5985;98.6273;8.2994;95.1995;2.659;60.8585;1.009;1.2209;-14.3652;-59.6671;12.3968
5986;59.7553;6.1481;68.1782;4.9981;56.609;1.0072;1.6485;-11.6376;-45.4426;9.1647
5987;55.652;6.237;100.4004;7.5072;28.8873;0.8;0.4993;-14.2906;-79.1962;24.0341
5988;70.7366;4.9978;93.9313;5.7937;58.2322;1.0335;1.3982;-13.9369;-54.9063;11.088
5989;77.8289;6.7297;113.6418;2.9077;79.6824;0.8;1.0515;-10.9111;-56.1879;11.4124
5990;62.9082;5.998;102.0519;3.5584;57.7408;1.0998;1.0779;-17.5364;-67.3293;15.3042
5991;79.6798;4.8346;87.1682;3.8511;82.4715;1.2355;2.0525;-14.1511;-44.6266;9.0296
5992;75.515;8.3921;126.0414;5.1838;68.7493;1.1186;0.7241;-19.5732;-78.4209;23.1706
5993;52.0305;2.6332;60.0;6.9569;66.4752;0.8;4.0099;8.5095;67.0779;2.9926
5994;79.3383;8.0596;98.4062;3.8989;52.8915;0.8463;0.6977;-14.0124;-72.5228;18.1969
5995;85.5435;3.6909;64.3513;6.9082;66.4605;0.9867;3.1056;-0.7926;4.9127;4.7659
5996;73.0864;4.3999;79.6086;7.7559;77.5367;1.1861;2.0991;-12.2601;-41.0088;8.4758
5997;90.7477;2.2074;114.02;4.0751;33.453;1.2201;0.9857;-20.6314;-73.07;18.5666
5998;48.0867;4.4698;72.7203;4.0365;56.0396;1.0748;2.1005;-9.6259;-34.8547;7.6751
5999;78.4231;4.9152;70.0522;4.0591;44.343;0.8246;1.2885;-10.0445;-47.9134;9.5994
6000;48.9349;9.609;181.3913;4.6937;59.0348;1.2646;0.3906;-25.032;-89.7034;48.5596
6001;49.9465;8.7156;71.1897;4.0627;45.5704;0.9949;1.0517;-15.1039;-64.7611;14.1889
6002;58.6432;8.5051;151.0786;5.9263;50.0275;0.9236;0.4983;-17.0205;-82.0144;27.8001
6003;53.0429;3.4173;95.7863;2.2768;67.2649;0.9072;1.4592;-10.7207;-46.3852;9.3258
6004;60.1361;9.2379;87.7036;3.7981;41.2851;0.8;0.5621;-13.7609;-76.5806;21.3498
6005;66.1453;3.9825;115.2227;5.0938;52.8113;1.246;1.4412;-18.4431;-61.4463;12.9689
6006;85.0688;6.8611;139.6751;5.9051;37.8447;0.9753;0.4225;-18.5853;-85.5593;34.6243
6007;64.2191;2.7666;75.0874;7.8929;47.0539;0.8707;1.7234;-7.87;-34.0242;7.5785
6008;41.4587;4.2675;88.0238;2.6665;93.2808;1.1291;1.8366;-13.2924;-45.7813;9.2219
6009;90.5212;8.4966;123.5799;3.6219;76.3569;1.1705;0.8858;-19.976;-74.7751;19.8217
6010;54.9324;8.1232;107.4654;1.2004;22.2613;0.8;0.3414;-15.2596;-85.7766;35.1534
6011;68.943;5.414;131.7162;2.9352;50.7761;1.3636;0.6512;-25.6066;-84.0824;31.4117
6012;78.0377;6.3332;113.7438;1.9466;37.2886;1.5593;0.6245;-29.8421;-86.6497;37.4523
6013;73.593;2.547;157.154;3.8181;59.1736;1.0206;1.0025;-15.9375;-67.257;15.2704
6014;89.6952;5.6977;104.5659;4.2575;75.4201;1.049;1.3501;-14.3044;-57.1;11.655
6015;78.6221;4.9602;105.7019;5.3042;46.5264;1.614;1.0134;-28.7576;-79.0698;23.8889
6016;54.4964;1.9746;108.3753;4.1521;80.2415;0.8037;2.2509;-3.0759;-6.6417;5.3557
6017;109.2141;2.1394;96.5005;5.3049;71.3036;0.9009;2.6365;-3.4607;-2.4523;5.1257
6018;73.498;2.1048;123.6175;4.7711;62.5123;1.1233;1.3504;-16.1553;-59.927;12.4772
6019;67.3479;5.7186;106.1051;3.05;72.7947;1.258;1.4114;-18.6755;-62.6014;13.3695
6020;87.3507;2.3346;121.7799;2.0706;68.5123;1.0076;1.7311;-10.7596;-42.7339;8.7312
6021;74.4901;4.0506;126.6333;5.4755;84.8199;0.8498;1.4327;-9.3669;-43.8061;8.8978
6022;77.1861;3.4608;111.3061;7.0698;43.0174;1.2939;1.0337;-21.3205;-73.369;18.7751
6023;114.8593;4.5327;113.3635;8.4031;76.6286;0.9985;1.9595;-9.6687;-34.5842;7.6434
6024;65.0478;5.5819;77.6792;6.0032;62.1506;1.0003;1.3972;-13.4415;-53.4395;10.7387
6025;64.2803;5.4211;87.1457;6.7863;57.3035;1.2044;1.2715;-17.7818;-64.8096;14.2084
6026;72.0984;4.3239;123.4722;5.2922;56.6103;1.3514;0.94;-23.7756;-76.8148;21.5655
6027;89.2873;4.0316;142.7476;5.053;72.5289;1.0491;1.2248;-15.4998;-61.0835;12.848
6028;42.8824;3.6719;61.5631;4.7665;25.5056;1.1004;0.8198;-18.7124;-75.1674;20.1348
6029;34.62;6.9697;86.7651;4.4413;40.8973;1.2328;0.7027;-22.8628;-81.0002;26.316
6030;59.4319;3.3293;100.5923;5.5106;64.2209;0.9557;1.3876;-11.8846;-51.604;10.3314
6031;40.5894;2.9819;80.2664;3.8191;50.1765;0.8961;1.3333;-11.061;-50.4045;10.0816
6032;62.353;5.8685;81.4134;4.3788;62.4858;0.9291;1.2859;-12.1414;-53.8667;10.8382
6033;79.045;3.475;112.6066;2.8331;61.7347;0.8319;1.3504;-9.8271;-45.8879;9.2401
6034;53.9665;6.8102;148.4895;5.3124;58.9451;0.8045;0.5444;-14.0416;-77.4429;22.1659
6035;44.3171;3.3145;60.1724;3.1614;87.0678;1.5593;3.0364;-14.6785;-35.0878;7.7027
6036;71.2481;5.548;95.8276;4.6506;61.2427;0.8362;1.3446;-9.4422;-46.396;9.3277
6037;85.5258;1.5351;112.2794;5.3507;60.0033;1.0558;1.6132;-12.9565;-49.0679;9.817
6038;39.4905;3.6078;121.5376;5.4788;50.4804;0.983;0.9018;-16.0371;-69.4207;16.3509
6039;84.7642;3.3913;108.3051;5.7573;27.7932;1.2334;0.6698;-22.6752;-81.8988;27.6224
6040;84.7115;6.5085;155.3252;4.2801;43.8762;1.0235;0.4918;-19.3107;-83.9833;31.2175
6041;87.1735;8.5199;100.7253;5.3291;72.5426;1.3197;1.0126;-22.3647;-74.4235;19.5492
6042;91.9326;4.0124;138.8186;3.8701;74.4033;0.9745;1.2295;-13.9288;-57.9426;11.8885
6043;109.6363;6.587;85.0788;1.6437;75.757;1.0503;1.5114;-13.459;-52.0308;10.4234
6044;63.5903;5.5312;101.4601;5.3955;56.5949;1.162;0.9858;-18.9541;-71.7208;17.6808
6045;71.9723;8.5273;73.8467;5.0477;49.3475;1.0406;1.2522;-14.8754;-59.8903;12.4658
6046;62.5041;6.4558;125.2593;6.12;48.7935;1.1111;0.8201;-19.0602;-75.3984;20.3239
6047;70.0356;1.8565;97.0338;4.5621;71.1432;1.0584;1.9601;-10.7074;-38.2685;8.0996
6048;97.5917;5.6334;109.3578;2.1953;34.8671;0.8;0.5781;-13.8728;-75.912;20.7572
6049;45.7897;4.4422;92.4648;4.4626;48.0429;1.1655;1.1662;-17.7414;-66.6455;14.9905
6050;54.5011;1.1248;115.7899;5.9299;77.9678;1.2656;1.9686;-15.1923;-48.1498;9.6432
6051;94.7893;2.9431;110.4462;5.3141;53.3123;0.9744;1.3587;-13.0385;-53.5221;10.7578
6052;88.3607;7.7189;77.9843;4.3799;80.3372;0.9598;1.4644;-12.1483;-49.141;9.8311
6053;63.4636;7.7826;79.121;2.1047;75.9936;1.0604;1.1484;-15.7619;-63.9021;13.8512
6054;85.3792;6.3426;99.3082;3.061;47.6479;1.4757;0.8545;-26.5454;-80.6986;25.9049
6055;76.1419;8.8992;117.9268;5.3159;78.0508;0.9447;0.9265;-15.0836;-67.3094;15.2949
6056;97.0049;6.4133;159.3167;2.1023;34.4743;1.1326;0.3497;-22.4457;-89.7065;48.5745
6057;71.3412;0.9923;107.869;4.1226;63.2647;0.9656;1.9499;-8.6745;-32.6908;7.4284
6058;88.4614;3.1182;128.6445;4.6576;77.011;1.1269;1.7432;-13.3635;-48.4377;9.697
6059;117.5562;1.3528;66.817;6.3249;66.1048;0.8;4.8262;12.871;101.0923;2.4864
6060;80.7658;1.995;165.407;5.5217;64.9677;1.4321;1.6038;-20.9921;-62.6714;13.3946
6061;70.8879;2.7798;116.3487;6.0442;70.3071;1.0762;1.5157;-14.2365;-53.0546;10.6507
6062;83.004;4.2543;98.7675;5.0528;60.9857;0.9458;1.378;-12.1909;-51.4314;10.2947
6063;63.4249;6.8158;95.9662;3.3319;62.2615;0.9509;1.0257;-14.0391;-64.044;13.9059
6064;112.9834;6.9703;75.8206;3.6795;20.2305;1.0572;0.4532;-20.0773;-85.7109;34.9916
6065;73.2413;4.948;81.4385;3.201;67.5794;1.4926;1.6022;-22.1409;-64.2211;13.9747
6066;65.0872;7.8145;161.2215;5.4862;65.9232;1.3625;0.5874;-25.9578;-85.6303;34.7954
6067;54.9576;4.2341;78.0945;3.5591;57.9139;0.9476;1.344;-12.4067;-52.7237;10.5761
6068;89.75;7.2835;77.7193;4.009;74.1904;1.019;1.4704;-13.1068;-51.8999;10.395
6069;85.6094;3.9747;83.8991;4.6337;44.602;1.0293;1.2018;-15.3076;-61.0806;12.8471
6070;61.0476;3.0671;74.1155;7.062;82.2373;0.8;2.6145;-0.7082;8.9395;4.5897
6071;80.3761;7.6423;100.3834;5.5857;71.4607;0.955;1.0359;-14.1076;-63.8429;13.8285
6072;42.846;3.6202;131.2886;3.4407;68.4089;1.0429;1.0113;-16.4039;-67.6788;15.4697
6073;73.3295;4.2534;85.8453;4.8278;75.8519;0.834;1.7174;-6.8161;-31.3556;7.2839
6074;78.1496;3.3194;70.9403;7.077;80.6182;1.4126;3.1746;-10.9746;-25.0866;6.6744
6075;100.7319;5.2649;107.5693;5.5228;58.2124;0.8;1.1255;-10.2616;-53.1053;10.6622
6076;56.1253;9.4252;98.6153;2.2026;68.1795;0.8162;0.6635;-13.9105;-72.906;18.4543
6077;46.9897;1.2784;128.49;3.2271;50.9625;1.1483;1.0655;-18.3236;-69.0719;16.1665
6078;53.8823;7.4193;89.2591;3.1121;68.3158;1.0573;1.1485;-16.3389;-63.7917;13.809
6079;45.9418;0.8054;93.7031;6.7611;59.7467;0.9135;2.0722;-7.1214;-24.3862;6.6125
6080;94.0598;3.4978;96.3308;6.4844;56.7798;1.2232;1.656;-16.5542;-54.8717;11.0795
6081;97.8755;2.5011;102.25;3.6624;53.9872;1.05;1.4866;-13.7136;-52.8039;10.5941
6082;75.7639;5.9829;90.6522;3.6301;68.4468;1.4475;1.2927;-23.0639;-70.2318;16.7965
6083;91.9833;1.5964;87.0523;4.667;47.6195;0.8;1.9386;-5.8439;-19.2241;6.19
6084;72.4113;4.5508;62.9648;4.712;73.1962;0.9009;2.3613;-5.2329;-12.6316;5.7229
6085;68.288;3.1526;86.8188;3.1565;68.1962;1.3922;1.9857;-17.9531;-52.4547;10.5163
6086;64.0053;2.2818;119.5789;4.2263;53.7487;1.1009;1.2563;-15.7802;-61.9586;13.1436
6087;64.413;6.1046;123.6842;2.4196;73.1126;0.9792;1.3609;-12.3589;-53.6715;10.7925
6088;42.1396;2.7724;88.8893;6.5085;62.7725;0.9225;1.5533;-10.3024;-43.8737;8.9085
6089;74.7566;2.8048;138.3853;1.9595;63.0785;1.0725;1.027;-17.1414;-68.08;15.6642
6090;69.274;3.0568;99.285;1.9428;61.2245;0.8;1.416;-8.6002;-40.9989;8.4744
6091;83.4165;4.7579;71.5723;5.2526;62.1292;0.8;1.7549;-6.5691;-26.8797;6.838
6092;71.6834;5.2427;66.1599;2.7447;74.9882;1.1192;2.8931;-7.1767;-13.8378;5.803
6093;67.0713;1.1466;135.6034;3.8486;50.9172;1.1866;1.2055;-18.5389;-66.1348;14.7644
6094;54.3185;2.8967;91.0965;4.6948;48.0374;1.207;1.2;-18.9757;-66.8617;15.0883
6095;71.2988;3.8485;73.8218;5.613;57.6369;0.9177;1.907;-8.3361;-30.7337;7.2185
6096;83.2883;3.3349;60.0;4.2684;57.6619;0.9105;2.3145;-5.5577;-15.2648;5.9007
6097;49.4199;7.2246;90.5807;7.2688;39.0428;0.9993;0.7555;-17.1543;-74.7987;19.8402
6098;71.5745;6.2427;110.6484;4.5993;65.3934;0.8198;0.991;-11.7731;-59.7053;12.4086
6099;74.1948;5.0122;83.9942;6.3862;28.8189;1.142;0.8351;-19.7721;-75.6252;20.513
6100;57.0748;3.3652;76.8503;5.0178;52.3198;0.9425;1.5106;-12.1908;-46.576;9.3591
6101;59.4186;5.5385;87.167;7.7968;68.4896;0.9868;1.3857;-12.8093;-53.1905;10.6816
6102;74.151;6.7754;136.4514;6.1875;81.8091;0.9655;0.9734;-14.5618;-66.3942;14.8784
6103;49.5984;4.8093;70.5926;4.6652;68.2665;1.1083;2.0284;-11.0166;-38.993;8.1958
6104;76.2986;6.2141;85.1781;5.5432;72.707;1.0589;1.5469;-13.7576;-51.3053;10.2681
6105;53.8836;5.9153;135.3494;4.2088;65.0071;1.4641;0.862;-26.6023;-80.3748;25.4774
6106;89.1314;4.6634;113.15;4.1937;72.5509;0.926;1.4474;-11.0436;-47.9012;9.5971
6107;112.0809;3.2369;104.58;2.6449;54.8451;1.4313;1.5252;-21.7925;-64.4805;14.0768
6108;54.5064;5.8884;85.0346;3.3876;41.9786;0.8;0.7708;-12.7656;-67.8826;15.5679
6109;79.6157;2.7162;100.7655;7.6915;46.0194;1.1029;1.3699;-15.6242;-58.5956;12.076
6110;56.9186;6.1706;87.419;2.794;63.5634;0.8;1.4711;-8.6602;-38.7022;8.1569
6111;88.7372;6.3948;80.6665;3.6168;43.4016;0.8148;0.982;-11.9978;-59.8295;12.447
6112;47.2253;6.5609;76.3369;4.4594;72.0787;0.8229;1.3296;-9.8678;-46.1393;9.2832
6113;78.6506;4.0796;121.6556;4.5094;81.019;0.8102;1.5205;-8.1254;-37.4433;7.9927
6114;54.2862;2.6381;98.5012;5.1756;53.5565;0.8855;1.4877;-10.4021;-43.9976;8.9282
6115;66.2743;2.039;108.1802;3.8963;45.1459;1.5529;1.0504;-27.1297;-77.4522;22.1752
6116;51.4415;5.8688;103.8646;5.2681;56.2357;0.8389;0.8484;-12.7796;-66.2898;14.8323
6117;84.8023;7.2498;111.6535;6.3136;47.5327;0.8;0.6691;-13.0957;-72.1215;17.935
6118;54.9344;5.1814;93.8305;6.4999;61.3928;1.1038;1.1604;-16.744;-64.9577;14.2685
6119;79.9354;2.3504;88.6553;4.1987;76.6117;1.0497;2.4921;-6.7317;-20.86;6.3179
6120;63.8062;7.9193;81.5609;5.517;71.6902;1.5578;1.2848;-26.0133;-72.5079;18.187
6121;67.9395;9.1487;70.2231;2.8808;53.7583;0.9919;0.8417;-16.4694;-71.7123;17.6755
6122;72.6596;3.8616;75.54;3.5174;57.4193;0.8;1.6362;-7.8105;-31.8253;7.3341
6123;56.2872;4.8092;91.2694;2.8394;62.502;0.9181;1.2108;-12.3514;-56.0376;11.3733
6124;73.7866;6.1511;66.9811;4.5314;76.9853;0.9144;1.8578;-8.7354;-32.2762;7.3829
6125;97.546;5.8131;70.7816;3.3112;43.2972;0.8;1.1839;-10.0947;-50.6707;10.136
6126;55.9943;8.5364;129.7624;2.319;43.6954;0.8936;0.3882;-17.113;-85.5174;34.5242
6127;91.0926;2.1518;105.7645;4.021;70.1079;0.9705;1.7839;-10.6695;-38.7314;8.1608
6128;96.9658;4.7197;89.3187;2.0071;46.3109;0.9879;1.1235;-14.6965;-62.0931;13.1902
6129;55.3092;5.4738;176.4546;6.5908;35.1523;0.8;0.3789;-15.0158;-84.211;31.6677
6130;43.809;7.2966;66.2283;3.7637;48.9752;1.1296;0.9416;-18.5237;-72.2148;17.9952
6131;75.4353;7.1066;127.622;6.078;75.6423;1.3871;0.9059;-24.3069;-78.2286;22.9659
6132;60.1467;8.7904;97.2518;3.8619;69.6699;1.0577;0.9883;-16.5215;-68.8545;16.0537
6133;103.6349;4.3038;121.6845;2.8076;61.5029;1.2477;1.1678;-19.7919;-68.801;16.0261
6134;70.6265;6.6452;102.7613;6.3633;64.0548;1.0369;1.064;-15.9952;-65.7956;14.618
6135;55.5604;3.8286;62.6215;4.7331;62.9759;0.8112;3.1301;1.9031;28.6258;3.8872
6136;49.3511;3.8019;102.4152;7.4304;76.5239;1.0557;1.6766;-12.3087;-47.0606;9.4448
6137;89.6183;2.953;108.7508;3.9002;73.4204;0.9044;1.754;-8.0664;-35.3523;7.7342
6138;59.7187;6.5233;60.0;3.9326;24.6242;0.801;0.6124;-13.7964;-74.517;19.6209
6139;70.7889;9.0288;162.582;6.1072;51.8221;0.9845;0.3946;-18.9437;-86.6382;37.4202
6140;87.2044;2.9674;108.0909;6.1176;65.2085;1.1783;1.7449;-14.9518;-50.6376;10.1292
6141;61.2833;1.6546;118.2933;4.8301;73.7871;0.9342;1.9109;-7.9999;-31.8116;7.3326
6142;69.1733;6.4977;74.723;9.6029;70.6566;1.474;1.7006;-20.9306;-61.5424;13.0013
6143;69.7018;4.9746;118.8455;4.1792;73.2611;1.2095;1.1955;-18.7747;-67.0518;15.1753
6144;82.2998;8.3629;131.3081;2.6958;68.0259;0.8962;0.7196;-15.121;-73.2366;18.6822
6145;80.6334;2.9476;106.5444;3.0962;61.1373;0.8908;1.5011;-9.5038;-43.8294;8.9014
6146;66.038;1.7988;99.766;4.1879;68.1742;1.5356;2.3127;-18.8528;-49.7996;9.9601
6147;71.1457;4.1903;79.9797;6.8782;61.9641;0.935;1.8398;-8.8182;-34.408;7.6229
6148;63.308;1.9247;94.7383;4.3205;79.507;1.0756;2.1843;-9.584;-32.3058;7.3862
6149;43.403;2.9935;87.9847;6.9491;43.0832;1.088;1.5793;-13.4315;-51.6149;10.3338
6150;74.6368;2.2297;115.3729;5.2516;53.6355;0.8;1.431;-8.4387;-40.3768;8.386
6151;104.0595;2.8072;80.8585;6.2251;52.1105;0.8;2.1409;-3.7264;-10.7947;5.605
6152;54.0931;2.0877;115.1612;5.1808;59.8676;1.1868;1.4282;-16.5113;-59.8877;12.465
6153;56.0855;8.2492;81.079;5.1689;71.2703;0.811;1.0969;-11.0792;-54.9176;11.0908
6154;54.3269;3.0736;93.6516;5.7291;66.3284;1.0024;2.2661;-8.1174;-24.6412;6.6349
6155;83.0427;3.9188;116.6504;3.7499;70.8891;0.8;1.5354;-7.6278;-36.0248;7.8155
6156;78.0727;7.4034;83.8661;3.7664;75.3581;0.9364;1.261;-12.3696;-55.1125;11.139
6157;67.1463;5.3677;117.6606;5.1243;50.138;1.0437;0.7725;-17.9076;-75.3286;20.2664
6158;53.4757;4.9601;114.8261;7.5117;70.6796;0.8;1.4481;-8.627;-39.6632;8.2868
6159;71.6628;5.5751;93.4506;2.2889;74.934;1.0109;1.4661;-13.2552;-51.6555;10.3424
6160;41.8368;6.6261;133.7023;1.5562;54.9283;1.0221;0.4978;-19.024;-83.7654;30.7984
6161;72.5817;7.1478;101.9636;4.2044;22.8914;0.9106;0.3133;-17.9574;-88.5293;43.5892
6162;85.6874;5.1251;131.728;6.1463;70.6218;0.8024;1.1007;-10.6317;-54.2781;10.9357
6163;47.4784;7.2955;156.5752;4.6771;42.0579;0.9274;0.3307;-18.1449;-88.1155;42.0716
6164;42.4147;4.4416;94.1458;2.846;54.4624;0.9277;1.0402;-13.4596;-62.6236;13.3774
6165;98.4299;3.0675;117.4965;4.7186;42.6209;1.4696;1.0653;-25.3435;-75.8376;20.6933
6166;58.9883;7.176;85.2662;2.0005;53.7608;0.9761;0.8614;-15.8715;-70.5858;16.9986
6167;90.4471;4.478;77.2438;5.5434;64.6551;0.9113;1.9474;-7.5352;-28.7702;7.0195
6168;67.228;7.5016;95.231;4.1363;63.3729;0.9757;0.8829;-15.7185;-69.8384;16.5774
6169;67.0848;1.4767;71.1308;4.477;51.3777;1.0884;2.0517;-11.3327;-37.1656;7.9574
6170;77.8914;3.6703;79.1044;5.2408;51.4536;1.0804;1.7043;-12.9952;-47.4206;9.5094
6171;54.088;8.1369;115.9348;4.9085;46.2348;1.0941;0.5026;-20.8132;-84.6872;32.6525
6172;72.3849;2.935;87.9491;3.7881;60.0428;1.1282;1.6642;-13.6926;-50.8284;10.1685
6173;63.1332;8.0282;119.4382;6.1504;51.5374;0.8;0.6098;-13.5831;-74.59;19.6773
6174;46.2311;8.2491;107.7726;5.7954;54.4825;1.1088;0.5968;-20.3842;-82.0592;27.8695
6175;76.0747;7.2004;158.8497;1.9386;65.5494;1.0375;0.5878;-19.0139;-81.114;26.4747
6176;65.2605;4.6133;114.0064;4.2546;65.1398;0.8828;1.1656;-12.0083;-55.9896;11.3609
6177;67.1736;5.1545;132.1219;2.9796;65.3371;1.0215;0.8447;-17.1195;-72.4373;18.1405
6178;48.2171;7.0554;110.5692;2.6979;58.0114;0.9783;0.8606;-16.2262;-70.6744;17.0499
6179;98.6452;6.1396;108.0959;5.4027;54.1686;0.9958;0.9668;-15.7077;-67.6405;15.4514
6180;85.7809;5.0403;133.801;3.9711;63.6178;1.0355;0.9102;-16.8749;-70.6982;17.0638
6181;87.3548;8.9138;118.199;4.3858;46.7966;0.8;0.4988;-14.2967;-79.2152;24.056
6182;64.502;5.4281;105.3919;3.5955;55.037;1.054;1.0514;-16.0261;-66.7487;15.037
6183;38.8747;8.7231;105.2758;5.1553;50.0987;1.1389;0.7842;-19.7269;-77.0491;21.7856
6184;105.1525;1.6675;114.403;5.6175;50.2677;1.05;1.41;-13.5984;-55.2365;11.1698
6185;68.9002;2.3167;84.5486;7.8554;46.1897;0.865;1.5727;-8.8389;-39.3951;8.2502
6186;56.5216;3.9603;83.6566;4.3285;78.8961;0.8414;2.2389;-4.1438;-11.307;5.6374
6187;77.5024;3.6043;142.8109;2.4274;54.7542;1.0371;0.803;-17.8724;-74.1921;19.3739
6188;91.0082;6.1989;159.3772;3.8442;52.7996;1.1742;0.6755;-21.3924;-80.8252;26.0759
6189;69.5851;2.4531;79.2771;5.8706;57.6855;1.2992;2.0555;-15.5205;-47.2613;9.4807
6190;93.0144;8.7392;84.5989;3.441;67.101;1.1653;1.0829;-18.464;-69.0229;16.1409
6191;89.494;3.2511;133.0601;2.3768;83.4827;1.1078;1.4782;-14.8561;-55.5202;11.2411
6192;50.6251;3.8375;114.2684;3.4723;60.2062;0.8;1.0226;-10.6232;-57.3914;11.7347
6193;57.8718;3.0553;118.4247;3.8;44.4415;0.8845;0.8446;-14.1101;-68.1708;15.7089
6194;87.2357;4.7111;125.1259;2.976;77.2432;1.0646;1.7904;-11.85;-43.9402;8.919
6195;30.0;1.68;94.1592;4.9262;80.8511;0.8728;2.7801;-0.9262;6.1701;4.7094
6196;67.3098;2.3854;108.5991;4.4815;66.5621;0.8302;1.468;-8.8585;-41.0604;8.4833
6197;44.245;5.8885;106.5078;5.7846;64.1846;0.8086;1.1178;-10.7838;-53.9186;10.8504
6198;61.422;2.6046;80.6846;3.9312;75.0605;1.4233;2.338;-16.7619;-45.243;9.1313
6199;64.6212;2.8651;108.1958;5.4371;48.3081;0.8;1.13;-10.7833;-52.9184;10.6199
6200;63.5516;6.2897;136.2645;3.8616;39.3949;0.9584;0.4945;-17.7934;-82.8023;29.0736
6201;60.0593;1.9886;91.986;2.9056;61.6217;0.8645;2.1971;-4.5768;-15.2869;5.9023
6202;50.2514;3.8838;103.8879;3.7855;41.1499;0.8413;0.9991;-12.1612;-60.4183;12.6321
6203;111.2544;1.2401;105.3036;2.1726;35.8909;1.0858;1.2444;-16.1327;-61.7965;13.0878
6204;103.6143;3.4093;93.1307;7.2823;71.0452;1.1789;2.2747;-11.6886;-35.6851;7.7742
6205;49.0828;5.5259;118.4387;4.8137;52.0617;0.8;0.7083;-13.0297;-70.4868;16.9416
6206;98.4781;1.9629;84.3651;3.4069;75.413;1.0106;2.6181;-6.0284;-13.641;5.7898
6207;62.8096;7.275;139.5372;4.0335;30.4362;0.9775;0.3571;-19.058;-87.823;41.0611
6208;72.3254;7.5468;116.9471;0.9243;65.9518;0.9135;0.7027;-15.5313;-74.3609;19.5015
6209;68.8611;2.0791;79.121;6.7515;80.1082;0.8297;3.1018;1.1685;24.6204;4.0122
6210;58.1245;9.215;152.883;6.6048;81.4716;1.2482;0.7255;-22.3826;-80.627;25.8091
6211;87.7093;3.1652;104.2921;4.7613;52.7301;0.8132;1.5605;-7.7457;-36.0341;7.8167
6212;72.266;1.9133;83.4655;5.0792;85.3514;0.8;3.0806;2.648;28.3565;3.8954
6213;61.4221;0.8469;131.8031;2.6985;58.9995;1.2458;1.2242;-19.1524;-67.2427;15.2638
6214;46.5174;3.7284;113.164;2.8075;69.2703;1.0408;1.2557;-14.4717;-59.7845;12.433
6215;53.9153;5.0384;64.2114;2.0541;59.8792;0.8;1.5965;-7.4789;-33.481;7.5167
6216;40.4552;3.3359;87.6854;4.3584;54.6312;0.9847;1.2362;-13.8665;-58.1535;11.9484
6217;70.22;6.7048;107.2266;6.1916;84.227;0.8827;1.8371;-7.3132;-30.6215;7.2068
6218;48.46;5.6588;60.0;4.0252;68.1268;1.3468;1.8224;-17.5534;-54.8981;11.086
6219;65.2199;3.4262;102.1495;5.1215;58.0566;0.9528;1.3999;-12.1267;-51.0271;10.2097
6220;94.6618;5.7966;104.0285;6.0683;88.3866;1.1122;1.9214;-12.6085;-42.4136;8.6826
6221;91.5874;8.0106;74.3882;2.1638;32.6165;0.9954;0.6251;-17.8443;-79.0659;23.8844
6222;69.419;1.987;107.0003;7.3683;70.313;1.3329;1.9;-17.5452;-52.4869;10.5234
6223;68.4325;3.2071;100.1868;6.336;64.7604;1.0415;1.5538;-12.9221;-50.2717;10.0546
6224;103.8377;4.026;74.2432;5.3708;72.5165;1.2605;3.0085;-9.1197;-20.4405;6.2846
6225;79.3736;4.2221;125.8462;5.9861;81.9343;1.1144;1.5274;-14.6307;-54.312;10.9438
6226;64.0995;4.4824;123.3016;6.0566;72.8788;0.8953;1.2043;-12.0672;-55.1607;11.1509
6227;44.3317;3.1803;93.0127;5.039;70.5005;1.0004;1.7369;-10.5299;-42.1257;8.6394
6228;77.0897;5.296;95.1567;6.7424;62.0373;0.9583;1.2739;-13.2901;-55.6911;11.2844
6229;84.9278;5.1418;119.9094;3.921;60.6879;0.8916;0.9847;-13.6225;-63.1894;13.5831
6230;58.6303;4.7014;95.1072;5.2927;60.527;0.8062;1.3609;-9.1073;-43.7327;8.8862
6231;75.2416;2.1437;61.7098;6.5825;28.9716;1.3125;1.5472;-19.4548;-60.7056;12.7245
6232;63.4557;4.1024;112.9454;0.5632;46.038;0.8;0.7613;-12.7503;-68.2772;15.7615
6233;66.6874;3.457;81.6021;5.2569;56.0734;1.3051;1.5291;-18.8544;-60.9471;12.8031
6234;30.0;4.1823;90.7138;5.6869;49.4861;0.8;1.0211;-10.9563;-57.4523;11.7515
6235;66.0079;7.7206;143.9747;2.0373;78.7003;1.1148;0.7605;-19.8373;-77.2587;21.9864
6236;87.4486;4.1225;96.706;5.0227;64.0329;0.8895;1.8892;-7.5046;-29.2028;7.0624
6237;58.6348;1.0762;100.0434;3.4094;79.8875;0.8;2.5892;-1.2207;7.8813;4.6347
6238;70.9455;3.8912;113.589;5.1952;44.5483;1.2574;0.833;-22.3642;-77.9185;22.6434
6239;56.3929;6.5465;113.466;4.4575;61.9223;0.8;0.8643;-12.1005;-63.9869;13.8838
6240;76.488;6.1756;79.4693;3.1805;70.0816;1.1726;1.4343;-16.5012;-59.2263;12.2628
6241;66.1026;4.3115;98.5038;6.2645;47.5913;1.0263;1.1145;-15.6154;-63.8021;13.813
6242;53.0937;2.9356;100.9079;3.9725;43.5967;1.2339;1.3989;-17.6955;-62.2097;13.2309
6243;93.9859;4.0358;107.0373;5.0049;83.9704;1.1335;1.8517;-13.0852;-45.5449;9.1819
6244;86.7208;4.6136;107.4984;6.5711;49.5011;1.1304;1.0304;-18.2055;-69.6169;16.4565
6245;59.1117;9.9075;190.9536;3.225;53.1074;1.1967;0.2897;-24.2776;-91.9311;50.0
6246;78.9602;5.1356;74.5303;4.6121;37.1006;1.1824;0.9759;-19.8391;-72.4877;18.1737
6247;79.6734;5.491;127.7651;3.857;66.3624;1.0943;0.9768;-17.5806;-70.245;16.8039
6248;81.5614;4.1846;134.426;4.1917;63.3308;0.9353;1.1551;-13.1332;-58.8317;12.1453
6249;39.5034;3.4482;113.1106;7.8341;47.1385;0.9552;0.9335;-15.4628;-67.4231;15.3483
6250;88.1189;6.4732;84.9949;5.2852;56.9893;1.0216;1.1441;-15.2808;-62.6685;13.3935
6251;59.7454;4.2046;151.6139;5.0704;42.7721;0.9481;0.5894;-17.1062;-79.2797;24.131
6252;63.5591;9.4058;60.0;5.3861;63.455;1.5484;1.3225;-25.4551;-71.5296;17.5621
6253;117.4819;3.9915;84.2976;5.2454;60.8785;0.9828;1.8747;-10.2195;-36.418;7.8639
6254;75.4337;1.7708;134.0336;1.8613;74.9887;0.8;1.6307;-6.7038;-32.0543;7.3588
6255;63.0462;5.4056;91.1624;8.0451;64.3485;0.9762;1.5904;-11.6914;-45.6935;9.207
6256;30.3047;1.5525;149.0507;2.4034;53.7798;0.8456;0.7765;-13.5394;-69.3912;16.3352
6257;95.0158;2.9391;68.5264;7.1989;56.6247;1.4793;2.7866;-14.4182;-37.2084;7.9628
6258;45.7862;3.4444;75.7278;5.527;41.1427;1.0197;1.1965;-14.5614;-60.8887;12.784
6259;51.9381;5.8377;87.5544;4.8712;42.4278;1.1354;0.8752;-19.265;-74.3039;19.4582
6260;64.0357;4.2006;110.9989;4.1418;57.9151;1.1085;1.3103;-16.2297;-60.5997;12.6903
6261;95.4954;1.3248;94.6007;8.5077;75.2232;1.2082;3.4927;-3.5935;-3.6392;5.1888
6262;83.9183;4.9523;88.4618;5.5067;76.7029;1.0488;1.7753;-12.295;-43.5785;8.8619
6263;67.1589;3.7438;142.6322;4.6265;51.0856;0.9233;1.1732;-12.5468;-57.6474;11.8056
6264;75.5493;7.7201;145.989;3.7971;72.5576;1.0095;0.7339;-17.3663;-75.7661;20.6322
6265;59.1931;4.2312;90.159;3.6173;66.3632;0.8;1.6719;-6.7825;-30.3376;7.1775
6266;72.5138;5.6008;65.2175;4.6759;51.3201;0.9705;1.4643;-12.005;-49.7065;9.9416
6267;71.3201;2.7799;60.0;3.2041;45.6083;1.4316;1.8728;-19.2397;-56.3924;11.4659
6268;87.4379;6.0131;106.1648;5.6195;72.0366;1.1584;1.3075;-16.9182;-62.3778;13.29
6269;87.4092;5.6923;117.8201;3.6315;46.1911;0.979;0.717;-16.6815;-75.587;20.4809
6270;78.8916;7.4744;101.5874;6.1074;82.8947;1.4953;1.5075;-23.2087;-66.3958;14.8791
6271;63.4777;1.3962;98.2429;6.0739;70.0027;0.8852;2.5559;-2.5941;-3.7611;5.1954
6272;83.3528;3.9385;81.7801;4.5168;83.9234;1.071;3.1335;-3.5353;-2.4715;5.1267
6273;68.3446;5.3809;117.7914;5.4705;72.0919;0.9412;1.1147;-13.3162;-60.5219;12.6653
6274;50.5255;2.0034;152.1271;5.5455;58.0036;0.9599;0.9517;-14.7637;-66.951;15.129
6275;62.7408;3.7394;60.0;2.4065;65.9622;1.082;2.2183;-9.36;-31.6595;7.3163
6276;71.5215;8.0386;98.0811;7.1975;68.204;1.1221;1.0199;-17.9039;-69.7025;16.503
6277;86.3839;3.8754;78.4595;4.2164;61.8538;0.9603;1.7249;-10.291;-40.1228;8.3504
6278;66.6965;9.0148;68.8929;5.6434;83.1273;0.846;1.4647;-9.1078;-42.2909;8.6641
6279;48.2344;1.6619;75.3901;5.6854;59.8221;1.4426;1.9834;-19.5683;-54.17;10.9099
6280;71.0214;5.6682;109.9569;0.8657;56.0761;1.0205;0.9577;-16.1229;-68.7165;15.9829
6281;72.0422;4.7215;110.6543;3.6146;42.7922;0.8127;0.7726;-12.8558;-68.3111;15.7784
6282;73.3451;4.2368;144.0618;5.8606;65.6129;0.8151;1.0012;-11.3937;-59.0557;12.2117
6283;86.5577;8.6076;100.2198;4.6934;64.7651;1.4891;0.8311;-27.2511;-81.3967;26.8769
6284;88.3406;2.2548;64.4323;5.6335;46.2668;1.6369;2.2738;-21.4418;-53.6963;10.7983
6285;59.3042;7.3702;94.2196;4.7385;87.306;1.0696;1.3454;-14.8856;-58.0724;11.9253
6286;58.9094;5.4687;70.7092;6.4441;61.0047;0.8845;1.8526;-7.9233;-30.1783;7.1611
6287;51.2764;2.9802;73.9561;4.7711;70.2205;1.0688;2.8273;-5.6285;-11.8209;5.6703
6288;82.5787;7.4429;115.6201;6.7361;68.274;0.9407;0.9586;-14.5591;-66.0327;14.72
6289;96.0788;3.8395;104.9743;3.13;63.4448;1.1216;1.4464;-15.751;-57.0119;11.6311
6290;64.3285;6.4852;115.8228;4.4085;76.0022;1.0725;0.9773;-17.2093;-69.6275;16.4623
6291;65.6542;3.6249;91.4504;3.7099;60.3144;0.9935;1.3384;-13.6339;-55.0964;11.135
6292;96.4021;6.8515;121.8514;5.183;52.2023;0.9833;0.7608;-16.7042;-74.2087;19.3864
6293;79.1;5.0843;90.1811;4.182;62.0289;0.9569;1.3622;-11.7795;-52.5504;10.5375
6294;77.8522;2.3303;132.2033;4.2557;78.6095;1.2089;1.5606;-16.6495;-56.9699;11.6198
6295;48.5635;5.1733;108.998;3.5429;39.1906;0.9622;0.5835;-17.498;-79.786;24.7353
6296;82.2171;2.6318;94.9567;3.9089;69.3716;1.5085;2.1559;-19.655;-52.3612;10.4956
6297;53.2755;3.7464;105.4454;4.5846;84.6833;1.5369;1.7799;-22.3256;-61.3953;12.9518
6298;49.5876;2.5111;99.5545;1.568;73.2453;0.9271;2.0114;-7.396;-27.6846;6.9142
6299;63.7581;1.2231;149.0373;1.1474;75.4007;0.9304;1.6128;-10.7251;-42.2177;8.6532
6300;59.4557;2.7433;106.3281;4.6887;42.429;0.9902;0.9241;-15.8228;-68.8913;16.0727
6301;66.0112;4.4474;99.9597;0.4462;78.3852;0.8795;1.5036;-9.4011;-43.0146;8.7742
6302;44.0623;4.1284;94.212;4.3103;62.3405;1.1856;1.5723;-16.0455;-55.7951;11.311
6303;87.2587;4.2424;123.4661;4.0343;54.2247;1.2673;1.0749;-20.7186;-71.7271;17.6848
6304;90.2984;2.9254;119.3605;5.4131;64.4243;1.2927;1.5566;-17.8047;-59.8616;12.4569
6305;34.9478;5.4243;93.383;3.592;58.1668;0.9592;1.1719;-13.5813;-59.2755;12.2776
6306;87.6122;5.5653;74.9079;6.9543;56.2309;0.9569;1.5498;-11.1767;-46.0115;9.2612
6307;55.4105;3.4658;79.8123;5.8722;65.3336;0.8;2.373;-2.4127;-1.127;5.057
6308;85.4256;7.1889;95.5003;2.3316;52.1165;0.8769;0.9051;-13.3915;-65.5932;14.532
6309;68.768;5.1346;140.1064;4.1735;73.2572;0.83;0.9143;-12.3986;-63.2797;13.6164
6310;70.518;5.6316;93.9372;6.8908;63.7756;0.8014;1.2324;-9.5857;-48.737;9.7536
6311;66.6682;3.0677;86.1973;3.5536;64.7403;0.9072;2.1049;-6.1158;-22.6615;6.4651
6312;91.8183;0.6205;64.3921;4.5207;76.9467;0.9404;4.5532;9.2216;61.3889;3.0981
6313;47.6874;7.0079;145.9925;6.7062;50.5893;0.9951;0.5595;-18.1522;-81.2568;26.6763
6314;80.9411;6.5636;115.2873;3.7891;71.8846;1.3125;0.9475;-22.7401;-75.9371;20.7789
6315;89.8239;2.2105;122.0185;6.2845;57.128;1.2625;1.3383;-18.6039;-64.6663;14.1508
6316;82.8941;3.5485;127.1786;3.235;54.8193;0.8;1.2255;-9.8921;-48.9359;9.7916
6317;111.8446;5.2544;95.9654;0.2686;36.7398;1.0894;0.758;-18.9644;-76.8079;21.559
6318;60.479;5.1902;102.1373;6.4428;58.4303;0.8522;1.2494;-10.6069;-51.1307;10.2314
6319;87.2315;6.9526;145.0851;5.2581;82.4919;1.03;0.9132;-17.0178;-70.4468;16.9187
6320;68.0904;2.3252;104.5918;5.3568;73.0928;1.2998;2.0502;-15.9895;-47.4229;9.5098
6321;92.2013;3.843;115.8217;2.9606;81.5559;0.9073;1.9857;-7.5633;-27.0475;6.8538
6322;69.8616;2.0196;124.3137;3.08;55.5135;0.8208;1.2861;-9.5715;-47.77;9.573
6323;63.0182;3.6288;117.4371;6.3257;53.8252;1.0103;1.4938;-13.0424;-50.7173;10.1456
6324;93.5093;1.099;96.8466;4.9648;48.013;1.3022;1.6421;-17.7663;-57.9661;11.8952
6325;61.1519;7.3991;99.1565;4.4238;64.5243;1.4934;0.8394;-27.2596;-81.2634;26.6857
6326;44.5709;4.3918;121.4594;4.9314;68.9876;0.8841;1.2036;-11.7997;-54.6199;11.018
6327;60.6968;6.8396;121.4097;6.8628;31.4318;1.0267;0.4292;-19.5279;-86.0657;35.8826
6328;81.1426;1.6928;133.9181;5.6855;63.6751;1.0566;1.5511;-13.4049;-51.0687;10.2184
6329;95.0567;2.8242;114.7716;3.888;59.6626;0.8;1.8373;-5.6222;-23.4469;6.5314
6330;72.0003;2.982;116.0849;2.4948;37.3826;0.8;0.7492;-12.6834;-68.785;16.0179
6331;93.7275;3.6137;89.4439;5.4821;38.585;1.0671;1.0929;-16.1598;-65.8586;14.645
6332;45.5529;6.3793;86.4774;3.214;66.3854;0.9276;1.0469;-13.8995;-62.3792;13.2905
6333;62.0213;3.613;121.5503;2.8264;33.8857;0.8;0.6295;-13.4592;-73.7712;19.063
6334;64.8056;2.7047;86.6281;6.5736;51.4819;1.1473;1.8599;-13.3706;-45.9621;9.2528
6335;67.9379;1.7424;99.4838;5.9086;93.8458;1.0123;2.8179;-5.3575;-7.2101;5.3885
6336;71.5137;1.874;141.1645;5.1785;75.0729;1.0023;1.7723;-11.1021;-41.0588;8.483
6337;82.4364;6.0054;135.6818;2.7424;29.9782;0.8033;0.4063;-14.979;-83.1417;29.659
6338;61.9935;3.9238;107.8366;7.2839;67.6949;0.8;1.6408;-6.9261;-31.6343;7.3136
6339;72.5025;5.7328;92.8639;6.1433;41.1347;0.8873;0.9184;-13.461;-65.4984;14.4921
6340;69.1878;5.4035;96.9626;4.1443;37.5559;1.0098;1.0348;-15.6326;-65.8422;14.6379
6341;53.334;2.293;124.2239;3.8271;67.1804;0.8678;1.4628;-9.4837;-43.8154;8.8992
6342;67.954;2.3422;99.0917;4.7177;48.5742;0.803;1.202;-9.5194;-50.1046;10.021
6343;67.4141;5.9664;86.9732;3.8824;44.4861;0.9283;0.979;-13.9564;-64.8457;14.223
6344;67.0285;5.6947;135.5193;7.9178;58.4335;1.007;0.851;-16.702;-71.8309;17.75
6345;70.5717;3.5688;104.6446;4.0217;62.0868;1.327;1.3141;-20.5421;-66.9925;15.1481
6346;71.3621;1.856;86.5616;2.9982;69.2766;1.0305;2.2565;-8.8124;-27.0101;6.8503
6347;62.2187;1.036;112.7198;6.9826;65.0826;0.8;2.103;-3.9909;-12.376;5.7062
6348;92.9089;3.1198;127.482;3.7464;74.134;0.8;1.476;-8.1427;-38.501;8.1302
6349;48.9493;0.968;77.7308;5.7796;42.3577;0.8;1.7532;-6.1878;-26.9502;6.8446
6350;57.0225;2.8376;95.1121;5.6131;72.9061;1.0703;2.5316;-7.409;-21.1576;6.3418
6351;120.0393;3.7869;94.0192;4.5122;51.6554;0.8102;1.5549;-7.5701;-36.029;7.816
6352;51.3162;2.1981;111.9712;3.1405;54.7627;1.1047;1.7746;-13.4454;-46.4533;9.3376
6353;45.6324;2.0737;117.1169;4.5277;68.0689;1.2662;1.7742;-16.8524;-53.2914;10.7047
6354;83.2206;7.3757;87.1213;2.8452;49.8466;1.1253;0.8394;-19.0552;-75.1359;20.1093
6355;32.6118;4.7496;68.8536;4.5644;79.6518;0.9556;1.8749;-9.4909;-34.5992;7.6452
6356;65.7651;7.9123;129.4274;5.7592;76.3312;1.4473;0.9345;-25.9786;-78.4767;23.2306
6357;108.6248;3.4044;75.5794;7.1767;51.968;0.9119;2.1414;-6.7248;-21.7285;6.388
6358;42.1912;5.3664;107.0147;2.9682;53.8595;0.8347;0.9332;-12.5888;-62.7353;13.4175
6359;34.3246;2.7049;96.7543;4.2243;66.655;1.069;1.3207;-15.0663;-58.8186;12.1414
6360;43.0147;4.9621;104.1447;3.8128;59.8962;1.1673;1.378;-17.0057;-60.6488;12.7061
6361;86.1705;2.2543;151.1056;5.0106;72.6969;0.8;1.3551;-9.0926;-43.5372;8.8554
6362;90.246;0.7223;200.0;2.3173;41.6681;1.2487;0.732;-22.51;-80.4592;25.5875
6363;60.7734;7.8662;66.474;3.207;75.2349;0.8;1.3922;-8.9713;-41.9926;8.6196
6364;82.2978;4.5595;127.887;2.062;53.4305;0.8;0.7876;-12.5725;-67.184;15.2365
6365;95.0246;7.7958;96.1691;2.4425;46.7285;0.9335;0.695;-15.8547;-75.1825;20.1471
6366;102.1722;3.3442;129.9479;3.6093;72.9356;0.8085;1.831;-5.5522;-24.5137;6.6237
6367;65.566;3.314;127.038;7.1063;30.5416;1.0867;0.6074;-19.9293;-81.3693;26.8375
6368;30.0;3.6868;142.2529;5.1214;70.7181;1.0739;0.9788;-17.2596;-69.6177;16.457
6369;55.2242;5.5787;107.384;4.6975;77.3866;1.0636;1.4522;-13.7285;-54.489;10.9863
6370;62.3175;4.6266;80.06;6.6203;69.4405;1.2774;1.7678;-17.2251;-53.8725;10.8395
6371;65.3391;7.772;126.1009;5.1754;53.9021;0.9389;0.7196;-16.0358;-74.4505;19.5698
6372;66.6185;1.2773;102.9939;5.3164;60.042;1.0762;1.6639;-13.2051;-48.4669;9.7025
6373;90.1401;5.5949;94.3215;3.8905;66.2996;0.8;1.6518;-7.15;-31.1767;7.265
6374;92.9397;3.3267;88.7758;3.644;73.2908;1.2118;2.1682;-12.3001;-40.3572;8.3832
6375;66.9099;2.5689;128.6061;2.6333;52.8944;0.9046;0.974;-13.4141;-64.1082;13.9308
6376;89.7727;4.294;149.3082;3.6984;75.0124;0.9448;1.5421;-11.329;-45.5903;9.1895
6377;76.4379;4.263;74.1679;4.1792;64.4604;0.9338;1.8548;-8.8292;-33.7901;7.5517
6378;71.1611;2.3039;116.8228;5.1171;57.5237;0.9803;1.4343;-12.0846;-51.2278;10.2517
6379;86.3178;2.6898;91.1105;4.5449;67.2189;0.9288;2.0661;-7.2728;-25.8513;6.7432
6380;71.3005;3.7265;69.2936;4.0524;68.8821;0.8;2.636;-1.1965;9.8331;4.5524
6381;107.0406;3.7299;103.7617;3.2325;73.7791;1.2815;2.0799;-14.6943;-45.9005;9.2422
6382;44.1086;3.2634;81.1976;5.1987;48.205;0.878;1.2421;-11.4198;-52.8434;10.603
6383;60.7269;2.3783;67.4059;3.8534;80.2927;0.9279;2.9683;-2.2649;6.6346;4.6889
6384;67.7227;0.8223;82.2477;5.1307;55.1746;0.9621;2.3143;-7.309;-19.8207;6.236
6385;77.9101;8.5931;77.3412;1.7301;64.1422;1.1106;1.163;-16.5078;-65.0948;14.3245
6386;92.8233;8.0616;85.072;5.1046;68.704;0.9061;1.35;-11.5546;-50.3391;10.0683
6387;69.5608;4.1402;71.7867;5.7204;36.9319;1.2376;1.1624;-19.8279;-68.6921;15.9704
6388;44.3999;9.4264;90.5937;5.5293;59.4641;1.4549;1.0204;-25.4058;-76.6212;21.3869
6389;85.1653;5.3415;83.6681;4.3049;68.961;1.3871;1.5257;-20.4193;-63.3353;13.6371
6390;83.5893;1.7788;109.8454;5.973;57.5448;1.0519;1.7368;-12.2159;-44.966;9.0853
6391;35.0465;2.1721;115.9959;2.6906;68.3863;0.8911;1.314;-11.0623;-50.8467;10.1723
6392;69.9315;7.6381;106.7199;4.4662;68.6185;0.8863;0.8108;-14.3232;-69.5093;16.3984
6393;41.3774;5.04;94.2838;4.3099;49.4989;0.9287;0.9186;-14.5855;-67.0299;15.1653
6394;58.0363;6.7707;93.6499;6.1546;74.6811;0.8435;1.6645;-8.3974;-34.2224;7.6014
6395;53.7494;7.399;81.1177;1.5693;58.6053;1.0867;0.9858;-17.688;-69.762;16.5355
6396;84.5668;3.941;81.6075;3.0128;72.7582;0.9557;1.9426;-7.9152;-32.2474;7.3798
6397;72.1029;1.5735;119.232;7.2209;40.5664;0.9967;1.0759;-15.0084;-64.0179;13.8958
6398;46.8594;2.6146;64.4084;0.9542;64.2397;0.9403;2.2494;-7.0197;-20.2582;6.2702
6399;85.8412;1.7574;98.0021;5.8216;63.8747;1.0944;2.3633;-8.3484;-28.0192;6.9463
6400;44.1915;2.6172;92.2302;3.5495;85.8709;1.0525;1.8654;-11.2215;-40.9212;8.4633
6401;75.942;3.739;116.1582;4.9821;32.8409;0.9318;0.6664;-16.1925;-76.1609;20.974
6402;55.3478;2.1755;70.0295;6.7207;70.4512;0.9708;2.6199;-3.6862;-10.0395;5.558
6403;63.4178;2.49;100.3125;5.0398;57.8491;0.9706;1.6233;-11.111;-44.2475;8.9682
6404;79.0769;3.9293;108.953;6.7518;45.0397;1.1436;0.9481;-18.8805;-72.3645;18.0927
6405;79.3861;3.3759;62.115;3.8615;59.2437;0.8559;2.4954;-3.1168;-2.8158;5.1449
6406;94.0654;4.0501;76.4463;4.0597;72.0437;0.9111;2.0882;-6.8844;-23.6019;6.5447
6407;68.5194;3.8388;97.7314;5.7803;73.928;0.8;1.7811;-6.1953;-25.786;6.7373
6408;75.5161;5.1377;113.7163;3.9409;51.4557;0.8065;0.8251;-12.4197;-65.8976;14.6617
6409;62.1207;7.9563;104.6682;5.496;64.9561;0.9539;0.9757;-14.4818;-65.9026;14.6639
6410;73.2758;2.1006;115.0404;6.3757;50.6869;0.9163;1.4124;-11.1006;-48.6217;9.7317
6411;77.9107;2.0354;76.3499;5.9025;41.786;0.8;1.5874;-7.3158;-33.8595;7.5597
6412;68.2304;6.8714;67.2208;2.2316;82.0018;1.1107;1.6559;-13.9762;-50.306;10.0616
6413;37.5325;4.2707;102.1351;4.0879;65.6885;0.8385;1.3307;-9.9607;-47.1014;9.452
6414;75.9665;6.0587;73.5402;5.0227;57.1458;0.8;1.3012;-9.0128;-45.7817;9.222
6415;76.5621;2.7619;80.5469;4.2342;54.4188;1.0756;1.7142;-12.4419;-46.8758;9.4119
6416;57.7569;6.6265;126.2469;4.719;51.9664;1.1815;0.6145;-21.8201;-82.6629;28.8399
6417;46.881;7.7496;104.841;5.0426;73.0431;0.8;0.8748;-11.9534;-63.5516;13.718
6418;96.5658;5.0765;86.759;3.8101;80.552;1.1462;2.0103;-12.4546;-41.539;8.5527
6419;78.846;2.0858;83.987;4.3098;54.3575;0.9578;2.1191;-7.5694;-26.2498;6.7796
6420;65.8765;7.3613;116.7927;2.8284;83.2128;0.9501;1.0982;-13.8717;-61.4729;12.9779
6421;49.5334;6.2852;105.4422;3.8832;53.1782;0.8;0.7378;-12.7428;-69.2598;16.2654
6422;55.2073;5.9298;73.8127;2.31;64.4289;0.9694;1.3993;-12.1461;-51.8872;10.3922
6423;93.4466;1.434;61.4494;4.7747;63.8298;0.9819;3.1517;-0.7839;6.9909;4.6733
6424;72.4779;6.3436;160.0715;4.3102;71.1502;1.5694;0.6836;-29.8943;-85.4803;34.4359
6425;60.0894;2.3101;73.6667;3.2263;63.5435;1.1101;2.2905;-9.5649;-31.2203;7.2696
6426;79.1744;2.7982;114.1022;7.2779;68.6914;0.9995;1.7223;-11.8178;-42.5618;8.705
6427;55.3408;4.6971;145.8886;4.2319;58.152;1.2667;0.981;-21.8868;-74.1855;19.369
6428;97.0152;3.0087;103.7589;5.0298;80.4889;1.1936;2.4215;-11.0984;-32.3794;7.3942
6429;94.3504;5.2544;86.0614;3.6421;61.9751;0.8;1.3359;-8.8319;-44.3376;8.9827
6430;61.6017;4.8948;70.0114;3.9785;71.8593;1.1415;1.9906;-12.3886;-41.869;8.6013
6431;58.6839;2.1027;69.7674;5.0866;55.3289;1.0197;2.9725;-3.7773;-2.8334;5.1458
6432;30.0;5.2172;109.8751;4.1016;61.6116;0.8693;0.9078;-12.9006;-65.1895;14.3635
6433;43.3315;7.7512;143.7268;4.605;50.9209;0.8132;0.4381;-14.9879;-82.0403;27.8401
6434;45.8895;2.4561;90.5865;5.8102;36.5922;0.9711;1.0472;-14.3339;-64.0547;13.91
6435;72.4334;4.8236;87.0289;3.823;47.9222;0.9979;1.0184;-15.3149;-65.9843;14.6991
6436;64.1278;3.3844;119.0496;2.6018;47.0825;1.2582;0.8122;-22.2115;-78.4818;23.2362
6437;45.784;4.0054;84.2411;2.3106;24.3741;0.8;0.6128;-13.5966;-74.4663;19.5819
6438;64.939;3.1142;107.103;6.7577;79.19;0.8;2.1496;-3.7823;-10.4332;5.5824
6439;79.0961;3.4464;101.0505;5.9967;48.8331;1.0399;1.1489;-15.5315;-63.1744;13.5775
6440;79.5011;1.3286;90.2698;5.5837;75.7498;0.9727;2.5167;-5.83;-13.7537;5.7974
6441;35.8059;8.8924;99.6123;3.9459;51.6765;1.0223;0.5279;-19.0506;-82.7882;29.0498
6442;67.6913;5.0049;155.3931;2.6004;36.5141;0.9124;0.4769;-17.093;-82.5783;28.6998
6443;45.0999;4.2378;116.3152;4.1765;58.3789;1.051;1.1362;-15.6953;-63.9663;13.8759
6444;86.2311;3.5982;131.4065;4.46;51.9589;0.8;0.9182;-11.9579;-61.7437;13.0697
6445;84.1146;4.4654;79.4793;2.9027;56.4361;1.5213;1.5368;-23.2322;-66.3257;14.8481
6446;53.8355;3.5795;131.5194;2.3955;83.9445;1.0871;1.229;-15.5688;-62.3158;13.2682
6447;56.2112;3.4757;117.3224;2.0045;52.9991;1.0958;0.9022;-18.3443;-72.555;18.2183
6448;61.6972;4.0294;68.7359;5.5861;38.0035;0.808;1.1641;-10.6861;-51.9734;10.4109
6449;30.0;3.0612;114.4477;2.792;46.1107;0.8889;0.7913;-14.2991;-70.3266;16.8501
6450;76.0474;2.5679;87.9573;5.0641;64.5803;1.1077;1.972;-12.0147;-40.6554;8.4254
6451;65.0888;4.5699;67.9464;4.0033;63.1275;0.9323;1.6712;-9.5934;-40.2496;8.3681
6452;87.4632;6.7664;103.2976;5.4845;76.997;1.0551;1.1925;-15.8058;-62.3236;13.2709
6453;50.2286;2.4052;114.4263;5.1037;72.7391;0.8557;1.5999;-8.9801;-37.6718;8.0221
6454;58.8558;1.3817;103.8629;4.2521;63.6217;0.8;1.8586;-5.9398;-22.5566;6.4563
6455;42.8825;2.9211;97.3084;4.7957;89.7896;1.2488;2.3484;-11.9778;-37.3156;7.9765
6456;51.9228;8.8387;92.0677;4.4345;66.4988;0.8359;0.8851;-12.7571;-64.7038;14.1658
6457;48.7243;6.6254;185.2705;3.677;64.4888;1.1996;0.5613;-22.4542;-84.4029;32.0573
6458;87.9275;4.8159;74.4053;6.0701;42.0484;0.8456;1.6622;-8.0277;-34.4744;7.6306
6459;57.4313;7.8309;124.3874;3.9654;84.3842;0.9688;0.8643;-15.5724;-70.2615;16.8132
6460;72.2352;3.9264;100.3863;4.4697;48.4666;0.9255;1.1929;-12.7363;-57.0372;11.638
6461;63.1463;8.9456;80.7658;2.4773;53.2005;0.9588;0.9919;-14.7048;-65.5155;14.4993
6462;47.1496;3.1592;98.7973;5.0111;24.1373;1.1637;0.4986;-22.2718;-85.7183;35.0098
6463;66.9706;2.889;70.5934;3.6841;78.1738;1.3859;2.627;-12.9401;-36.8188;7.9138
6464;80.7839;5.0939;86.1679;3.8847;47.8239;0.9624;1.4524;-11.5401;-49.6932;9.939
6465;48.2603;3.5694;98.8335;3.3407;47.593;1.0245;1.4379;-13.8585;-53.2167;10.6876
6466;84.564;5.0154;67.8562;4.414;43.3876;0.9475;1.2868;-12.8235;-54.7314;11.0452
6467;54.705;3.2016;113.4958;1.5903;61.1354;1.0175;1.322;-13.9884;-56.6916;11.5451
6468;61.3063;4.9593;78.5889;5.6235;55.0867;0.8663;1.2809;-10.4645;-50.7103;10.1441
6469;79.5523;3.0601;69.5635;4.542;39.5865;0.8129;1.4603;-8.673;-40.1229;8.3504
6470;58.0581;1.6003;76.33;3.8991;58.8497;1.0672;2.0988;-10.2772;-34.442;7.6268
6471;70.6763;7.5828;172.2865;2.2777;52.8516;1.0456;0.4284;-20.0834;-86.3419;36.6084
6472;64.3356;7.2131;60.9866;5.2496;40.2921;1.2551;1.1298;-20.0224;-69.9934;16.663
6473;72.3286;8.6065;111.5197;3.6485;80.7505;1.0099;0.8566;-16.5444;-71.7287;17.6858
6474;30.0;5.6582;82.869;6.5591;72.2675;0.9906;1.5335;-12.3123;-48.397;9.6893
6475;37.0657;5.4066;91.619;5.3295;73.4816;1.1091;1.4467;-15.3496;-56.518;11.499
6476;81.0874;4.5846;116.2977;6.902;67.3806;1.2177;1.4585;-17.7118;-60.076;12.5238
6477;88.6693;2.2295;114.8785;4.8055;49.3;0.9688;1.2708;-13.3155;-56.2749;11.4351
6478;53.6112;2.62;84.3518;6.2167;57.3744;0.8;1.6324;-6.9137;-31.9826;7.3511
6479;65.6075;3.1261;71.2158;5.2942;47.7919;0.8106;1.5362;-7.5289;-36.8254;7.9146
6480;75.3049;7.2973;116.8283;3.9235;69.8772;1.2387;1.1633;-19.7118;-68.6953;15.972
6481;82.4779;2.5268;114.8084;4.8808;58.8599;1.4065;1.2989;-22.7941;-69.2161;16.2423
6482;33.5018;7.7353;93.1236;3.349;61.0416;1.3056;0.793;-23.6712;-79.7544;24.6967
6483;54.0513;4.3666;111.6821;7.7032;72.5156;0.916;1.3813;-11.0325;-49.7343;9.9471
6484;64.0136;5.6509;89.453;4.4487;50.2018;0.9364;1.0668;-13.8118;-62.0245;13.1664
6485;82.6565;2.1181;81.3215;4.6393;87.9989;1.1594;2.9766;-6.1938;-14.4251;5.8428
6486;114.9717;3.028;100.0991;5.185;63.8053;1.1275;2.0102;-11.8844;-40.5723;8.4136
6487;65.8959;8.3391;113.8553;2.9696;69.1332;0.8;0.7135;-12.7921;-70.2719;16.8191
6488;44.6744;3.0142;108.038;6.5821;60.71;1.0087;1.3437;-13.7743;-55.5953;11.2601
6489;77.2408;3.1603;113.5747;3.062;61.6212;0.9893;1.3209;-13.4371;-55.4946;11.2346
6490;93.7779;2.6663;82.6839;2.7228;69.6111;0.8;2.1832;-3.241;-9.0352;5.4966
6491;71.9443;2.2509;148.5082;4.3502;90.4217;0.8874;1.6203;-9.0978;-39.1359;8.215
6492;53.6803;2.8537;91.7966;2.6811;60.1027;1.0542;1.5338;-12.8964;-51.5042;10.3102
6493;87.2439;5.123;97.0709;6.9429;45.0752;0.9574;0.9468;-14.6211;-67.0356;15.1679
6494;81.9438;3.9819;71.9165;4.2539;44.8318;1.2049;1.4422;-16.8557;-60.1013;12.5318
6495;51.5305;4.5525;95.2692;-0.2318;35.7137;1.4221;0.5901;-27.3205;-86.1675;36.1468
6496;76.8657;2.2047;114.2318;4.8999;62.0585;1.2081;1.6195;-16.0319;-55.3168;11.1899
6497;87.9508;6.3724;121.0009;5.4303;35.6852;1.0935;0.5883;-20.1692;-82.0658;27.8797
6498;91.274;6.2108;147.7698;3.9679;59.6389;0.9707;0.7478;-16.4034;-74.32;19.4704
6499;68.8039;1.2161;113.8895;2.5662;35.8896;1.1726;0.9117;-20.0094;-74.0852;19.294
6500;63.5546;3.5972;107.1681;4.445;75.3085;0.8829;1.6286;-8.9326;-38.5127;8.1318
6501;92.0909;1.778;89.4425;3.8774;71.6606;0.8964;2.4162;-4.9515;-10.1503;5.5648
6502;48.2171;6.2818;84.7525;3.1366;67.3608;0.8;1.0543;-10.7388;-56.0729;11.3825
6503;77.8944;5.8201;127.451;3.0043;51.5635;0.8;0.7849;-12.6247;-67.2979;15.2895
6504;45.3395;7.447;126.8414;4.8344;64.6387;1.2919;0.7979;-23.1661;-79.4121;24.2861
6505;89.1768;2.8695;76.395;5.9545;63.2174;1.0555;2.4773;-6.8724;-21.7634;6.3909
6506;65.3552;3.987;119.8144;5.2923;53.9836;1.1121;1.2427;-16.8618;-62.7524;13.4237
6507;92.8345;2.5932;117.6561;2.008;59.2412;0.975;1.2708;-13.7599;-56.5549;11.5088
6508;78.8454;3.5337;75.6954;5.5232;55.1456;1.4593;1.598;-21.7902;-63.4979;13.6978
6509;47.982;4.3634;114.4667;5.7587;51.851;1.4215;0.8919;-25.3743;-79.0862;23.9077
6510;95.6433;1.6254;76.9214;6.6905;57.9674;0.9967;2.7262;-5.1772;-8.8213;5.4837
6511;97.9224;5.6456;60.0;3.1752;75.4403;0.9944;2.5133;-5.9225;-15.7494;5.9347
6512;85.8812;4.489;96.0765;4.5151;42.565;0.9569;0.9528;-15.0364;-66.8123;15.0658
6513;56.2914;6.6274;106.6576;5.4513;50.6825;0.8002;0.7084;-13.0489;-70.4884;16.9425
6514;64.4917;3.0411;97.1642;3.8087;48.8845;0.9214;1.2157;-12.5189;-56.0176;11.3682
6515;72.6177;7.4644;200.0;5.4279;73.1582;0.9389;0.5044;-17.251;-82.0942;27.9239
6516;57.3332;9.7053;109.9343;4.564;52.3733;0.8;0.54;-13.9979;-77.5012;22.2234
6517;100.4622;7.6834;103.747;3.3303;44.82;0.8;0.6437;-13.5533;-73.1779;18.6414
6518;72.5979;6.1568;111.3377;3.4581;80.3339;0.9872;1.1481;-14.6777;-61.2346;12.8981
6519;30.0;6.4677;89.5539;6.4739;65.8128;1.1811;1.206;-18.2448;-65.9659;14.6911
6520;76.1084;4.6759;126.1586;3.1054;73.1496;0.8572;1.2346;-11.2823;-51.9928;10.4151
6521;63.7332;2.6251;109.4448;2.848;67.3269;1.419;1.5235;-21.1606;-64.2103;13.9705
6522;68.6513;5.3657;108.198;5.1166;61.3549;0.9453;1.0722;-14.0163;-62.1907;13.2243
6523;63.3649;5.6294;85.5533;4.5541;62.7682;0.8442;1.3226;-10.0557;-47.7759;9.5741
6524;84.5268;9.0142;67.6324;2.6326;56.8741;0.8;1.1342;-10.347;-52.7402;10.5798
6525;90.1544;4.477;88.2191;3.8209;54.942;1.0197;1.3957;-13.4263;-54.3742;10.9587
6526;75.095;3.0391;107.3215;3.3748;71.9982;0.8;1.5934;-7.3949;-33.6103;7.5313
6527;63.8924;5.4135;89.4782;3.6375;55.893;0.8607;1.0827;-11.5472;-58.0725;11.9253
6528;69.2559;8.8289;107.5657;8.3875;64.6381;1.009;0.7861;-16.8737;-74.0295;19.2526
6529;70.3528;2.5515;94.3565;4.1461;65.8905;0.8;1.9622;-4.4471;-18.2405;6.1155
6530;55.5563;3.3051;111.3652;3.2781;74.3723;0.9007;2.0118;-6.8425;-25.5508;6.716
6531;80.4207;4.4805;78.3326;7.6327;51.0873;1.005;1.4499;-12.519;-51.9085;10.3968
6532;78.2808;2.5106;104.9404;5.9324;62.7392;0.8;1.7764;-5.6878;-25.9826;6.7552
6533;97.7279;1.2265;85.1941;5.6872;59.2848;1.139;2.5132;-8.5697;-26.4508;6.7982
6534;92.5963;3.3599;68.0743;3.3504;40.8579;1.2073;1.8901;-14.4044;-47.8124;9.5808
6535;57.6579;7.0079;95.9552;6.3872;74.9717;0.817;1.2071;-10.9893;-50.7485;10.152
6536;84.7654;1.5161;146.8262;5.8244;69.0226;0.9607;1.4518;-11.8135;-49.6273;9.926
6537;52.8828;3.8375;69.4444;4.8206;61.6462;0.9754;1.8018;-9.8465;-38.4269;8.1204
6538;82.5268;6.0234;103.0298;2.0255;71.6253;1.0718;1.1597;-15.7806;-63.9353;13.864
6539;60.7009;8.2355;122.0663;4.5701;46.3055;0.9422;0.4741;-17.4736;-83.226;29.808
6540;51.5814;9.0172;177.7144;7.1949;45.0514;0.8655;0.373;-16.6057;-85.6333;34.8027
6541;75.0408;3.8001;88.4057;4.9306;77.1781;0.8095;2.0163;-5.6073;-16.9718;6.0221
6542;30.0;8.1836;85.385;4.0353;60.1569;1.1821;0.9662;-19.546;-72.7554;18.3522
6543;38.4824;1.4172;74.7013;4.2573;47.9606;0.8907;1.6645;-9.0518;-37.7049;8.0263
6544;66.8051;5.8895;132.9934;4.3611;34.8839;0.8562;0.5018;-15.7913;-80.4624;25.5917
6545;71.484;5.1258;80.5048;3.4006;36.5999;1.233;0.9594;-21.251;-74.0615;19.2763
6546;63.3523;2.9344;91.1513;4.5381;73.374;1.0293;1.7876;-11.3402;-42.1134;8.6376
6547;41.5701;4.2761;62.9875;6.7641;67.1097;0.8151;2.6678;-0.5401;9.1001;4.5829
6548;55.2779;2.2541;124.7315;6.5942;79.809;0.9617;1.6046;-10.5912;-44.3855;8.9905
6549;77.0418;7.0779;133.5846;3.4685;55.6388;0.8237;0.6002;-13.9591;-75.7092;20.5839
6550;80.4721;3.4655;123.546;6.5138;38.2488;0.8;0.8636;-12.034;-64.0169;13.8954
6551;69.708;5.0132;66.9428;5.7417;38.3457;0.8967;1.0992;-13.063;-59.1372;12.2361
6552;90.823;2.4419;116.3913;5.55;66.3842;0.9599;1.7021;-10.0272;-40.8901;8.4588
6553;77.1531;2.7128;65.8252;5.2479;79.1406;0.8839;3.1208;0.4583;17.6966;4.2482
6554;56.5458;9.2686;101.4616;3.2044;56.4007;1.1144;0.6498;-20.2248;-80.5634;25.7247
6555;64.951;5.9479;105.2606;3.9916;86.4591;1.1391;1.3781;-16.2133;-59.6722;12.3984
6556;44.7484;8.4098;108.0632;5.8494;50.8695;0.868;0.577;-15.2089;-77.8417;22.5649
6557;68.0535;3.1571;114.3003;2.7897;52.5683;0.9655;1.1629;-13.7347;-59.8502;12.4534
6558;90.0178;2.477;99.7994;3.0388;37.9247;0.9101;1.0353;-13.4293;-62.0828;13.1866
6559;82.3352;4.2514;61.2254;5.0593;70.0029;0.8205;2.4421;-2.8252;-0.7828;5.0394
6560;95.2362;4.2031;114.3142;3.4157;68.87;1.032;1.6428;-12.3288;-46.9361;9.4226
6561;64.5481;2.5384;102.4702;5.8358;70.1366;0.8;1.7862;-5.9644;-25.5747;6.7181
6562;94.2298;5.788;79.7993;3.4687;58.1171;0.8254;1.4349;-8.9938;-42.0556;8.629
6563;66.5205;3.4853;67.5468;4.9666;77.3683;0.8;3.6889;5.4305;53.7057;3.253
6564;96.4885;2.6038;146.9622;5.0921;53.6014;0.8347;1.0061;-12.1153;-59.82;12.444
6565;69.6066;3.3349;136.0463;3.8769;75.7794;0.8048;1.2216;-10.0297;-49.4019;9.8818
6566;82.7302;4.6133;119.3022;4.2405;81.4516;0.8;1.5389;-7.4764;-35.8812;7.798
6567;96.552;5.7351;84.4446;3.58;86.636;0.9433;1.9072;-8.6508;-32.6075;7.4192
6568;66.5183;4.1302;60.0;4.5721;72.1681;0.9285;3.0256;-1.5423;8.6231;4.6031
6569;73.931;4.3832;121.0665;3.1575;51.1189;0.998;1.0441;-15.3267;-65.127;14.3378
6570;93.1995;2.3166;109.6005;4.2647;64.2075;1.0483;1.649;-12.7365;-47.564;9.5354
6571;67.6059;7.6182;91.0587;5.7227;54.8699;1.0845;1.2465;-15.9826;-61.6875;13.0506
6572;46.2239;7.8229;132.4721;2.8949;64.5675;0.8514;0.6441;-14.3274;-74.7814;19.8267
6573;108.5741;5.4117;123.6147;3.8694;75.8993;1.0124;1.2215;-14.1748;-59.781;12.4319
6574;61.5442;1.1471;104.5007;5.3774;70.0611;0.949;2.9766;-2.7643;4.557;4.7821
6575;72.8576;4.4516;100.8803;1.4835;44.6224;0.9787;0.7968;-16.1952;-72.861;18.4237
6576;90.8081;5.0344;101.2823;7.3834;59.4714;0.9126;1.2805;-11.9563;-53.2271;10.6899
6577;59.0471;9.4038;118.5287;6.1679;51.5162;0.8518;0.4854;-15.4746;-81.0057;26.3236
6578;51.8584;9.4886;80.705;2.2925;80.5612;0.9521;1.0647;-14.311;-62.7272;13.4146
6579;74.5673;6.9228;111.2373;1.4437;85.5715;0.9092;1.3841;-11.4635;-49.2546;9.8531
6580;37.7246;1.7313;79.4416;4.6444;73.0429;1.0617;2.1603;-9.2134;-32.1762;7.372
6581;64.8177;8.2373;139.6737;2.9196;65.7385;1.2081;0.5802;-22.797;-83.9914;31.2332
6582;74.4107;4.9248;114.2287;6.0422;50.3671;0.8285;0.8629;-12.817;-65.2822;14.4019
6583;65.1409;6.3612;84.1931;5.191;56.8516;0.8981;1.1679;-12.4108;-56.6549;11.5353
6584;42.2179;3.7213;102.0353;4.7851;63.6435;1.59;1.4299;-25.6515;-70.0233;16.6796
6585;98.6952;3.2738;80.7795;3.7446;39.8975;0.8;1.2627;-9.0925;-47.3879;9.5035
6586;71.8637;4.0255;145.6488;7.0;50.6187;0.8;0.796;-12.6503;-66.8317;15.0746
6587;95.7607;2.3677;150.0381;5.7302;68.6806;1.2345;1.2848;-18.7108;-65.3067;14.412
6588;65.3193;3.4613;119.0122;5.5047;74.7842;1.4662;1.7122;-21.1707;-61.0737;12.8448
6589;54.1598;6.9229;147.5747;6.4001;92.1584;1.3371;1.0765;-22.5213;-73.1634;18.6313
6590;74.8453;1.4494;103.8678;3.0717;69.9197;1.0648;2.1622;-9.2295;-32.3155;7.3872
6591;66.1158;2.393;121.0312;6.5271;57.7047;0.9174;1.3223;-11.4219;-51.9536;10.4066
6592;48.8003;2.2238;135.8228;4.2031;57.9597;0.9466;1.0243;-14.0491;-63.9317;13.8626
6593;96.4561;3.6996;99.8565;5.1021;59.7081;1.0835;1.7706;-12.2024;-45.5278;9.179
6594;58.7991;9.5524;101.7935;4.3653;56.8174;1.2057;0.6166;-22.2952;-82.9534;29.3314
6595;36.8752;2.5291;126.2904;1.7832;33.8514;1.1133;0.6995;-19.8974;-79.0552;23.8722
6596;93.907;2.3588;117.5419;6.036;54.7246;0.8;1.3879;-8.8124;-42.1726;8.6464
6597;60.9226;7.6233;82.7898;1.8633;70.8011;0.8;1.1443;-10.1155;-52.3193;10.4864
6598;59.0592;7.1993;60.0;3.1502;76.3224;1.0571;1.8563;-11.4479;-41.4687;8.5424
6599;38.223;1.375;95.7067;3.9208;66.2225;0.8;1.8537;-5.076;-22.7629;6.4736
6600;101.3369;5.9366;60.0;1.6696;52.1265;0.8;1.5403;-7.8896;-35.8224;7.7909
6601;46.7893;5.2134;78.0552;2.9491;86.23;1.1911;1.8649;-14.3185;-47.8092;9.5802
6602;71.0521;6.07;80.3666;4.9672;76.8148;1.0529;1.6914;-12.7434;-46.452;9.3374
6603;86.4272;4.2021;86.7482;4.08;71.7512;1.363;2.0143;-17.2615;-50.7397;10.1502
6604;77.5909;9.2428;122.766;4.2038;48.1896;1.2145;0.4501;-23.7178;-87.6456;40.4714
6605;68.9262;1.5205;129.6178;3.2275;36.4388;0.8829;0.9115;-13.4151;-65.5878;14.5298
6606;39.37;2.8593;113.5627;4.6693;51.3618;1.0506;1.0132;-16.2016;-67.8529;15.5535
6607;55.425;3.6652;117.1315;4.1121;53.2393;0.8536;1.1908;-11.152;-53.4973;10.7521
6608;73.3804;3.9511;117.825;2.1386;58.4987;0.8;1.0828;-10.3234;-54.8822;11.0821
6609;55.8309;7.7133;60.0;4.2986;61.7157;1.2701;1.4394;-18.7;-62.2247;13.2362
6610;73.6605;4.5908;100.2553;2.7371;61.4499;0.9619;1.4325;-12.1451;-50.3579;10.0721
6611;82.2714;1.5351;63.8193;5.9465;78.5199;1.3094;4.4072;-0.8474;12.1944;4.4566
6612;87.3251;3.7249;113.5741;4.0127;72.3034;1.022;1.5511;-12.26;-49.4066;9.8827
6613;47.9288;3.7708;60.0;8.3823;64.5291;1.0572;2.3343;-9.2569;-26.3975;6.7932
6614;109.5396;8.4851;95.5893;6.0504;75.2293;1.1223;1.3364;-16.0247;-60.3074;12.5968
6615;83.8146;4.8373;114.6762;4.4046;72.0832;0.9639;1.449;-12.2416;-49.8942;9.9789
6616;69.9691;5.0777;75.6207;5.4692;36.6145;0.9536;1.1781;-13.789;-58.8187;12.1414
6617;89.6117;5.6332;127.1795;1.4653;30.1359;1.0496;0.435;-20.2827;-86.1864;36.1961
6618;112.5773;6.0895;113.5026;6.0436;37.6898;1.283;0.7224;-23.5564;-81.2306;26.6391
6619;44.103;5.0736;109.9886;3.3696;81.1216;1.1062;1.2897;-16.5069;-61.1396;12.8666
6620;65.9453;2.8735;119.0651;4.7346;68.0068;1.0034;1.4489;-12.9135;-51.8697;10.3885
6621;30.0;7.1059;91.4114;3.5086;75.2892;0.9211;1.0455;-13.7552;-62.1678;13.2162
6622;73.4677;5.7793;103.871;3.668;49.5211;0.9766;0.8396;-16.0767;-71.3437;17.4482
6623;76.5771;5.8569;100.2516;4.3283;61.7579;0.8414;1.0843;-11.3681;-57.0415;11.6391
6624;69.2951;9.5215;99.6868;4.7152;60.0295;0.8216;0.6866;-13.6444;-72.1463;17.9509
6625;58.2184;6.3762;84.5347;4.5596;66.1863;0.9536;1.1722;-13.1109;-59.0259;12.2028
6626;33.1087;6.6293;73.2983;4.597;57.3906;1.0012;1.1341;-14.7549;-62.2424;13.2424
6627;76.7236;8.2024;91.9234;2.1615;46.4752;1.1565;0.6863;-20.8729;-80.221;25.2793
6628;96.1978;2.3946;90.6661;8.0981;73.6338;0.8;2.4485;-2.5492;2.0208;4.901
6629;59.3617;4.2206;83.1784;4.948;62.6961;1.0021;1.4959;-12.8981;-50.2421;10.0487
6630;77.9211;4.7187;123.7401;5.2564;70.7718;1.0891;1.1899;-16.0377;-63.5838;13.7302
6631;41.7734;3.3214;74.5984;4.09;65.7063;0.8218;1.7348;-7.1946;-29.6324;7.1055
6632;78.2298;6.732;95.8029;3.2888;49.4747;0.9121;0.9208;-14.2019;-66.3495;14.8586
6633;62.9191;6.0252;133.8547;4.8266;66.3738;1.164;0.8389;-20.3592;-75.9774;20.8137
6634;56.2765;5.6917;125.5184;5.0339;79.5835;0.9882;1.0647;-15.0789;-64.0886;13.9232
6635;56.3135;9.5646;135.5369;6.5527;62.664;0.8;0.7338;-13.0187;-69.4241;16.3528
6636;62.915;2.982;86.2694;7.7164;85.2182;1.1675;2.8019;-8.131;-20.0015;6.2501
6637;76.8838;5.8057;121.6615;6.8155;77.9068;1.018;1.1424;-14.7616;-62.5922;13.3662
6638;46.3811;4.5382;76.6636;1.9502;83.2165;0.8;1.7755;-6.0629;-26.0215;6.7587
6639;62.8519;3.2408;93.3356;3.9094;58.3259;0.839;1.3549;-9.9282;-46.1682;9.2882
6640;69.2535;2.4529;95.5578;5.1037;42.2308;0.9751;1.1246;-13.93;-61.5537;13.0052
6641;50.2173;7.3687;86.5922;3.9996;84.038;1.0645;1.3578;-14.5684;-57.4816;11.7596
6642;102.34;4.8133;91.3517;4.5343;69.6075;1.2284;2.3645;-11.8024;-35.8374;7.7927
6643;54.6371;6.588;88.396;1.3823;60.7517;0.835;1.0445;-11.6462;-58.3044;11.9917
6644;57.9501;4.5014;78.2236;5.9713;53.1277;0.9137;1.3516;-11.5666;-50.6915;10.1402
6645;52.3905;2.7857;123.8751;1.7868;57.1094;1.1933;1.3806;-17.4658;-61.4346;12.965
6646;102.3726;3.3628;95.5412;2.2413;64.1017;1.2324;1.6835;-16.542;-54.4661;10.9808
6647;79.9523;3.5869;105.1649;3.078;35.217;0.9374;0.814;-15.1905;-71.0525;17.2727
6648;53.1413;8.6584;104.1794;4.4537;84.4816;0.8989;1.0695;-12.8194;-60.3418;12.6077
6649;89.9122;0.8658;101.3776;2.1659;39.6502;1.1051;1.4551;-15.1238;-56.1105;11.3922
6650;73.6126;9.0237;102.3472;3.0094;51.5388;0.8;0.7559;-12.536;-68.5041;15.8751
6651;74.6306;8.8601;92.6488;6.3234;65.4369;0.9973;0.8326;-16.6626;-72.1711;17.9669
6652;63.7994;9.4941;142.5609;4.4315;76.1648;0.9946;0.8174;-16.5901;-72.6047;18.2513
6653;56.5105;4.1003;120.9475;5.2503;61.8513;0.9107;1.0488;-13.0103;-61.6112;13.0246
6654;76.0798;8.4486;100.4606;2.7456;40.1964;1.0989;0.4748;-21.0747;-85.5965;34.7138
6655;60.1884;3.6602;89.4256;4.5192;68.4894;1.2441;2.4281;-12.0362;-34.9421;7.6855
6656;102.7016;1.2902;97.0732;4.3962;26.2035;0.8227;1.0651;-11.6634;-56.8451;11.5862
6657;47.1528;2.8083;111.005;3.4071;53.5398;0.8645;1.0158;-12.7282;-60.8344;12.7663
6658;97.6508;8.0927;145.497;4.5234;25.8275;1.1425;0.2603;-23.2017;-92.4055;50.0
6659;67.9963;1.0718;70.9452;1.7618;32.8625;0.8;1.4237;-8.4495;-40.6796;8.4288
6660;75.3835;4.5053;117.9327;5.2579;30.6739;0.899;0.7217;-15.1083;-73.2407;18.6851
6661;84.9968;1.84;132.5356;4.0008;65.6287;1.5429;1.5984;-23.7262;-65.4682;14.4794
6662;58.6555;3.1113;68.9575;4.2142;59.3755;1.0386;1.9701;-9.9333;-36.7682;7.9074
6663;85.5565;1.9464;95.5722;5.8776;77.0617;0.9448;2.6315;-4.1638;-7.1598;5.3856
6664;30.0;6.9436;76.634;5.2481;75.1678;0.8;1.1832;-9.9675;-50.7007;10.1421
6665;57.0402;4.7852;111.3638;4.1225;89.7489;0.8;1.4384;-8.1862;-40.0668;8.3426
6666;53.3669;7.4485;91.4308;2.9251;78.704;1.2369;1.4412;-17.8025;-61.163;12.8743
6667;47.4369;5.4476;96.7989;6.593;41.7985;0.8;0.7364;-12.7632;-69.3182;16.2963
6668;66.1308;8.612;90.234;2.5898;62.7663;1.0091;0.8197;-17.1828;-72.9256;18.4676
6669;76.9435;4.291;119.7266;5.5441;77.2623;1.2903;1.4245;-19.5573;-63.1988;13.5865
6670;82.6479;5.0984;105.8929;2.2039;70.9688;0.9052;1.259;-11.929;-53.6385;10.7848
6671;74.3358;4.6919;105.9431;5.9768;74.465;0.9122;1.4351;-10.4092;-47.5587;9.5345
6672;58.0175;4.1437;104.0973;6.1159;51.0534;1.1494;1.0523;-18.7781;-69.482;16.3838
6673;76.6423;6.7994;115.3871;1.7311;63.2228;1.3112;0.779;-23.3994;-80.1957;25.2471
6674;72.2371;5.138;93.6606;5.274;76.5855;1.1846;1.6203;-15.2576;-54.4045;10.966
6675;86.849;6.3651;152.9887;5.1498;55.369;1.3419;0.6347;-25.0935;-84.234;31.7137
6676;83.9849;6.2308;73.4402;5.6546;76.8681;0.8;2.021;-4.3976;-15.791;5.9376
6677;70.5486;2.6301;64.9547;5.1479;79.0354;1.0879;3.0432;-5.7052;-6.7577;5.3624
6678;53.8494;5.1767;63.6246;3.1565;52.3873;1.2928;1.4736;-19.1992;-62.0062;13.1601
6679;58.2469;2.6775;60.0;4.2742;43.9611;1.0942;1.8125;-12.6045;-44.7864;9.0557
6680;60.1038;4.736;118.3283;7.097;83.3566;0.9716;1.5004;-11.7934;-48.5269;9.7138
6681;64.3252;5.3685;114.7794;2.9383;38.7709;0.8;0.5855;-13.6679;-75.6043;20.4954
6682;74.8249;9.5712;135.2486;5.0843;71.9789;0.8635;0.6005;-15.1724;-76.8194;21.5697
6683;82.8731;1.3517;76.7851;6.3269;42.1096;1.3497;1.7499;-18.9956;-56.7849;11.57
6684;69.0799;1.9721;120.4862;3.1139;54.7911;0.9928;1.1664;-14.5594;-60.8385;12.7677
6685;70.2902;1.8525;101.4307;2.4748;29.2911;0.8816;0.8212;-14.1863;-68.9483;16.1022
6686;72.5795;3.6747;104.2526;2.7008;47.5451;0.8;0.9584;-11.6408;-60.0651;12.5204
6687;60.7137;6.5555;116.9301;5.1925;80.1445;1.0977;1.151;-16.7449;-65.0481;14.3054
6688;53.3429;6.7797;82.7728;2.6881;61.8826;0.8512;0.9687;-12.1021;-62.0653;13.1805
6689;38.4021;5.8178;190.9444;4.397;73.8255;0.9936;0.6737;-17.6072;-77.4002;22.1241
6690;57.4873;7.3813;139.5106;6.6569;34.9955;1.4122;0.3435;-28.5746;-91.8918;50.0
6691;78.5166;3.2896;87.5529;4.523;58.0114;1.1727;1.9409;-13.4285;-44.8343;9.0636
6692;57.3476;1.947;76.1333;3.4333;43.5066;1.2994;1.5529;-19.1876;-60.1653;12.5519
6693;65.7195;1.6752;97.8264;4.7881;72.7724;1.0292;2.1022;-9.2646;-31.9135;7.3436
6694;78.3958;6.8642;104.6619;4.497;56.8482;1.1533;1.1006;-18.6256;-68.1899;15.7183
6695;79.3724;5.7661;130.5262;5.279;53.2922;1.3047;0.7288;-23.9131;-81.3805;26.8535
6696;50.5684;5.5232;74.6634;7.0287;44.848;0.8472;1.4683;-9.0277;-42.2327;8.6554
6697;87.9471;3.3734;107.398;5.1952;76.4013;0.9927;1.7657;-10.5588;-40.7071;8.4327
6698;90.2923;3.5784;68.2322;7.6507;63.4046;0.8712;2.5618;-2.6707;-1.988;5.1014
6699;49.6627;8.331;111.5262;5.283;64.3742;0.8854;0.7908;-14.532;-70.2289;16.7948
6700;55.1709;1.731;97.3482;3.449;58.2032;0.9708;1.784;-9.9302;-38.7453;8.1626
6701;91.4396;6.121;162.2827;8.0325;56.6067;0.8263;0.7503;-13.4324;-69.7362;16.5214
6702;67.3566;3.2244;67.943;4.4128;44.4442;0.9286;1.4599;-11.2224;-47.5943;9.541
6703;30.044;1.4631;140.8679;3.0177;63.1135;1.1471;1.0397;-18.1125;-69.7855;16.5484
6704;44.8057;5.8625;65.3144;8.0856;53.7274;0.9809;1.3887;-12.4823;-52.8095;10.5953
6705;65.5113;3.3296;71.7629;3.5003;67.7169;0.8563;2.0302;-5.9749;-20.9703;6.3267
6706;49.0652;5.7015;65.7524;3.4414;53.343;1.1703;1.4116;-16.5776;-59.7935;12.4358
6707;62.5584;5.5908;106.4588;3.7728;81.6333;0.8325;1.3068;-10.0128;-47.6795;9.5565
6708;70.5831;4.4379;74.5705;4.8469;76.6533;0.8018;2.7568;-0.5304;14.6079;4.3627
6709;96.3206;6.1523;71.385;5.9963;62.1538;1.2715;1.8097;-16.7927;-52.5559;10.5387
6710;64.7718;4.7217;105.1999;0.6268;77.0876;1.1842;1.4155;-17.0548;-60.1564;12.5491
6711;89.3058;3.1124;111.9569;5.9898;22.5487;0.9342;0.5251;-17.0991;-81.2648;26.6877
6712;95.7177;5.7951;101.0012;3.7682;57.6227;1.461;1.0729;-25.2742;-75.5219;20.4265
6713;95.8176;4.7729;96.0257;3.9807;13.2481;0.8931;0.294;-17.5993;-89.0258;45.5614
6714;75.1256;1.0498;157.9688;7.1728;47.0683;1.1462;0.9786;-18.9139;-71.5407;17.569
6715;34.6608;7.4425;103.7132;4.92;79.7716;0.8;0.9471;-11.5958;-60.5393;12.6708
6716;78.2948;4.5032;122.3142;5.2716;80.8361;0.8163;1.4315;-8.8632;-41.5422;8.5532
6717;88.8712;7.0443;103.6377;4.5272;52.7236;1.2285;0.9036;-21.1297;-75.4822;20.3934
6718;68.5408;7.2075;75.9976;5.7455;68.0941;1.3286;1.4912;-19.8429;-62.5877;13.3646
6719;101.4025;3.9247;114.7369;7.027;52.2983;0.9704;1.1499;-13.729;-60.5015;12.6587
6720;85.477;4.2781;84.8785;0.8874;51.6066;1.5776;1.2237;-26.5332;-74.1456;19.3391
6721;80.2289;3.7668;97.751;6.2269;74.9192;1.2993;2.0431;-15.4493;-47.5831;9.5389
6722;89.5549;3.9492;107.9341;6.9205;38.5125;0.87;0.9041;-13.5091;-65.362;14.435
6723;76.0007;7.3594;61.5479;5.3516;77.6459;0.9272;1.9122;-7.6851;-31.2514;7.2729
6724;30.0;6.2465;66.873;3.584;42.849;0.8;1.0578;-11.0399;-55.9267;11.3447
6725;61.0155;2.2335;125.5288;2.8716;76.8641;0.9153;1.5041;-10.9729;-45.2201;9.1274
6726;91.549;4.9094;84.71;8.1428;77.7118;1.049;2.2087;-9.1372;-29.816;7.1241
6727;55.4634;9.4783;85.7203;3.2425;79.4698;1.0081;1.0752;-15.0196;-64.4469;14.0635
6728;65.9775;4.8139;104.2487;6.8765;43.3105;1.0062;0.8742;-16.1721;-71.0402;17.2653
6729;51.1929;6.2265;90.8084;5.1858;65.2318;1.2208;1.0833;-20.3047;-70.4201;16.9034
6730;102.1106;6.0811;111.0041;7.6687;43.2427;1.0339;0.7749;-17.5029;-75.016;20.0128
6731;100.2669;3.427;98.7301;4.1226;56.6178;1.1468;1.7155;-14.0861;-50.1373;10.0275
6732;54.0904;3.5369;105.0904;2.1886;36.031;1.0934;0.7875;-18.6201;-75.9926;20.8269
6733;72.6514;5.7164;83.9067;4.6033;48.4037;1.0591;0.9841;-16.5306;-69.0269;16.143
6734;57.7511;4.2336;104.9589;2.3703;46.8947;1.2024;0.8997;-20.7129;-75.0573;20.046
6735;81.069;4.6561;131.8207;8.6156;76.4788;1.174;1.3149;-17.2098;-62.6656;13.3925
6736;79.1743;5.6306;86.7676;5.5442;72.2533;0.8;1.4882;-8.3826;-37.9914;8.0634
6737;84.6107;6.1541;125.7128;5.7672;48.3684;1.4388;0.7067;-26.9026;-83.6266;30.5373
6738;75.9745;3.0398;98.7193;5.7682;63.0063;1.0244;2.1422;-9.453;-30.2932;7.1729
6739;122.8373;2.3672;120.156;3.5596;61.7221;0.8268;1.6467;-7.6063;-33.6157;7.5319
6740;51.4974;3.1374;103.2717;4.402;58.0496;0.9871;1.3556;-13.3009;-54.2236;10.9226
6741;39.2091;4.2774;99.1682;4.7655;48.7917;1.0536;1.1639;-15.4492;-63.1738;13.5773
6742;62.9244;3.3858;109.1369;7.5158;58.0239;1.1247;1.2774;-16.3224;-62.1435;13.2078
6743;41.7762;4.6424;135.4455;2.8644;78.9039;1.2118;0.9884;-20.0443;-72.8132;18.3913
6744;43.1357;1.6269;106.0801;3.5071;55.3486;1.166;1.2944;-17.1556;-62.9969;13.5124
6745;51.9763;4.2902;112.7083;4.0556;66.1908;1.4444;1.6687;-20.4846;-61.4891;12.9833
6746;53.4006;3.517;91.1995;3.5895;69.2478;1.0214;1.4708;-12.7559;-52.0;10.4167
6747;52.8169;4.4372;148.1006;2.4116;51.6402;0.9687;0.7509;-16.2731;-74.1613;19.3508
6748;79.3279;3.8031;117.361;0.5429;45.9867;0.8;0.8388;-12.5245;-65.049;14.3057
6749;60.8886;3.1008;101.9617;1.8597;71.517;1.2141;2.3106;-11.9368;-36.5612;7.8816
6750;66.7687;7.4748;96.9802;6.2485;38.1043;1.1297;0.5825;-20.9412;-82.8128;29.0914
6751;86.0962;2.5948;127.6953;4.5877;69.2616;0.893;1.6034;-9.675;-40.1534;8.3547
6752;56.2062;5.3968;85.9374;5.8533;54.1084;1.0498;1.1655;-15.4842;-62.9925;13.5108
6753;65.2382;7.7614;64.0364;3.7262;65.7723;0.998;1.2664;-13.9089;-57.7009;11.8206
6754;76.5837;4.4612;101.8265;4.4525;81.0171;1.0356;2.1303;-9.5267;-31.4341;7.2923
6755;35.0518;7.1331;134.649;7.0197;73.4509;0.9466;0.7985;-15.7422;-71.8839;17.7834
6756;30.0;2.222;148.8587;6.9291;57.8636;1.0229;0.9323;-16.4616;-69.6188;16.4575
6757;76.2301;4.198;97.3533;6.013;91.1571;0.8;2.093;-4.3784;-12.7897;5.7333
6758;78.8563;3.991;101.0957;4.9036;56.4177;0.9221;1.2342;-12.4669;-55.3815;11.2061
6759;107.156;0.9391;113.8695;5.377;64.5797;1.0635;2.0655;-10.4769;-35.2617;7.7234
6760;72.8457;3.9153;93.6049;5.156;67.1238;0.8685;1.6412;-8.7725;-37.0077;7.9375
6761;84.7553;3.5224;113.7806;4.3496;74.4097;1.0809;1.5713;-13.78;-51.5436;10.3186
6762;66.4815;5.314;97.8876;3.9934;67.7797;1.5114;1.2324;-25.006;-72.8205;18.3962
6763;75.3501;7.9749;128.768;6.2836;65.2273;0.8;0.7864;-12.611;-67.2333;15.2594
6764;100.0106;1.9274;119.811;2.6566;60.6035;0.8;1.5741;-7.1957;-34.4124;7.6234
6765;31.7681;3.3125;122.453;6.831;49.292;1.2728;1.0469;-21.2058;-72.5827;18.2367
6766;77.4451;3.9197;94.9966;4.1868;73.8081;1.5199;1.7258;-22.3866;-62.15;13.21
6767;108.4406;3.9808;161.8471;2.6289;70.0261;1.0771;1.1103;-16.2027;-65.6394;14.5516
6768;75.0766;6.1302;112.86;3.7817;58.644;1.0013;0.8484;-16.3951;-71.7548;17.7021
6769;99.7103;3.9161;106.3775;3.2884;58.7071;0.8789;1.5707;-9.739;-40.4283;8.3932
6770;58.6742;1.3032;82.6764;3.7365;57.6661;1.1139;2.7839;-6.3841;-16.6897;6.0017
6771;69.4231;5.6093;97.6024;3.7091;45.3046;0.9969;0.8408;-16.5747;-71.8856;17.7845
6772;70.6034;7.2325;102.9008;3.6495;57.3564;1.1852;0.7713;-20.8284;-78.3066;23.0485
6773;30.0834;4.3145;82.1257;4.1381;72.6189;0.8;1.4632;-7.8645;-39.0346;8.2014
6774;48.9728;4.7221;92.9527;4.5028;60.8932;1.0676;1.0709;-16.7388;-66.5641;14.954
6775;50.2562;2.4672;95.9397;5.7458;55.6294;0.8463;1.3922;-10.0533;-45.1695;9.119
6776;84.7972;2.7892;101.4078;4.2326;73.2365;1.2086;1.8479;-14.7864;-49.0338;9.8104
6777;85.6988;2.8633;64.3601;5.089;43.5576;0.8;1.9359;-5.4725;-19.3358;6.1985
6778;75.8327;3.8473;96.6748;4.6113;47.2705;1.1342;1.208;-17.4987;-64.498;14.0837
6779;84.8339;7.8141;90.9976;5.4109;80.6509;0.8901;1.5741;-9.4845;-41.0506;8.4819
6780;67.0453;4.3607;99.4793;4.67;44.2363;0.9167;0.8718;-14.545;-68.3012;15.7735
6781;91.6348;2.636;129.5399;3.6298;65.0681;1.1852;1.4502;-16.6967;-59.2156;12.2596
6782;70.1582;3.0139;167.046;3.2227;70.8307;0.8528;1.0898;-11.6048;-57.4024;11.7377
6783;71.0416;3.5998;118.4824;4.9153;70.8931;0.8;1.5433;-7.3008;-35.6945;7.7754
6784;65.2193;4.9947;73.447;6.5101;67.6996;1.0146;1.7297;-10.9839;-43.1752;8.799
6785;82.3201;3.8977;91.7272;4.2563;72.1988;0.8761;1.8029;-8.2383;-31.408;7.2895
6786;62.4184;3.6437;116.0662;3.5487;58.0392;0.8;1.0643;-11.1335;-55.6534;11.2748
6787;87.5758;4.6199;112.8425;4.2157;63.8699;1.0725;1.2163;-15.5038;-62.1995;13.2273
6788;49.6213;2.8966;127.9963;3.7579;37.7864;1.0597;0.7378;-18.6018;-76.7937;21.5459
6789;50.2195;1.8689;97.5956;3.5995;47.3785;1.0236;1.173;-14.9188;-61.8022;13.0898
6790;82.3737;1.2615;91.3132;2.4346;70.8828;1.1069;2.8145;-7.3821;-15.2417;5.8991
6791;68.4062;2.9428;154.9769;4.2334;74.976;0.8;1.4216;-8.5311;-40.7665;8.4412
6792;61.83;1.9749;101.4776;4.9537;54.3356;0.8585;1.4561;-9.4021;-43.4602;8.8433
6793;86.021;3.3567;77.5561;2.9771;55.7891;1.0571;1.96;-10.8555;-38.1946;8.0899
6794;59.0693;6.1141;144.5974;3.2825;65.7307;1.2302;0.72;-22.1027;-80.4909;25.6291
6795;66.3964;5.6564;68.796;3.1779;56.9908;1.0492;1.3386;-14.5349;-57.4693;11.7562
6796;95.1861;4.9134;60.0;2.52;33.9156;1.2632;1.1517;-20.2641;-69.6099;16.4527
6797;97.7046;6.8681;121.2091;3.1666;47.2923;0.8733;0.6267;-15.0822;-76.078;20.9013
6798;98.3032;3.0904;125.5677;4.3032;46.6676;0.8843;1.3543;-10.6278;-48.9539;9.7951
6799;64.9217;7.2352;110.9049;2.5869;67.2439;0.9284;0.9577;-14.0922;-65.6118;14.5399
6800;92.1527;3.6794;72.2084;4.3937;77.1414;0.9836;2.4835;-6.0401;-15.8359;5.9408
6801;52.9188;3.6881;98.539;3.5448;82.718;0.8;2.0098;-4.8872;-16.2581;5.9707
6802;53.6757;3.7116;93.2821;3.2065;60.8091;0.9958;1.2793;-13.6472;-57.1765;11.6758
6803;30.0;2.0263;87.4308;5.1658;70.4219;0.9932;2.455;-6.464;-17.6019;6.0681
6804;100.1116;8.7233;142.3356;3.6398;89.9778;0.8846;0.8396;-14.0175;-68.3633;15.8044
6805;54.4484;2.3137;76.9768;3.895;44.8159;0.8575;1.3482;-10.1881;-47.5925;9.5406
6806;67.7224;3.3795;108.2233;6.547;71.7457;1.0558;2.0894;-9.6415;-34.0358;7.5799
6807;53.6142;3.272;134.7851;3.2199;52.0122;1.1251;0.8665;-19.2995;-74.3263;19.4751
6808;82.513;1.8318;110.0055;6.9488;76.765;1.0293;2.1168;-10.1677;-31.4498;7.2939
6809;63.2386;2.4016;136.3806;4.0783;64.8943;1.0289;1.257;-14.0519;-59.2781;12.2784
6810;46.5133;1.5322;115.1343;2.8958;83.7285;0.9927;1.9557;-9.299;-34.3306;7.6139
6811;77.9499;3.1403;111.331;3.7691;60.4818;1.0031;1.4522;-12.7261;-51.7399;10.3605
6812;44.1929;7.0222;109.6046;4.7032;52.1006;1.1458;0.6649;-20.8472;-80.6567;25.8487
6813;54.9267;3.3722;116.5746;6.4818;70.8854;1.383;1.5795;-21.1641;-61.9297;13.1336
6814;32.076;2.214;90.8115;5.7982;82.3445;1.3479;2.3728;-14.5579;-41.3217;8.521
6815;44.3688;5.146;72.2189;4.6959;35.2918;0.8051;0.7825;-12.6023;-67.6032;15.4336
6816;73.2135;9.5246;126.9357;6.4899;83.9084;0.8;0.7868;-12.617;-67.2172;15.2519
6817;34.6384;2.849;133.701;1.7784;51.7418;1.1119;0.766;-19.5819;-77.0353;21.7725
6818;43.3394;3.0784;106.5021;4.9742;63.7623;1.0043;1.6811;-11.162;-44.2022;8.9609
6819;69.9574;8.6317;87.1888;5.0649;34.4223;0.988;0.468;-18.6093;-84.2116;31.6688
6820;60.2151;2.5606;67.7443;5.0832;80.2403;1.0792;2.8711;-5.5218;-11.3182;5.6381
6821;105.8567;4.2987;102.1684;2.1848;67.2519;0.9523;1.4464;-12.1835;-49.3713;9.8758
6822;103.0101;2.8857;71.3739;3.0746;60.7174;0.8;2.2517;-3.4036;-6.1805;5.3294
6823;54.3774;7.879;68.9184;4.3503;66.527;0.8;1.3111;-9.3547;-45.3721;9.1528
6824;80.0285;8.8915;99.4831;6.2722;77.1721;0.8056;1.0857;-10.636;-55.0803;11.131
6825;83.4871;6.4896;82.618;7.4729;48.7367;1.1426;1.0909;-18.189;-68.176;15.7114
6826;59.2454;3.2497;109.0163;3.6033;78.4351;1.4581;1.938;-19.6004;-55.6971;11.2859
6827;43.0803;3.7017;96.0959;2.6352;70.7895;0.9103;1.3274;-11.4673;-51.3945;10.2869
6828;69.7786;2.8989;85.9282;5.8236;73.3794;1.6825;2.1849;-22.7477;-56.713;11.5508
6829;66.8888;7.3047;65.2967;8.5216;52.4868;0.8;1.4475;-8.4415;-39.6883;8.2903
6830;62.1562;7.6163;80.7977;6.2604;51.7094;0.9034;1.0494;-13.096;-61.281;12.9135
6831;77.9617;3.7835;81.5435;3.4771;59.5554;1.0373;1.701;-11.6309;-45.34;9.1475
6832;56.4869;5.2208;73.6146;8.8917;81.6799;0.8;3.1676;2.9886;31.9852;3.7883
6833;49.264;2.4829;92.1031;5.6302;67.5297;1.3558;1.6722;-19.1648;-58.8881;12.1619
6834;71.9635;3.87;75.0652;3.4135;77.5909;0.8708;2.5967;-2.771;-0.5948;5.0299
6835;76.9475;5.0497;95.9891;7.5015;71.5658;1.0068;1.9001;-10.2962;-37.0871;7.9475
6836;48.8204;3.607;106.1946;3.295;66.9502;1.0938;1.3299;-15.558;-59.4708;12.3368
6837;86.7056;3.464;81.3392;3.6684;48.0727;0.8;1.5912;-7.1226;-33.7013;7.5416
6838;38.1313;0.654;111.2213;5.6899;42.7012;1.6266;1.1486;-28.4135;-76.4611;21.2414
6839;59.594;6.3924;71.1529;4.5626;45.9343;1.0271;0.9724;-16.1376;-68.4403;15.843
6840;65.3558;7.2872;75.7263;4.6555;48.9499;0.9342;0.9449;-14.6534;-66.2829;14.8293
6841;58.548;8.575;97.2092;4.658;58.4143;0.8008;0.7152;-13.1239;-70.2261;16.7932
6842;59.8289;5.6793;118.7393;6.2717;51.6112;1.0418;0.8691;-17.171;-72.1922;17.9805
6843;103.6793;4.5223;124.2158;1.1134;25.2288;0.8;0.5174;-14.1188;-78.4411;23.1923
6844;54.6841;3.0292;149.6453;5.0268;80.1012;1.0282;1.2542;-14.2597;-59.3402;12.2972
6845;113.942;9.7842;91.0149;4.1647;33.348;1.3222;0.475;-25.7373;-88.0266;41.7591
6846;77.8683;4.7768;96.8627;3.4713;43.4106;1.2624;0.9866;-21.6809;-73.949;19.1931
6847;71.657;5.3953;77.2465;3.4673;63.6727;0.8948;1.5088;-9.8146;-43.7948;8.896
6848;78.5723;5.4044;73.0927;0.6443;63.1486;0.9459;1.5263;-10.9426;-46.2103;9.2955
6849;115.5387;6.7921;105.8807;3.4024;71.1652;1.1144;1.1993;-17.3981;-64.1271;13.9381
6850;52.1153;0.9793;82.3684;6.5357;88.288;1.2667;3.4668;-6.7218;-8.7695;5.4806
6851;49.8325;2.7871;136.083;5.8481;59.3387;1.3588;0.9978;-23.5931;-75.5218;20.4263
6852;56.4124;5.2839;69.3783;4.3129;56.0018;1.3853;1.5474;-20.7298;-62.7664;13.4287
6853;70.5786;7.3594;112.9289;2.4831;64.2145;0.8298;0.9432;-12.3886;-62.1093;13.1959
6854;38.9361;5.4256;77.7684;5.8328;74.0772;1.1626;1.5407;-15.073;-55.825;11.3186
6855;70.4021;3.7548;81.4556;6.5648;66.3058;0.8;2.2719;-3.1522;-5.3366;5.2819
6856;100.4838;3.4841;114.4283;6.1513;62.3747;0.9115;1.5638;-9.8631;-42.8138;8.7434
6857;72.7253;5.8255;84.4534;3.1469;61.5104;0.8;1.2441;-9.254;-48.1628;9.6456
6858;64.7317;5.8518;87.9021;3.3027;63.4307;0.8;1.2326;-9.357;-48.6432;9.7358
6859;58.8731;4.8882;81.6246;7.0839;46.7084;1.0496;1.1046;-15.9341;-64.9188;14.2527
6860;86.1732;3.1358;156.2454;2.7861;38.6225;0.8708;0.652;-14.7198;-75.0431;20.0345
6861;55.135;7.769;85.6954;5.3173;68.8292;1.059;1.0758;-16.3074;-66.137;14.7654
6862;103.2351;4.5411;101.2971;1.9334;46.3437;0.8;0.9513;-11.4001;-60.3633;12.6146
6863;104.8005;6.2674;95.0774;4.1495;51.4776;1.1016;1.183;-17.0063;-64.2055;13.9686
6864;74.6215;2.7561;105.6915;5.4777;82.4474;0.9176;1.9713;-7.9216;-28.3862;6.9819
6865;69.7927;3.3954;85.7543;4.5551;42.7656;0.9433;1.1673;-13.4671;-58.7527;12.122
6866;88.5519;7.112;95.1035;5.3859;54.8936;0.8;1.0364;-10.7248;-56.8156;11.5783
6867;89.7064;1.5909;110.3501;2.7607;74.69;1.226;1.9929;-14.775;-45.8167;9.2279
6868;55.4921;4.3052;80.5935;3.37;22.9308;1.0285;0.5608;-18.9868;-81.826;27.5118
6869;60.522;4.1292;131.3021;5.3227;48.9827;1.114;0.89;-18.7032;-73.3681;18.7745
6870;46.1977;5.9327;134.4968;5.6453;69.7504;0.8;0.9093;-11.4819;-62.1125;13.197
6871;77.3632;3.0896;116.3722;4.9297;22.9071;1.1447;0.5339;-21.6639;-84.4517;32.1579
6872;81.9993;2.781;101.7623;6.0206;61.5854;1.0083;1.8247;-10.4439;-39.6766;8.2887
6873;45.7013;7.7837;60.0;2.1142;53.6497;0.9056;1.1069;-12.6617;-59.254;12.2712
6874;61.8064;4.6632;111.1903;3.9007;74.3563;1.317;1.8667;-17.1197;-52.7556;10.5833
6875;45.7494;2.0768;90.6801;7.334;70.5016;1.0852;1.9614;-11.2264;-39.7523;8.2991
6876;53.8216;2.6412;94.0288;6.5252;82.8982;1.0947;2.5141;-8.0667;-23.4473;6.5314
6877;79.9183;9.7206;62.2293;5.5505;46.717;0.8;0.8459;-11.9362;-64.7532;14.1857
6878;56.7973;2.6554;113.1334;4.3669;47.8556;1.2414;1.2465;-18.8684;-66.5289;14.9382
6879;64.5851;4.9105;69.6181;6.1522;75.704;1.0936;2.5283;-8.7631;-22.9396;6.4884
6880;40.7084;3.7902;103.0049;5.2437;69.9387;1.2809;1.2953;-19.5012;-66.2906;14.8327
6881;73.3658;7.2418;125.3782;2.3238;62.7555;0.8882;0.6451;-15.1774;-75.7889;20.6517
6882;69.2031;5.965;88.929;6.0936;69.8749;0.867;1.2673;-10.8112;-51.2777;10.2622
6883;56.8787;4.8229;135.5287;3.3009;70.195;1.3812;0.9942;-24.0671;-76.0067;20.8391
6884;66.5977;1.005;82.9653;5.7395;51.0701;1.2113;2.2804;-11.8227;-37.2458;7.9676
6885;73.2453;7.1727;116.196;2.176;67.5159;0.8;0.841;-12.1514;-64.9589;14.2689
6886;55.3324;3.923;72.1663;6.9985;38.9579;1.0032;1.2776;-13.6377;-57.551;11.7788
6887;43.4273;7.8669;129.4057;4.1877;42.9704;1.2269;0.4325;-24.1524;-88.2505;42.5551
6888;102.5003;4.2081;124.4828;2.936;80.9463;1.0362;1.5084;-12.533;-51.4785;10.3047
6889;58.6011;5.4907;112.422;3.5672;46.9381;0.8959;0.6805;-15.3075;-74.6808;19.7479
6890;68.2583;1.7828;90.6358;4.0947;68.5154;0.8748;2.4543;-4.6657;-6.484;5.3467
6891;88.1951;5.8833;70.4336;4.5913;53.7755;1.013;1.4136;-13.1545;-53.4812;10.7483
6892;133.523;3.365;90.6957;6.5772;71.6691;1.2266;2.6421;-9.6985;-28.2006;6.9638
6893;47.5992;3.4323;131.9927;4.7052;56.9131;0.8195;1.1349;-10.2988;-53.8372;10.8312
6894;78.0969;2.1787;103.3024;1.3436;63.3801;0.8;1.5685;-7.7343;-34.6464;7.6507
6895;57.2641;2.3676;67.8236;2.7554;53.9077;0.9221;1.9488;-8.2658;-29.5511;7.0973
6896;60.3018;2.6004;75.4891;8.7363;65.5063;1.0942;2.7258;-7.4126;-16.9637;6.0215
6897;57.0362;3.3161;136.7915;4.8031;47.6507;1.1438;0.8298;-19.9986;-75.8192;20.6775
6898;49.7382;7.3197;112.9729;6.0262;46.4352;0.8165;0.5482;-14.4591;-77.6185;22.3399
6899;69.2568;3.5184;73.4548;4.1375;52.112;1.0554;1.5372;-12.8778;-51.4523;10.2992
6900;43.459;5.7187;64.3098;3.0931;73.8166;0.8801;1.6293;-9.3882;-38.2914;8.1026
6901;87.0425;1.9019;85.5336;3.8781;51.7497;1.1585;1.5906;-15.0262;-54.2338;10.9251
6902;70.9901;4.7854;62.9494;4.7925;76.9806;0.974;2.3869;-6.0883;-18.3086;6.1206
6903;77.6038;4.1302;96.1791;3.9096;78.5632;1.1826;2.1102;-12.8811;-40.5192;8.4061
6904;61.6086;8.7893;184.5788;7.4777;75.4478;1.0136;0.5706;-18.5711;-81.2356;26.6462
6905;63.3903;6.802;67.083;3.6756;70.0221;1.1052;1.7046;-13.1263;-48.5875;9.7253
6906;75.1762;3.9789;95.4558;3.0177;63.7241;0.9153;1.7836;-8.9216;-35.044;7.6975
6907;49.0471;6.1331;138.8163;5.8132;61.4282;0.8676;0.7631;-13.8299;-70.6815;17.0541
6908;63.5562;2.6412;120.5955;5.998;65.4533;0.9447;1.4763;-11.6201;-47.909;9.5986
6909;54.527;4.6051;96.3498;4.645;57.2547;1.1313;1.175;-17.1963;-65.3787;14.442
6910;53.9698;1.8312;96.4074;3.6968;54.9606;1.6567;1.4185;-27.82;-71.4582;17.5181
6911;32.0229;3.4158;74.9029;1.749;67.3696;1.2866;2.453;-12.5241;-36.4482;7.8676
6912;94.1079;2.8161;93.5276;6.4311;77.2524;1.3553;3.0543;-11.1858;-24.8769;6.6557
6913;57.6423;5.6765;106.275;5.9028;33.7583;0.9793;0.7231;-16.9634;-75.3873;20.3148
6914;90.9408;4.1769;131.8215;3.9402;81.2839;0.8982;1.3277;-11.4857;-50.7295;10.1481
6915;89.2383;5.9314;85.6378;4.6894;46.6136;0.8;1.015;-11.2551;-57.7102;11.8232
6916;46.852;4.3226;95.365;4.26;85.1545;0.8873;1.7267;-8.7074;-35.1297;7.7077
6917;50.4086;1.9332;78.8752;7.0431;58.9246;0.8;2.0863;-4.6519;-13.0725;5.7519
6918;116.0891;5.805;105.7948;3.0431;49.658;1.1662;0.9106;-19.8675;-73.9722;19.2102
6919;101.5167;6.6698;121.646;3.6699;58.4755;0.9614;0.8276;-15.7393;-71.306;17.4252
6920;69.4327;7.4672;117.0478;3.5249;50.0152;0.8;0.5979;-13.6238;-75.0891;20.0716
6921;74.6327;4.665;74.636;5.0652;33.3864;1.1155;1.0039;-17.94;-70.0025;16.668
6922;58.6448;5.952;103.7398;4.6842;57.2913;1.0654;0.9287;-17.3596;-70.9432;17.2077
6923;77.7823;5.9393;84.4232;4.9001;89.9936;0.8;1.9805;-5.1207;-17.4791;6.0591
6924;57.0907;2.4233;128.7577;3.2791;24.9471;1.3534;0.6233;-25.7107;-84.6479;32.5689
6925;33.4176;2.4749;96.0474;6.8273;71.643;0.8603;2.1362;-5.4111;-17.2246;6.0404
6926;46.212;1.7975;68.3945;3.9189;66.0162;1.1267;2.3751;-10.1539;-29.7345;7.1159
6927;70.3797;3.275;94.6532;6.3814;40.5364;0.9753;1.3749;-12.662;-53.0125;10.6411
6928;49.6408;4.0829;112.1445;9.3087;63.3565;1.3902;1.2928;-22.7972;-69.0032;16.1307
6929;68.789;9.6261;106.2901;3.29;59.0094;1.2023;0.6004;-22.4704;-83.3539;30.037
6930;50.6561;3.8487;87.9898;5.1136;61.5549;0.8028;1.4821;-8.208;-38.4639;8.1253
6931;55.9176;5.7333;86.3883;4.4026;59.5288;1.439;1.19;-23.7669;-72.4348;18.1388
6932;85.357;5.4846;78.1237;7.6463;68.4165;0.8;1.7647;-6.7997;-26.4695;6.7999
6933;74.4546;2.7037;90.6026;4.179;59.4373;0.8091;1.8778;-6.2857;-22.6361;6.463
6934;69.826;1.6788;80.7413;4.973;44.6095;1.3836;1.5396;-21.0308;-62.9077;13.4799
6935;85.8214;4.5054;127.4459;4.9403;52.9744;0.9945;0.9287;-16.1195;-68.8707;16.0621
6936;78.651;5.5357;79.8289;4.4494;31.0009;1.0644;0.7411;-18.5791;-76.7914;21.5437
6937;96.0381;9.659;103.1043;5.7332;75.3642;1.0883;0.8592;-18.1465;-73.6825;18.9988
6938;61.7225;3.4691;101.3669;4.7401;89.7093;0.8063;1.8691;-5.9457;-22.7271;6.4706
6939;62.2666;7.3748;126.6702;5.3228;52.1823;1.4566;0.5523;-28.4272;-87.3602;39.5576
6940;46.58;3.589;131.3036;4.9204;53.3449;1.551;0.8941;-28.2126;-80.7834;26.0191
6941;62.2783;5.4553;119.0047;3.6932;46.7748;0.8;0.8952;-11.7608;-62.6986;13.4043
6942;87.3659;4.8312;109.2242;4.1966;72.7175;0.914;1.3643;-11.3004;-50.2412;10.0485
6943;93.3998;1.6217;76.9387;5.4331;62.3391;1.1457;2.495;-10.0047;-27.4059;6.8876
6944;87.2855;1.8645;76.5507;5.427;80.107;0.9779;3.1958;-1.0746;8.9345;4.5899
6945;37.7045;1.2022;80.9432;6.4675;60.6822;0.897;2.0143;-7.2267;-25.1486;6.6799
6946;89.4966;3.5317;120.681;7.3889;63.4395;1.1189;1.4201;-15.7703;-57.6952;11.819
6947;36.9067;5.8885;101.8502;3.8184;75.608;1.141;1.0513;-18.4263;-69.2891;16.2809
6948;86.1661;2.5256;124.2548;4.8023;67.8368;1.4027;1.7754;-19.2377;-57.8105;11.8513
6949;63.3799;4.8804;128.4925;4.3099;44.2152;0.8;0.6188;-13.5366;-74.217;19.3926
6950;82.6456;3.123;83.4028;2.939;63.3794;0.8173;2.0419;-4.3696;-16.7246;6.0042
6951;46.0159;6.3258;100.8051;5.4468;30.1061;0.86;0.4966;-15.6075;-80.7514;25.9759
6952;91.081;6.3385;99.6757;5.7668;39.3423;1.615;0.7006;-30.5876;-85.5408;34.58
6953;43.6305;6.1354;92.1321;2.9845;72.9804;1.3526;1.5163;-20.3184;-62.6304;13.3798
6954;57.9678;4.3787;87.4843;4.0383;81.9022;1.0566;1.9268;-10.466;-39.2112;8.2252
6955;52.0343;3.1024;134.4724;3.8919;55.4898;0.9833;1.1016;-14.3037;-62.6573;13.3895
6956;38.4229;6.4402;101.3078;2.3374;68.6174;1.0922;0.8771;-18.2728;-73.2313;18.6786
6957;71.7015;2.6024;100.3292;4.5454;35.1542;1.2648;0.9399;-21.5944;-75.2288;20.1848
6958;102.5096;3.1275;81.8162;2.8821;69.4112;0.9506;2.3726;-6.8114;-16.8042;6.0099
6959;118.0043;2.5902;118.3887;4.8385;42.5448;1.0563;1.2122;-15.7352;-61.7458;13.0704
6960;71.7488;5.3454;77.7807;5.0037;48.384;0.9349;1.0908;-13.5015;-61.1054;12.8553
6961;90.1003;5.4321;112.0446;5.1895;88.0985;0.8;2.0905;-5.0166;-12.8978;5.7404
6962;74.1777;5.1929;112.8125;5.262;71.5776;0.8;1.3541;-9.0864;-43.5775;8.8617
6963;78.9799;3.766;90.2011;6.8964;29.7967;0.8709;1.0466;-12.4309;-59.943;12.4822
6964;63.8413;2.0424;108.2651;3.387;31.7445;0.9282;0.756;-15.3665;-72.8517;18.4174
6965;73.5114;7.5695;104.7512;3.4623;70.0637;1.0913;0.9733;-17.5831;-70.2709;16.8185
6966;79.6746;4.2785;99.0208;5.5827;64.8267;1.0552;1.5552;-13.9635;-50.8695;10.177
6967;59.5877;3.7202;100.3241;4.402;41.8852;0.8;0.8467;-12.2248;-64.7205;14.1725
6968;68.6051;4.7709;101.5565;6.288;61.0886;1.0019;1.2209;-14.1424;-59.379;12.3089
6969;68.9483;2.6398;103.3011;5.4425;32.4257;0.8966;1.1874;-12.1332;-55.8532;11.3258
6970;84.8753;2.2743;101.5174;7.4772;61.8085;0.9513;1.9784;-8.4089;-30.6811;7.213
6971;50.8114;3.7125;75.8839;4.463;83.6521;1.0162;2.2664;-7.9389;-25.6575;6.7256
6972;69.0722;2.823;96.2662;2.3769;27.0492;1.292;0.6505;-23.8384;-83.2185;29.7947
6973;104.4161;2.9087;106.848;5.111;69.4419;0.9121;1.8355;-8.7106;-32.9203;7.4538
6974;90.9531;7.3264;102.462;4.4925;88.5869;1.3989;1.302;-22.8257;-68.9736;16.1153
6975;94.2852;4.4139;126.9264;5.4017;70.3737;0.8;1.2557;-9.6541;-47.6795;9.5565
6976;70.4398;4.1392;116.7683;5.5939;63.7524;0.839;1.2438;-10.6208;-50.5849;10.1184
6977;75.778;5.4558;80.4445;3.7982;83.3077;0.9809;1.8819;-9.2864;-36.0515;7.8188
6978;88.0403;8.205;95.9199;3.0865;65.671;0.8;0.9898;-11.1695;-58.7599;12.1241
6979;98.0846;2.1324;92.5118;4.3811;47.2139;0.8;1.773;-6.4768;-26.1268;6.7684
6980;34.8711;6.6728;99.8913;1.0282;58.4005;1.0148;0.6984;-17.7831;-77.06;21.796
6981;46.3221;4.7405;99.9255;4.721;68.7293;0.8;1.3791;-8.7583;-42.5395;8.7016
6982;93.57;2.3632;116.5186;3.9888;59.1575;0.8254;1.4306;-9.3457;-42.2246;8.6542
6983;65.016;3.1634;104.5329;5.8925;56.8417;0.9836;1.2135;-13.8947;-58.8777;12.1588
6984;57.909;4.1329;136.0206;1.6212;35.6704;1.4058;0.5186;-27.4718;-87.7037;40.6628
6985;47.4251;5.4683;106.2103;4.6095;53.6355;0.9623;0.804;-15.8648;-72.1501;17.9534
6986;60.0097;2.9004;81.2493;6.9643;52.9605;1.0264;2.3215;-8.252;-24.6099;6.6322
6987;44.7574;4.4385;88.9745;5.6131;78.1867;0.8;1.8643;-5.3725;-22.3196;6.4366
6988;107.6397;5.4208;116.2935;6.071;76.3997;0.8108;1.5785;-7.7946;-35.11;7.7054
6989;69.5962;3.9454;66.795;5.1096;50.2481;0.8;1.7381;-6.6891;-27.5778;6.904
6990;68.9569;6.9819;71.4287;2.1077;44.2248;0.8214;1.0609;-11.1775;-56.9466;11.6135
6991;80.5854;7.0537;100.2678;4.8498;39.8827;1.1653;0.6257;-21.501;-82.1011;27.9347
6992;87.3222;4.0671;126.8367;5.2127;36.7275;0.8914;0.6542;-15.4338;-75.5371;20.4391
6993;87.026;8.6582;138.6467;2.9827;65.5215;1.0307;0.6547;-18.4708;-78.8268;23.6148
6994;89.3252;1.8398;94.717;4.4102;51.1422;1.0457;1.6587;-12.4057;-47.1249;9.4563
6995;58.6448;0.7826;130.3701;0.2484;65.0142;1.1586;1.4163;-16.2775;-59.251;12.2702
6996;64.6384;3.5824;101.8231;4.0989;55.8262;1.3936;1.2028;-22.9634;-71.2298;17.3791
6997;83.8426;4.8496;68.1913;3.9454;64.9239;1.1291;1.795;-14.1511;-47.0081;9.4354
6998;60.507;5.0343;99.7983;6.7034;40.9689;0.9535;0.8487;-15.5785;-70.3294;16.8517
6999;69.9081;4.0995;85.6649;3.6952;56.5235;1.1728;1.4789;-16.8248;-57.9657;11.895
7000;77.1777;2.2222;125.8043;4.2005;44.5581;1.0627;1.0891;-16.4032;-65.8393;14.6367
7001;84.1333;2.5123;99.3602;4.4812;51.173;0.8;1.5247;-7.9951;-36.4709;7.8704
7002;38.0017;6.8644;72.6528;3.7145;57.7828;0.8;1.0844;-10.211;-54.8185;11.0665
7003;82.8654;7.0362;68.7338;5.6797;80.1337;0.956;2.0966;-7.643;-26.8974;6.8397
7004;65.793;5.3432;99.4769;1.6114;66.3752;0.8896;1.0784;-12.8625;-59.5895;12.373
7005;82.7342;5.2746;60.0;6.3049;59.9874;0.9757;2.0906;-8.2995;-28.5787;7.0007
7006;83.9848;4.8276;87.8498;4.5822;62.9067;0.8;1.7669;-6.3472;-26.3786;6.7915
7007;98.9425;2.6953;105.9458;6.5525;82.3758;1.1832;2.6539;-9.2068;-25.2368;6.6878
7008;94.3622;3.8339;76.7778;0.4792;43.1627;0.99;1.212;-14.4329;-59.1927;12.2527
7009;94.2383;5.503;128.2097;0.9457;62.9487;1.2754;0.9119;-21.9859;-76.167;20.9793
7010;95.9861;4.4527;134.6827;4.162;61.4928;1.0052;1.255;-14.3245;-58.3831;12.0143
7011;75.2448;1.1643;77.5556;5.3589;80.0793;1.041;3.6354;-1.1358;16.404;4.2954
7012;70.5793;8.2426;92.8197;3.7676;68.2968;0.8129;0.8699;-12.4018;-64.3308;14.0177
7013;85.7107;6.7876;128.2323;5.4758;78.4105;0.8;1.0269;-10.8287;-57.2107;11.6852
7014;83.1775;2.9876;99.9673;6.072;62.1168;1.0269;1.7488;-11.6632;-43.2323;8.8078
7015;64.4368;4.9497;70.5661;5.599;63.9337;1.0004;1.775;-10.8953;-40.8603;8.4546
7016;77.2868;7.7407;96.4804;4.7549;48.3574;0.8;0.7149;-13.1935;-70.2138;16.7863
7017;69.3683;2.0101;80.7969;4.7434;48.1515;1.2069;1.6487;-15.9398;-54.4635;10.9802
7018;54.6292;4.2512;131.9232;3.6778;51.3674;1.01;0.7012;-17.3494;-76.858;21.6058
7019;93.2283;3.9867;116.3559;4.5169;73.2532;0.9037;1.4399;-10.4043;-46.8894;9.4143
7020;70.9936;3.7373;92.4558;3.0637;26.6089;0.8404;0.6905;-13.976;-72.6099;18.2548
7021;106.8767;6.6934;103.6176;3.4229;63.0408;1.1633;1.0906;-18.5429;-68.7511;16.0006
7022;40.7411;3.5823;72.1062;5.3715;60.5221;0.8701;1.6949;-8.6367;-35.0679;7.7004
7023;59.978;1.7296;82.8247;3.9057;50.9184;1.0484;1.6867;-12.2644;-46.371;9.3233
7024;70.5875;1.7505;147.4501;3.4937;63.9535;0.9669;1.3566;-12.4391;-53.2318;10.691
7025;90.4729;1.5076;101.3469;5.2738;50.2604;0.8994;2.1686;-5.6662;-19.6232;6.2207
7026;77.1904;3.7317;126.1778;5.1698;46.4567;0.8;0.8779;-11.9194;-63.4189;13.6682
7027;75.5885;5.6726;105.9718;4.2771;69.1192;1.2973;1.1198;-21.3177;-71.2253;17.3764
7028;49.7093;2.6996;138.8981;4.3766;40.2662;0.8179;0.6649;-13.7075;-72.9005;18.4505
7029;49.1751;5.1513;60.6707;5.2239;70.0831;0.8417;2.7127;-1.7388;7.4292;4.6542
7030;75.8051;5.4384;95.4036;6.0534;36.1861;1.307;0.746;-23.8764;-80.9736;26.2793
7031;45.4461;2.9619;150.862;4.9016;65.6033;0.9798;1.0909;-14.2004;-62.8895;13.4733
7032;60.4262;4.8461;127.0034;2.8119;59.5352;1.0661;0.972;-16.8972;-69.6087;16.4521
7033;79.0165;5.4222;139.2838;4.2679;40.3358;1.3537;0.5418;-26.0866;-86.6592;37.4789
7034;52.3182;4.0443;99.831;3.9893;68.4585;1.3471;1.3678;-20.7116;-66.1552;14.7733
7035;98.8964;3.3586;87.4348;3.0205;34.0145;0.896;0.969;-13.7545;-63.9514;13.8702
7036;92.0309;4.9675;77.353;5.3469;73.2028;1.2591;1.9929;-14.6194;-47.2388;9.4767
7037;41.7144;8.7863;76.0156;5.4623;69.4542;0.8;1.0071;-11.2493;-58.0384;11.9156
7038;53.2173;3.8263;122.3561;5.6893;53.0991;0.8;0.9588;-11.7565;-60.052;12.5163
7039;30.0;3.64;113.6897;3.1136;51.2164;1.0089;0.9509;-16.1813;-68.5827;15.9148
7040;55.9134;4.0312;98.3494;4.8362;38.9094;0.9833;0.8118;-16.5198;-72.48;18.1686
7041;83.795;1.8454;113.5471;4.5906;75.7216;1.1383;2.6384;-9.0858;-22.736;6.4713
7042;62.5499;4.5489;103.6255;5.0611;63.7435;1.1146;1.2377;-16.6659;-62.9844;13.5078
7043;78.2944;3.3186;127.1954;4.7946;73.2468;1.1483;1.4385;-16.2748;-58.2452;11.9747
7044;42.598;2.1982;126.8927;4.5812;85.2751;1.3778;1.9451;-17.8974;-52.94;10.6247
7045;84.3636;4.0423;76.608;4.4009;76.7284;1.4808;2.527;-17.4404;-43.1169;8.79
7046;60.008;0.7835;107.0806;6.2603;89.4558;1.1919;2.9987;-7.4397;-16.1338;5.9619
7047;70.2191;3.6928;65.8878;3.3073;56.1414;0.9957;2.7501;-4.0863;-7.9286;5.4306
7048;68.3283;2.0847;103.3814;4.3402;60.67;0.9597;1.8887;-8.7791;-34.4012;7.6221
7049;47.1121;1.2596;116.3085;6.2221;58.7843;0.9971;1.3438;-13.1931;-55.077;11.1302
7050;49.2445;6.5835;72.0053;3.3834;79.2235;0.8915;1.7641;-7.8366;-34.0422;7.5806
7051;87.4203;7.64;90.1121;3.4599;85.6791;1.2029;1.3781;-18.0186;-61.8115;13.0929
7052;77.1819;2.7209;100.2384;5.7009;87.2463;1.2314;2.3813;-12.6587;-35.5393;7.7567
7053;88.9009;4.465;106.0222;2.4641;72.7369;0.8808;1.4341;-10.4977;-45.7315;9.2135
7054;75.8438;3.0707;93.2719;5.5909;54.7802;0.9675;1.5751;-11.2517;-45.7289;9.213
7055;72.5738;4.1968;74.5968;3.8655;58.3973;0.8;1.6229;-6.9357;-32.381;7.3944
7056;38.9318;3.8792;98.6589;5.215;56.2792;0.982;1.4569;-12.1222;-50.5469;10.1106
7057;65.1334;3.028;66.1622;2.7689;44.0855;1.0077;1.5142;-12.6506;-49.9128;9.9826
7058;69.5071;5.5364;94.3499;6.3776;49.4694;0.8014;0.9709;-11.3174;-59.613;12.3802
7059;105.1559;2.2333;89.5527;2.7741;96.1791;0.8998;3.4397;1.9289;27.4238;3.9239
7060;82.3652;1.6227;96.6991;5.6874;71.086;0.8;2.6036;-0.4495;8.4835;4.609
7061;97.6491;6.0694;86.9506;2.8368;58.9027;0.8;1.2452;-9.3958;-48.1169;9.6371
7062;80.7557;5.2867;68.5971;7.3125;59.0922;1.3449;1.9468;-16.9151;-51.7496;10.3626
7063;57.1965;4.2252;91.2483;4.4929;61.5592;0.8;1.6021;-7.7739;-33.2456;7.4901
7064;72.1082;4.0509;126.2009;7.5263;51.0772;1.0231;0.9277;-16.5441;-69.7741;16.5421
7065;74.252;4.2188;137.076;3.3717;57.1619;1.2155;0.8815;-20.8537;-75.8281;20.6852
7066;53.0952;3.8813;184.0125;3.936;47.3964;1.3289;0.4998;-25.8159;-87.4622;39.8796
7067;63.081;3.6461;152.6401;6.4161;66.9233;0.8088;1.4625;-8.8938;-39.7222;8.2949
7068;66.2962;4.2319;74.1386;2.4607;69.788;1.2912;1.8596;-16.7834;-51.9948;10.4155
7069;98.9012;4.4006;90.2931;3.5511;81.9808;1.0328;1.9717;-9.7684;-36.3628;7.857
7070;32.5467;5.4736;99.432;5.3426;53.1412;1.1214;0.806;-19.4343;-76.0426;20.8704
7071;91.7047;5.6177;97.8837;3.0718;57.2288;1.4218;1.1254;-23.9909;-73.6157;18.9506
7072;53.1377;3.5667;101.7535;5.3827;41.585;1.13;0.9298;-18.9653;-72.5723;18.2297
7073;45.3026;3.755;182.558;4.8556;75.9389;0.8305;0.8566;-12.5462;-65.6186;14.5427
7074;91.239;3.5464;76.2988;2.3295;70.2383;0.8;2.5167;-1.4423;4.8641;4.7681
7075;83.1742;4.4484;83.6622;6.0517;41.2846;1.1365;1.0718;-18.2972;-68.5642;15.9054
7076;92.5813;3.9707;150.826;2.7064;60.2652;1.0848;0.869;-18.3534;-73.2991;18.726
7077;84.4126;7.2904;85.7276;5.7569;59.6634;0.8531;1.1273;-11.4069;-55.9516;11.3511
7078;107.0772;5.5065;110.3399;4.7927;76.4633;1.0374;1.4739;-13.5314;-52.6414;10.5578
7079;80.057;7.404;129.5199;3.9175;77.153;0.8;0.8656;-11.945;-63.9332;13.8632
7080;67.1834;5.602;112.933;2.9419;64.5695;1.0746;1.1599;-16.2605;-64.0194;13.8964
7081;76.1727;8.6111;104.9109;5.0939;67.0778;0.8;0.8949;-11.9846;-62.7145;13.41
7082;92.3824;5.0783;126.447;3.2912;46.6469;1.2737;0.8311;-22.4508;-78.249;22.9874
7083;55.9712;8.4431;79.9901;6.4119;58.7286;1.5222;0.9603;-27.1125;-78.971;23.7767
7084;58.266;2.4382;88.33;6.4667;41.9667;1.0595;1.4087;-14.3108;-55.6814;11.2819
7085;64.4387;1.6164;114.3289;7.0631;48.5981;1.0806;1.2573;-15.5644;-61.2148;12.8915
7086;32.1175;4.7096;60.0;5.0213;26.7353;1.1247;0.8196;-19.2935;-75.71;20.5846
7087;72.4854;8.9523;142.4963;3.9935;66.8154;1.0569;0.5608;-19.58;-82.3142;28.2713
7088;36.0497;3.7767;107.8799;4.1546;67.1344;0.8031;1.2254;-10.1081;-49.1384;9.8306
7089;70.9551;2.7441;103.8999;4.0449;58.6522;1.3266;1.7388;-17.8317;-56.3074;11.4436
7090;85.5752;4.3593;66.5226;4.972;29.5169;1.0942;1.3328;-15.3106;-59.3996;12.3151
7091;61.4162;5.1673;72.495;5.2549;86.4181;1.1185;2.1104;-10.8105;-37.1062;7.9499
7092;100.1881;3.2516;90.5158;6.4473;44.2165;1.2235;1.9202;-14.6185;-47.686;9.5577
7093;43.711;5.6448;122.3674;4.6302;71.8981;1.2129;0.9926;-20.5074;-72.7214;18.3294
7094;91.4427;8.7136;60.0;2.4952;67.0401;1.28;1.3361;-19.4376;-65.2055;14.3701
7095;82.1525;7.3824;121.7855;3.9889;69.2697;1.0951;0.8784;-18.6195;-73.2642;18.7015
7096;39.1114;3.1364;91.3924;6.9338;76.5458;0.8421;2.0606;-5.2515;-18.4346;6.1301
7097;118.7943;3.3087;94.5675;2.2651;64.9651;1.0869;1.9282;-11.1086;-40.8672;8.4555
7098;68.8526;3.5353;106.5451;5.7087;59.2902;0.995;1.315;-13.92;-55.9442;11.3492
7099;54.2053;3.6547;106.9648;4.0141;52.5972;0.8395;1.0153;-11.9189;-59.6865;12.4028
7100;44.6724;2.0436;83.6853;3.2748;59.4166;1.3368;1.6003;-19.4401;-60.0988;12.531
7101;66.0397;6.0214;116.9092;5.1934;59.9818;0.9704;0.9156;-15.5823;-68.5494;15.8979
7102;67.7067;3.5035;60.0;6.9414;76.6231;1.0467;2.9884;-4.4981;-4.8319;5.2539
7103;71.8476;7.173;89.3504;5.1107;62.2119;0.8645;1.17;-11.469;-54.8859;11.083
7104;64.6397;7.7958;103.9168;4.2062;78.3238;0.9892;1.1163;-14.6773;-62.3824;13.2916
7105;81.3981;1.2617;91.7376;2.6559;75.9748;1.2046;2.5592;-10.1106;-29.1821;7.0604
7106;63.0227;9.1256;63.3353;4.4517;55.1112;1.5056;1.1701;-25.1735;-74.0942;19.3007
7107;35.1706;5.6087;120.8653;2.6018;63.2579;0.8;0.8342;-12.1598;-65.2433;14.3857
7108;67.3115;4.3525;73.1911;4.1351;45.0189;1.0045;1.2329;-14.3844;-59.0863;12.2208
7109;30.0;3.6285;98.3263;4.5054;83.9119;0.8;1.7398;-6.9258;-27.5098;6.8975
7110;76.3679;4.3415;103.9;1.0592;70.4773;0.9177;1.5785;-10.4704;-42.6663;8.7209
7111;52.3726;3.2983;100.4969;6.6825;67.3991;1.0237;1.4794;-13.0539;-51.8305;10.38
7112;72.9405;4.9909;133.9441;2.7422;75.0339;1.0332;1.1843;-15.4201;-61.7902;13.0856
7113;93.6533;1.986;98.6773;4.3211;60.189;1.3876;1.8536;-18.2802;-55.4723;11.229
7114;52.9225;4.9805;111.2783;5.4007;60.6422;0.9556;0.9754;-15.26;-65.9756;14.6953
7115;89.1026;3.0581;98.6121;6.5628;83.9688;1.3667;2.5759;-13.6519;-37.1719;7.9582
7116;62.199;1.1472;116.5604;3.4118;52.5003;1.0506;1.5404;-13.2926;-51.1284;10.2309
7117;101.5575;4.5461;141.6762;0.8362;49.0492;0.903;0.7188;-15.0141;-73.4664;18.844
7118;63.4273;4.7054;103.4983;6.218;87.9094;1.0389;1.6412;-12.2175;-47.3416;9.4952
7119;54.8711;3.8248;121.5873;2.7258;70.7641;1.0261;1.1103;-15.5848;-63.9324;13.8629
7120;82.3703;1.8103;143.8833;5.1392;37.1394;1.0405;0.805;-17.7363;-74.213;19.3896
7121;62.1558;7.3368;140.3959;5.2324;76.0987;0.8698;0.8307;-13.5225;-68.1638;15.7054
7122;54.8539;4.9167;90.8171;-0.278;64.1454;0.8677;1.1192;-11.9835;-57.006;11.6295
7123;61.3989;2.1578;129.5774;2.1777;68.4339;1.255;1.3361;-18.5443;-64.5128;14.0896
7124;69.1971;4.2971;106.4167;3.9088;43.8309;1.2349;0.8141;-22.0374;-78.0256;22.7537
7125;94.1592;4.2179;132.2214;0.7238;72.4555;0.8473;1.1394;-11.6297;-55.174;11.1542
7126;35.1864;1.6977;115.276;2.5929;59.7512;0.9734;1.2282;-13.2764;-57.9425;11.8885
7127;70.4155;4.8869;107.1347;4.7843;51.1375;1.0797;1.2541;-15.7452;-61.2822;12.914
7128;81.2483;6.4298;111.4597;4.4673;56.8288;1.177;0.9258;-19.6025;-73.7809;19.0701
7129;73.4821;5.9145;106.5889;5.054;67.895;1.0384;1.2621;-14.6245;-59.4855;12.3413
7130;93.5776;2.6956;107.6358;5.2738;49.0858;1.2596;1.3426;-19.1293;-64.4697;14.0725
7131;68.6618;6.9739;96.107;2.0773;79.1293;0.9845;1.1938;-14.0188;-59.582;12.3707
7132;66.6781;3.3878;93.9008;2.6727;65.5113;1.3625;1.4798;-20.5395;-63.7971;13.811
7133;80.6619;8.1139;155.394;5.742;35.0082;1.6659;0.3237;-34.3184;-93.5221;50.0
7134;71.7876;1.8054;112.68;6.8865;59.492;1.0146;1.5385;-12.6039;-49.4545;9.8921
7135;62.9726;4.1547;86.6471;3.1489;72.4739;1.0779;1.8789;-11.4984;-41.8978;8.6055
7136;79.2906;4.824;93.2996;4.9884;89.3629;0.8286;1.9404;-5.8417;-21.9349;6.4049
7137;58.2545;2.9252;130.2212;5.8106;69.8262;0.9663;1.2624;-13.1765;-56.4545;11.4822
7138;58.9988;6.1009;83.1897;4.9563;31.4627;1.0364;0.5821;-18.9375;-81.2798;26.7091
7139;60.4961;5.0189;69.0384;4.2269;50.4978;1.1499;1.9453;-13.9677;-43.6122;8.8672
7140;94.3552;1.1558;70.3201;3.639;63.6423;0.9599;2.8938;-2.8583;0.491;4.9756
7141;30.0;4.8967;64.9051;7.5779;49.0627;1.161;1.3152;-16.7113;-62.2414;13.242
7142;77.1208;4.1848;72.2741;4.7443;66.4301;0.9277;2.0068;-7.2136;-27.8945;6.9343
7143;70.6169;2.6577;74.437;5.1834;66.6223;1.2236;2.5764;-10.6732;-29.8122;7.1237
7144;39.7443;9.4683;141.384;5.0865;94.7629;1.0865;0.9801;-17.5322;-69.9311;16.6285
7145;75.5751;7.3849;98.8522;3.3814;76.636;1.0768;1.0317;-16.9833;-68.061;15.6548
7146;78.5635;3.1408;91.3186;4.6762;54.8521;0.9121;1.5707;-9.5496;-42.5932;8.7098
7147;80.6135;4.4756;69.7081;4.1166;38.8223;0.9834;1.2021;-13.5799;-59.253;12.2708
7148;30.0;3.2581;96.4851;4.0898;32.1119;0.9279;0.9653;-13.9698;-65.3244;14.4194
7149;94.595;6.1361;64.7697;5.0754;44.2099;1.1898;1.6417;-15.3347;-54.0062;10.871
7150;56.7207;7.8476;91.1782;3.2265;64.937;0.8;0.9467;-11.2584;-60.5562;12.6763
7151;82.3582;3.4702;167.552;2.7928;62.7198;0.8682;0.9573;-13.0752;-63.2462;13.604
7152;83.3393;6.4044;118.0515;5.3541;52.1476;1.273;0.7217;-23.2685;-81.1023;26.4582
7153;54.2195;4.2245;94.8902;3.8026;48.7958;1.0382;1.0149;-16.4628;-67.417;15.3454
7154;81.8883;3.6654;119.0688;4.0825;59.5266;1.2771;1.5605;-18.5033;-59.269;12.2757
7155;63.0611;7.9764;87.7757;1.7068;63.5765;1.1806;1.0627;-19.142;-69.9934;16.663
7156;32.7152;4.294;81.8592;6.0446;56.3287;1.205;1.2277;-18.3938;-66.0395;14.723
7157;91.0194;4.0488;153.117;5.386;50.1945;1.0878;0.8559;-18.5032;-73.7735;19.0647
7158;56.0492;5.3328;75.1587;5.6621;59.7813;0.8768;1.6658;-8.2292;-36.6688;7.895
7159;54.6191;2.9908;91.5275;5.181;77.2468;1.0152;1.9706;-9.5716;-35.2972;7.7276
7160;62.7448;3.2992;107.9511;2.3261;41.5546;0.8;0.829;-12.2159;-65.4583;14.4752
7161;74.9003;7.8742;79.1315;4.9435;49.5803;0.9675;0.8686;-15.6919;-70.0735;16.7076
7162;68.9691;5.3764;117.6626;3.6863;62.7002;0.8967;0.9169;-14.0345;-65.9148;14.6691
7163;79.8652;6.6046;92.6215;3.1557;54.1201;0.8;1.1841;-9.8165;-50.6644;10.1347
7164;45.8892;3.0379;118.0547;5.3501;47.9746;1.089;0.9696;-17.4094;-70.3216;16.8473
7165;56.637;4.492;115.777;7.0878;37.6751;1.0678;0.8839;-18.0284;-72.4082;18.1214
7166;67.9121;8.6208;94.1056;6.84;59.6774;1.2872;0.8287;-23.0524;-78.5399;23.2991
7167;104.162;3.269;153.3672;5.5332;55.1859;0.8;0.9441;-12.1127;-60.662;12.7104
7168;67.9514;2.4523;84.6763;4.5547;56.4399;1.2413;1.8193;-15.1035;-51.1456;10.2345
7169;89.534;4.2968;140.1044;4.2767;70.5079;0.8;1.1457;-10.3054;-52.2616;10.4737
7170;70.694;3.6196;134.1426;3.2432;90.7737;0.971;1.4759;-11.4891;-49.3322;9.8682
7171;61.2941;2.4468;155.6937;4.1954;69.9005;1.4848;1.3641;-24.2954;-69.3763;16.3272
7172;65.559;7.2776;104.4475;5.9628;62.6665;0.9943;0.9523;-15.3571;-68.0742;15.6613
7173;66.9684;9.2146;82.107;7.3347;71.3862;0.8633;1.0042;-12.3415;-61.2271;12.8956
7174;80.8656;4.6438;168.0681;3.3753;43.5381;0.9835;0.5373;-18.1156;-81.7872;27.4532
7175;94.743;6.1291;91.973;1.6075;38.9718;1.1849;0.7618;-21.0929;-78.5701;23.3319
7176;76.4743;6.9383;81.5964;3.8037;53.1297;0.9452;1.0217;-14.2047;-63.966;13.8758
7177;91.3674;5.5408;95.3661;5.9559;72.2109;1.0816;1.6565;-13.3643;-48.9497;9.7943
7178;52.6338;1.5241;78.2374;7.7084;61.5608;1.0791;2.3331;-9.4201;-27.9345;6.9381
7179;62.5367;2.4349;114.058;6.5651;63.96;1.1161;2.135;-11.1511;-36.235;7.8413
7180;56.9626;1.7985;85.9489;6.5279;48.6488;1.2303;2.2666;-12.4447;-38.5909;8.1421
7181;75.66;0.9844;93.0651;3.3257;57.3947;1.4858;2.3001;-17.6023;-48.3965;9.6893
7182;63.5387;3.2065;127.3724;3.3679;62.0403;1.0176;1.3426;-13.8656;-56.0236;11.3697
7183;83.1359;3.6432;116.8737;2.6143;61.8744;1.0667;1.456;-14.2761;-54.5016;10.9894
7184;53.242;2.8926;100.3904;3.6018;43.5826;0.8;0.9349;-11.7058;-61.0442;12.8351
7185;70.7746;1.7387;104.3644;5.9711;51.2342;1.208;1.936;-14.0969;-46.5775;9.3593
7186;82.3634;4.4086;100.3069;7.0367;86.879;1.3128;1.9302;-15.8621;-50.9907;10.2022
7187;32.8246;3.0484;89.7817;5.1183;62.2137;1.1476;1.5545;-15.4885;-54.8484;11.0738
7188;108.1894;6.3171;99.9369;4.2173;89.2594;0.8;1.8019;-5.9685;-24.9204;6.6596
7189;64.9033;0.9373;113.0557;2.9999;75.2256;0.9223;1.8902;-8.3304;-31.6824;7.3188
7190;33.5493;6.764;96.8952;4.4312;59.8841;1.0103;0.793;-17.0777;-73.8355;19.1099
7191;72.8457;8.2654;111.0646;4.9047;83.3656;0.8425;1.0859;-11.2736;-57.0391;11.6385
7192;70.602;5.6552;81.126;2.4054;48.5278;1.5357;1.0015;-27.214;-78.2613;23.0004
7193;68.5259;5.7914;85.9871;5.9822;84.0881;1.0854;1.9419;-11.6392;-40.3604;8.3837
7194;87.8414;7.8981;83.2285;3.9641;81.8425;1.2048;1.4652;-17.339;-59.4616;12.334
7195;83.454;2.7283;86.8244;5.8921;64.239;1.2086;2.4856;-9.8297;-31.4472;7.2936
7196;75.3618;9.3988;137.9602;4.5836;85.0747;1.0226;0.745;-17.4019;-75.718;20.5914
7197;78.1028;6.1188;119.9026;5.0458;64.1108;0.8;1.0259;-10.9011;-57.2526;11.6966
7198;68.1215;5.7358;76.3967;3.5471;37.1792;1.1709;0.8074;-20.4271;-77.0154;21.7537
7199;101.9588;3.4818;111.558;4.0831;30.7969;1.4952;0.7318;-27.7764;-83.6855;30.6476
7200;43.3745;4.504;90.697;5.5631;50.5456;0.9272;0.9843;-13.9232;-64.6107;14.1286
7201;72.5137;5.2027;84.3162;4.4028;45.0565;0.8929;0.9762;-13.0992;-63.5566;13.7199
7202;71.1704;4.9753;68.9744;2.9425;64.5896;1.1826;2.2524;-11.1522;-36.515;7.8759
7203;84.639;5.5707;127.5043;4.7674;58.7376;1.203;1.23;-18.5418;-65.9182;14.6706
7204;54.8106;1.8988;71.1083;5.1785;44.0204;1.2573;2.2647;-12.9689;-39.9584;8.3276
7205;38.6139;3.4541;98.7093;6.6593;37.6557;0.9721;0.8884;-15.4183;-69.5364;16.413
7206;72.8228;3.8649;78.9324;6.3288;60.3862;0.9717;1.8387;-9.9593;-36.9248;7.927
7207;75.0621;2.988;121.4049;4.503;61.3112;0.8;1.1577;-10.0133;-51.7628;10.3654
7208;96.8128;2.5248;91.981;3.779;75.3242;1.0101;2.2667;-8.4538;-25.1976;6.6843
7209;47.1335;2.3165;96.6943;4.2575;74.3133;0.8933;2.1938;-4.9152;-18.1412;6.1081
7210;90.7845;3.5088;97.5131;3.8144;59.8249;0.8;1.4698;-8.4317;-38.7574;8.1642
7211;112.6135;4.196;107.8577;5.3592;45.7978;1.4605;1.093;-24.9979;-75.0546;20.0437
7212;63.2002;1.723;100.3256;6.1625;76.6237;1.0495;2.4073;-7.6557;-23.5419;6.5395
7213;46.763;8.1131;98.924;6.4598;62.9976;0.8;0.7712;-12.5793;-67.8671;15.5604
7214;62.6745;6.0489;87.8446;3.9817;43.0512;1.0782;1.183;-16.0935;-63.4289;13.672
7215;70.2521;5.7694;67.4568;3.832;50.6982;1.4508;1.2569;-23.8059;-71.1222;17.3143
7216;80.1482;2.5262;75.6058;3.9694;81.0523;1.2722;2.7798;-11.0529;-27.164;6.8647
7217;59.3549;4.867;119.6762;1.7019;38.2526;1.2133;0.6752;-22.2113;-81.4505;26.955
7218;97.9936;4.4077;92.6395;2.7958;56.1918;0.8;1.6308;-7.6357;-32.0495;7.3583
7219;49.9384;8.9203;84.7044;4.5482;29.007;0.8969;0.5638;-15.9926;-79.047;23.863
7220;38.6943;5.9037;70.368;5.1689;69.0106;0.8405;1.4289;-9.4029;-43.3348;8.8238
7221;89.9208;4.6885;65.0566;5.3368;31.7316;1.0036;1.017;-15.4688;-66.2234;14.8032
7222;30.0;6.8502;83.8784;3.4293;47.381;1.1678;0.7524;-20.4863;-78.5237;23.2815
7223;66.3257;2.4192;124.8588;3.8633;58.078;1.0914;1.3852;-14.8977;-57.6955;11.8191
7224;126.1183;1.1012;86.9995;4.1957;58.937;0.834;3.4462;2.2996;37.7355;3.6301
7225;69.7832;5.4613;110.5305;4.0283;70.1493;0.9639;1.509;-11.3011;-47.8146;9.5812
7226;49.8262;2.028;86.005;5.632;60.7689;1.2321;2.0653;-14.2666;-44.1245;8.9485
7227;68.9668;2.1558;117.3178;2.6377;71.2553;1.1075;1.745;-12.509;-47.481;9.5204
7228;69.0856;5.8795;91.5818;2.8761;74.4773;1.0832;1.9348;-11.3418;-40.4592;8.3976
7229;72.8917;3.0351;73.4937;4.1523;52.6103;0.839;2.4743;-3.0109;-1.6937;5.0861
7230;81.9207;5.0305;93.4972;2.5516;68.573;1.0325;1.3573;-13.9992;-56.1815;11.4107
7231;51.296;7.6564;158.17;1.7493;63.9172;0.8;0.4937;-14.3922;-79.4275;24.3043
7232;100.3759;3.258;156.4351;2.3598;33.5968;0.8478;0.6866;-13.9074;-73.0021;18.52
7233;74.4121;2.7709;112.934;4.2359;82.7652;0.8;1.7765;-5.943;-25.9777;6.7547
7234;83.0823;2.0909;96.6316;5.5458;59.3112;1.413;1.7867;-19.3924;-57.8498;11.8623
7235;58.6933;2.2603;107.8936;5.577;78.0065;1.4244;2.1599;-17.0847;-49.4566;9.8925
7236;93.1549;1.7156;108.2435;6.9819;59.839;0.8181;2.1737;-4.1652;-11.4284;5.6451
7237;65.3731;1.9427;99.0078;4.7525;89.0791;0.8563;2.7295;-0.56;6.2514;4.7058
7238;74.9959;3.8541;111.6542;4.9543;74.9004;0.9384;1.6174;-10.2201;-42.5513;8.7034
7239;53.2041;3.2797;105.3435;4.2244;53.0351;1.276;1.0788;-21.4972;-71.8179;17.7418
7240;52.0552;5.5826;92.4046;4.2973;60.509;1.1292;1.0228;-18.1437;-69.8091;16.5613
7241;82.3877;7.0625;74.1697;7.7208;43.8133;1.3182;1.0533;-21.7976;-73.3655;18.7726
7242;62.0151;6.2168;89.1353;4.992;46.5993;1.4013;0.8611;-25.3454;-79.5181;24.4118
7243;54.6312;4.4132;122.1256;5.1224;33.1517;1.1015;0.5231;-20.6842;-84.1714;31.5884
7244;58.4227;2.0598;99.2165;2.8823;72.1918;1.0615;1.8149;-11.203;-43.0062;8.7729
7245;82.5812;5.6068;107.7961;5.2156;56.9975;1.3131;0.994;-22.3702;-74.7676;19.8158
7246;58.6773;3.4906;93.1691;5.5875;68.1241;1.2412;2.4165;-11.6571;-35.1044;7.7047
7247;67.8822;1.9263;76.7283;6.2655;56.4994;1.2398;2.2001;-13.3063;-40.8465;8.4526
7248;70.2705;6.7633;94.2087;5.5451;83.0797;1.0997;1.33;-15.6575;-59.6848;12.4023
7249;35.4877;3.3661;77.4441;4.4099;70.7187;1.2316;1.904;-15.1311;-48.4701;9.7031
7250;43.5197;2.7767;76.218;4.3459;28.1807;0.9417;0.8757;-15.0797;-69.004;16.1311
7251;76.053;7.0762;135.1762;4.4919;67.5628;0.8927;0.8456;-14.5635;-68.4278;15.8367
7252;56.7335;7.4489;90.0305;4.7608;56.3133;0.9344;0.9516;-14.2846;-66.056;14.7301
7253;89.021;3.3699;83.0796;6.5015;48.3676;1.5752;1.5242;-24.3791;-67.7469;15.5024
7254;87.4025;3.4498;149.8538;6.209;53.1273;0.8116;0.9947;-11.2772;-59.1457;12.2386
7255;82.945;4.7128;122.5987;5.7294;75.7099;1.2074;1.4128;-17.8067;-60.9964;12.8193
7256;102.7559;5.7898;91.1305;7.6438;63.1211;1.486;1.5594;-22.1006;-65.0212;14.2944
7257;68.5044;1.7247;111.2833;0.6156;85.4382;1.0827;1.8849;-12.1664;-41.9667;8.6157
7258;81.6799;4.7997;94.2757;3.9099;46.1219;0.9383;0.9852;-14.7216;-65.0021;14.2866
7259;59.4808;8.2287;84.0995;4.5831;56.9922;1.1176;0.8168;-19.4856;-75.6375;20.5234
7260;114.1427;2.9949;112.6001;3.5917;84.543;0.906;2.0601;-6.6642;-24.2109;6.5973
7261;105.7054;7.5377;92.2124;3.2054;52.2917;0.8336;0.8769;-12.8055;-64.9379;14.2604
7262;70.2138;8.1796;101.9054;2.0243;74.1222;1.3089;0.8608;-23.3086;-78.0775;22.8076
7263;76.9586;3.0285;129.0901;4.133;67.3857;1.2922;1.2864;-20.0086;-66.8169;15.0679
7264;94.4674;5.957;125.5838;5.941;71.6502;0.9383;1.2022;-12.6625;-57.2909;11.7071
7265;67.3515;2.8814;87.1514;5.7609;32.4345;0.907;0.9163;-14.0281;-66.3255;14.848
7266;58.1808;5.8228;112.9198;3.4718;85.6861;1.0442;1.2417;-15.2176;-60.3622;12.6142
7267;85.7318;6.3296;75.4301;4.9304;66.5949;0.9811;1.6473;-11.522;-44.0302;8.9334
7268;71.4119;2.923;111.9188;6.6364;58.0032;0.8491;1.3294;-10.2142;-47.8107;9.5805
7269;73.2939;5.6532;103.7822;2.3199;85.9973;0.8;2.0866;-4.2824;-13.0586;5.751
7270;54.9831;6.4652;109.9378;4.3617;35.4862;0.8;0.5748;-13.8326;-76.0506;20.8774
7271;39.0819;3.469;92.8336;5.0297;81.4622;0.8;1.8989;-6.2935;-20.8812;6.3196
7272;74.2506;2.4957;168.3741;4.615;60.3663;0.8122;1.1265;-10.6995;-53.7685;10.8151
7273;86.2893;1.9779;79.8257;5.876;65.8251;1.0434;2.7467;-5.9468;-12.2486;5.6979
7274;65.9355;4.6861;127.4926;2.3533;28.8092;0.8515;0.4091;-16.1052;-83.9852;31.2211
7275;95.8557;8.7932;77.2654;3.0913;87.3346;0.856;1.594;-8.5974;-37.9273;8.0551
7276;57.3295;6.5687;113.438;5.6231;41.711;0.8;0.5604;-13.8635;-76.6495;21.4129
7277;51.0153;3.8749;115.4823;2.0467;51.0356;0.8;0.8784;-11.9787;-63.4016;13.6618
7278;68.7899;4.4489;101.3839;5.8177;37.4384;0.8;0.7591;-12.5722;-68.371;15.8083
7279;68.5133;3.0782;88.3529;5.2747;46.8452;0.9842;1.318;-13.0703;-55.3612;11.201
7280;83.8594;2.4679;103.5914;5.7129;60.9193;1.2317;1.7123;-15.436;-53.661;10.7901
7281;56.0507;4.1313;106.9031;3.8961;65.1309;1.3505;1.1901;-22.2461;-70.6257;17.0217
7282;94.6257;4.027;156.4371;5.3648;73.4943;1.0106;1.1089;-14.8931;-63.4256;13.6708
7283;105.4045;4.3616;80.4057;2.8416;56.5601;1.2365;1.537;-17.7218;-58.5651;12.0671
7284;69.2954;8.2284;87.0247;3.9782;63.5247;0.8551;0.9269;-12.6615;-63.869;13.8385
7285;92.4948;4.8677;107.3779;4.6545;42.647;1.1204;1.1955;-16.6122;-64.4304;14.057
7286;50.9831;4.8798;93.7992;3.2519;71.8298;0.84;1.6259;-7.5582;-35.4838;7.75
7287;89.354;2.2437;97.53;4.9272;47.3808;1.0909;1.682;-12.5656;-48.6023;9.7281
7288;88.851;9.5168;130.6809;2.8837;43.9323;0.8488;0.4255;-15.9815;-83.2888;29.9201
7289;85.5419;6.1134;60.0;5.003;62.9061;0.8626;2.4369;-3.9287;-5.8295;5.3095
7290;69.7199;7.1424;86.1149;7.2128;80.647;0.9895;1.4028;-12.8396;-52.7436;10.5806
7291;30.0;3.7591;64.6881;2.715;57.7282;1.3823;1.8076;-19.3349;-56.4112;11.4708
7292;58.4489;4.246;74.1593;4.5662;66.1304;1.1862;1.9685;-13.1712;-44.6837;9.0389
7293;58.7335;4.3625;182.4227;2.1731;50.5568;0.8642;0.7786;-13.8099;-69.9675;16.6486
7294;52.3914;2.647;116.1302;3.3506;56.552;0.8099;1.1897;-10.2469;-51.0337;10.2111
7295;72.2004;5.4559;126.8571;5.6529;56.1378;0.8492;0.8114;-13.3443;-68.1475;15.6974
7296;62.4587;7.4599;98.0069;3.9541;57.2063;1.1374;0.7453;-20.3271;-78.1595;22.8932
7297;55.157;2.4718;120.8861;5.7136;52.2569;1.0446;1.3478;-15.1866;-56.9909;11.6254
7298;50.9416;1.9318;64.298;5.1338;71.6323;1.1393;3.7024;-2.4825;8.3221;4.6159
7299;57.1208;5.8277;129.6378;4.5032;62.5719;0.9024;0.9493;-13.7955;-64.9333;14.2585
7300;90.187;3.0479;81.4679;3.0559;54.8024;1.0694;1.73;-12.5045;-46.0769;9.2725
7301;58.1015;4.9987;87.5615;5.6282;73.0836;1.0556;1.5118;-14.0648;-52.2625;10.474
7302;60.7311;5.502;113.4609;5.0562;56.0296;1.288;0.9252;-22.3095;-76.0559;20.882
7303;61.7794;3.2849;108.2325;2.3079;68.6635;1.3716;1.2859;-22.0082;-68.748;15.999
7304;76.1019;6.4939;102.138;3.1532;39.8134;1.1981;0.603;-22.2308;-83.2249;29.8062
7305;78.2125;4.5296;71.122;0.4465;75.5981;1.2876;1.9849;-15.4409;-48.6143;9.7303
7306;30.0;7.0485;102.5267;2.5516;71.6475;0.996;0.8047;-16.7643;-73.0697;18.5664
7307;88.3894;6.0325;127.1428;4.1299;80.5855;0.8695;1.2273;-11.5718;-52.9477;10.6265
7308;95.8546;7.0437;87.5358;3.0162;69.5075;0.9939;1.2306;-13.9195;-58.7275;12.1146
7309;51.0966;1.192;138.9209;3.3525;38.2946;0.9739;0.7627;-16.5379;-73.8957;19.154
7310;52.4986;2.9048;80.3986;6.6859;67.0334;0.9609;2.0608;-7.6142;-28.509;6.9939
7311;61.8954;1.9621;100.1638;6.1432;50.7469;0.9979;1.4281;-12.9408;-52.2969;10.4815
7312;56.3919;3.9089;146.7899;3.558;76.6419;0.9664;1.0978;-14.4473;-62.1367;13.2054
7313;74.0307;7.2949;84.337;5.7903;80.3953;0.9125;1.9168;-7.9101;-29.976;7.1404
7314;34.9625;4.0495;130.1473;6.4223;46.6239;0.9742;0.7293;-16.6557;-75.0458;20.0367
7315;49.8773;6.8387;163.8307;5.5278;71.5525;1.1739;0.7129;-21.0702;-79.756;24.6986
7316;97.7055;3.311;104.3688;5.0484;62.8553;0.8411;1.9664;-5.8418;-22.0723;6.4162
7317;53.292;3.3729;87.6556;6.2475;48.108;1.3087;1.2752;-20.9073;-67.5208;15.3945
7318;92.3817;7.3646;82.433;5.7543;31.5324;1.2417;0.6177;-23.1439;-83.4173;30.1519
7319;76.3961;3.8207;138.5624;2.7804;85.2876;1.0175;1.9409;-10.0182;-36.4152;7.8635
7320;37.4332;6.2609;137.599;4.3166;72.5883;0.8;0.8255;-12.1193;-65.6039;14.5365
7321;81.4359;2.8707;143.6669;3.7719;32.74;0.8;0.5962;-13.7075;-75.1588;20.1279
7322;67.882;8.1548;99.1824;6.3287;24.3564;1.0226;0.3732;-20.0408;-87.8359;41.1046
7323;61.8016;4.6811;129.6219;3.7294;40.9823;1.1453;0.7163;-20.328;-79.1534;23.9848
7324;74.4092;5.9994;98.7864;3.4717;64.0014;1.4255;1.1371;-23.7448;-73.4104;18.8044
7325;78.5434;1.9581;80.1906;6.14;47.927;0.9221;1.8668;-8.9891;-32.5209;7.4097
7326;82.7367;4.1916;132.4512;4.9895;74.2513;0.9023;1.6293;-9.2928;-39.8063;8.3065
7327;91.2086;7.4347;150.451;7.7677;85.7136;0.8;1.2537;-9.8104;-47.7626;9.5717
7328;77.3464;7.1405;77.48;3.3066;62.5499;1.1272;1.184;-17.0521;-64.9889;14.2812
7329;45.2386;1.5544;77.1161;3.8217;73.6703;1.0014;2.4654;-6.01;-17.9333;6.0926
7330;61.4744;3.1953;101.0046;6.283;75.5207;0.909;2.5761;-4.8681;-5.533;5.2929
7331;122.9749;3.9157;127.0019;2.6813;45.8711;1.0047;1.0689;-15.1719;-64.5358;14.0987
7332;83.0408;2.5227;75.3177;6.5795;45.9514;0.9813;2.1517;-8.2139;-26.9113;6.841
7333;112.6472;5.7627;105.8395;2.7888;32.2277;1.2135;0.6732;-22.2334;-81.5077;27.0383
7334;95.1178;2.5934;86.277;5.5153;62.824;0.9182;2.3589;-5.1563;-14.3643;5.8387
7335;74.3524;3.4085;119.1493;1.8354;65.8411;0.9994;1.1824;-14.6927;-60.5634;12.6786
7336;75.4253;5.268;81.9163;4.6677;46.3926;1.1852;1.1656;-18.4569;-67.218;15.2523
7337;69.3416;4.1313;121.2823;2.5457;67.0255;0.9485;1.2795;-12.4186;-55.0328;11.1192
7338;38.7195;5.8305;96.1218;7.4894;68.0038;0.8622;1.3777;-10.0932;-46.7361;9.3872
7339;70.3249;8.3939;79.1136;2.9926;48.1282;0.8;0.7382;-12.8322;-69.2437;16.2568
7340;91.7921;2.1637;101.605;3.3567;76.4733;0.812;2.3147;-2.9843;-4.9846;5.2623
7341;59.2065;5.6053;61.6009;5.4031;46.01;0.8793;1.2656;-11.0792;-52.022;10.4214
7342;77.4152;2.8389;86.9555;3.6986;71.5822;1.2119;2.5054;-10.0897;-31.0897;7.2558
7343;85.3286;3.76;108.801;5.6499;51.3164;0.8629;1.1449;-11.5226;-55.7733;11.3054
7344;53.6258;1.3835;64.2147;3.5337;66.6951;0.9579;2.8246;-2.3559;-1.712;5.0871
7345;61.8765;2.2966;60.0;3.4181;67.5517;0.814;2.6482;-0.6355;8.444;4.6107
7346;51.6776;3.2743;60.0;4.5587;58.306;1.0108;2.2497;-8.3094;-25.8078;6.7392
7347;55.201;3.385;139.3449;2.7746;27.9169;1.0591;0.3973;-20.6954;-87.4943;39.9817
7348;46.8231;7.4159;98.0993;5.1945;88.0562;1.0736;1.1665;-16.1157;-63.7797;13.8044
7349;53.7919;5.8564;87.5363;5.9159;54.1332;1.4208;0.9968;-24.4367;-76.6147;21.3809
7350;95.5502;8.6399;126.654;5.4295;68.3197;0.9972;0.8293;-16.472;-72.2793;18.037
7351;53.5214;4.8365;90.3831;5.5649;61.2229;1.0604;1.5574;-13.7331;-51.0433;10.2131
7352;72.2763;2.896;106.9419;1.7127;74.7821;0.8933;1.9202;-7.6296;-28.3486;6.9782
7353;60.9484;3.3134;100.646;3.9075;53.2873;1.5442;1.2298;-25.6765;-73.4518;18.8337
7354;91.2196;3.2746;88.8918;4.2594;48.3802;1.1847;1.8413;-14.6049;-48.1898;9.6506
7355;93.6009;3.3076;107.6308;6.7817;72.4464;1.1934;2.0254;-13.1821;-43.4288;8.8384
7356;85.5533;5.3365;121.3265;3.728;70.7233;1.2434;1.3699;-18.3604;-63.2749;13.6147
7357;75.5104;4.4142;95.4826;1.1474;74.841;1.1615;1.4739;-16.197;-57.7022;11.8209
7358;65.8409;3.6071;89.1242;3.094;62.5566;1.2553;1.4323;-18.3778;-61.9676;13.1467
7359;48.5463;2.3817;91.7936;3.6082;43.6237;0.9632;1.1143;-14.4252;-61.4387;12.9664
7360;104.9835;1.2251;60.0;1.3653;66.8933;1.5731;4.4697;-6.9454;-5.2895;5.2792
7361;56.3259;2.7798;107.3329;6.0531;51.3202;0.8;1.2341;-9.6971;-48.5783;9.7235
7362;81.9456;2.0976;73.9133;2.2456;79.4248;0.9465;2.9667;-2.4371;4.478;4.7857
7363;89.0722;6.2227;117.0498;5.269;36.7048;1.4138;0.5443;-27.3252;-87.166;38.9589
7364;60.005;2.1346;97.7648;2.9614;77.3993;0.9664;2.0865;-8.6683;-28.0347;6.9478
7365;88.6842;5.7176;102.6629;6.8605;53.9421;1.1417;1.4284;-16.0647;-58.2965;11.9894
7366;83.7558;3.6083;119.1344;4.1858;78.3564;0.91;1.4947;-11.1761;-45.248;9.1321
7367;101.1033;1.8201;79.3239;3.8813;52.938;1.0933;2.1097;-10.3132;-35.6807;7.7737
7368;61.5518;6.4711;109.6707;5.3924;38.6843;0.9305;0.5635;-16.5339;-79.8133;24.7688
7369;46.8544;4.7128;106.9194;3.089;61.6809;1.2633;0.9451;-21.5868;-75.0616;20.0494
7370;60.9012;2.8663;95.4856;5.4633;60.8872;1.0599;1.5377;-12.8528;-51.6378;10.3386
7371;73.7594;7.3535;79.2909;3.8775;65.2538;0.8;1.3014;-9.9071;-45.7768;9.2211
7372;71.0478;1.5368;116.0452;3.7081;66.4126;0.8499;1.6197;-8.3666;-36.4722;7.8706
7373;62.9181;2.6893;119.2275;4.4686;55.2304;0.8228;1.1607;-10.3645;-52.9794;10.6336
7374;35.6344;5.9393;102.8808;2.9655;55.7863;1.3248;0.9386;-22.8982;-76.3823;21.1706
7375;78.4687;5.6038;76.5232;4.3137;42.9086;0.8;1.1692;-9.7327;-51.2813;10.263
7376;105.5022;3.1252;87.6462;5.1092;71.648;0.9478;2.6155;-3.7797;-8.0128;5.4355
7377;78.3565;1.7137;98.503;1.1369;53.8029;1.5255;1.6599;-23.4328;-63.7291;13.7852
7378;80.9644;6.9279;118.7825;6.237;48.39;1.2834;0.6956;-23.7047;-81.9338;27.676
7379;80.304;3.2443;67.3093;5.824;70.8623;0.8429;2.7798;-1.2965;9.9297;4.5484
7380;77.1468;2.656;86.8532;1.8181;59.8869;0.8379;1.6508;-8.0404;-34.3287;7.6137
7381;86.77;4.3271;90.4233;1.5844;71.7745;0.8219;1.9401;-5.7765;-21.318;6.3547
7382;77.1167;7.5567;97.941;5.8629;55.2035;1.0421;0.8138;-17.3885;-73.9688;19.2077
7383;64.3718;1.517;72.2288;5.7468;71.9053;0.9056;3.8749;4.2979;42.6268;3.5057
7384;55.6722;6.0536;94.7069;5.5346;62.3077;1.0471;1.2333;-15.6997;-60.7419;12.7362
7385;65.5185;4.668;92.5315;2.4596;70.9546;1.0638;1.3933;-14.7443;-56.3432;11.453
7386;75.6543;3.8188;77.1516;7.343;51.2043;1.0094;1.7883;-10.949;-40.9479;8.4671
7387;64.3105;5.8746;97.0939;3.4675;65.7177;1.03;1.1089;-15.463;-64.1127;13.9325
7388;75.6581;8.4925;87.3461;4.9592;54.0049;1.0174;0.8946;-16.4458;-70.6888;17.0583
7389;77.9047;2.8332;113.1899;4.9777;58.0782;0.857;1.302;-11.4367;-49.3538;9.8724
7390;84.9972;2.3471;80.1451;6.9894;14.0902;0.8;0.6063;-13.7471;-74.7394;19.7937
7391;93.0903;7.5931;102.2713;4.7878;68.9354;1.0109;1.1271;-14.9942;-62.8341;13.4532
7392;71.4041;5.308;81.7016;5.2238;72.6844;0.8553;1.6365;-8.3262;-36.2192;7.8393
7393;46.46;3.8866;86.0761;4.4843;84.3383;1.2156;2.3878;-11.1225;-34.5216;7.6361
7394;63.7881;4.6729;107.7155;2.8051;69.419;0.8;1.2841;-9.8112;-46.4952;9.345
7395;70.7931;5.887;106.0435;1.122;58.9034;0.9311;0.9828;-14.2019;-64.816;14.211
7396;36.9562;6.115;90.0995;4.6489;40.5661;1.0315;0.9788;-16.4822;-68.3697;15.8076
7397;94.996;7.692;93.4865;2.4815;21.057;1.2868;0.3258;-25.9431;-91.5594;50.0
7398;72.5628;3.8263;69.5307;5.1253;62.325;0.9245;1.8962;-8.4898;-31.6312;7.3133
7399;76.8644;3.1452;142.0049;4.8231;80.2019;1.0375;1.6699;-12.1563;-46.3502;9.3197
7400;94.5795;5.1049;118.7516;4.7867;66.5576;1.1313;1.1677;-17.4486;-65.5959;14.5332
7401;58.6574;3.7667;117.6874;3.0206;22.8056;1.1649;0.3853;-22.9685;-88.9752;45.3524
7402;80.3328;4.8078;67.1153;6.1548;66.5234;1.0761;2.1437;-9.9914;-33.5987;7.53
7403;68.0224;3.7894;86.1679;5.3122;41.722;1.4357;1.313;-23.2219;-69.515;16.4015
7404;66.6864;2.4062;91.9766;2.8275;86.9881;0.9237;2.3692;-4.8451;-14.4982;5.8478
7405;56.1005;4.06;61.7075;7.7028;60.2168;1.4136;2.5674;-14.228;-39.4615;8.2592
7406;99.9809;5.4664;124.918;4.2838;75.9225;1.1479;1.3606;-16.0213;-60.4902;12.6551
7407;63.241;6.3466;143.8313;2.5986;80.8998;1.0503;0.8656;-17.5078;-72.5283;18.2006
7408;82.5904;4.1954;167.4448;3.4625;61.8144;1.0668;0.7825;-18.4338;-75.5518;20.4514
7409;36.2499;2.481;76.9918;2.3367;72.5929;1.2062;1.9615;-13.627;-45.7955;9.2243
7410;91.2398;3.7611;102.9765;6.6391;82.6099;0.8661;2.0006;-5.8315;-22.9982;6.4934
7411;88.9398;6.2302;139.1949;6.2207;37.6789;1.0296;0.5193;-19.1939;-83.1888;29.742
7412;71.7538;3.7514;93.8564;5.7092;49.7347;0.9527;1.3841;-12.2903;-51.571;10.3244
7413;65.915;5.5077;86.7841;5.4267;62.6411;1.3778;1.2925;-21.5089;-68.7309;15.9902
7414;77.2;4.2755;62.7191;6.4725;68.7126;0.878;2.4098;-3.8209;-8.5169;5.4655
7415;111.1982;2.8935;132.7312;4.237;44.4576;1.4912;0.9512;-26.7814;-78.7368;23.5148
7416;38.2617;6.3182;99.5196;5.234;45.7154;0.9144;0.6751;-15.6056;-75.3879;20.3152
7417;84.0765;1.9142;83.3322;3.3822;59.8657;0.8;2.6594;-0.468;10.8065;4.5124
7418;53.5909;4.3791;107.3543;4.3698;70.8346;0.8402;1.3742;-9.9145;-45.4795;9.1709
7419;69.6415;2.7274;103.8992;5.2751;58.8491;0.8437;1.7417;-7.4262;-31.186;7.266
7420;65.5382;1.7621;104.2962;-0.0217;40.9395;1.3932;0.943;-24.5577;-77.4371;22.1603
7421;62.2903;4.2507;94.7172;3.6704;50.122;0.8;1.5233;-8.1652;-36.5294;7.8777
7422;69.8116;4.2312;150.0187;4.8475;32.5419;1.0668;0.4621;-20.512;-85.5621;34.631
7423;49.5849;5.5851;96.7137;4.4837;59.6388;1.3411;1.0053;-23.1833;-75.0129;20.0104
7424;88.5252;5.88;149.9048;3.9214;54.1623;1.7405;0.6594;-34.081;-87.3714;39.5927
7425;37.7054;5.7454;115.1458;5.4837;74.2329;0.9782;1.1806;-14.4117;-59.7705;12.4287
7426;79.7158;3.7339;109.1762;3.5384;53.1669;1.0227;1.1168;-15.4489;-63.5988;13.7358
7427;64.1224;5.051;97.2079;2.7671;35.0033;0.8;0.7526;-12.7549;-68.6397;15.9437
7428;48.9234;4.6959;127.5693;6.3756;70.134;0.9267;1.0837;-13.3691;-61.0189;12.8267
7429;73.6429;3.7979;102.8651;6.164;89.9807;1.5483;2.0752;-20.4704;-55.3218;11.1912
7430;41.9749;4.8245;79.2128;3.7013;60.4104;1.1904;1.2727;-17.5394;-64.3622;14.0301
7431;70.7148;8.127;78.5549;4.497;64.0008;1.275;1.1233;-20.6553;-70.6346;17.0268
7432;44.3882;2.6404;111.1401;5.869;50.9875;1.1383;1.0083;-18.7497;-70.4754;16.935
7433;78.3029;7.4968;79.7045;4.6661;48.3894;1.2382;0.8894;-21.2892;-76.0552;20.8813
7434;53.3616;1.6268;98.4563;5.3953;42.0506;1.4736;1.1456;-25.2928;-74.0865;19.295
7435;61.8821;3.2183;130.2514;5.3134;74.7316;0.9127;1.3424;-11.4875;-50.9744;10.1987
7436;75.2911;3.1197;107.8955;4.1212;52.8926;1.159;1.1695;-18.2143;-66.3648;14.8654
7437;56.0942;5.0154;83.4825;5.3739;54.0442;0.8709;1.2525;-11.4172;-52.0593;10.4296
7438;68.9566;2.2654;142.2615;3.1526;37.2509;0.8;0.703;-12.9503;-70.7101;17.0707
7439;42.7511;7.2029;114.6792;5.1914;42.5394;1.0544;0.4973;-20.0599;-84.2772;31.8009
7440;81.3558;6.6234;128.975;4.4889;41.1041;1.0252;0.4996;-19.4227;-83.7542;30.7771
7441;101.7684;5.1898;60.0;4.0589;75.7614;0.9851;2.5846;-5.5964;-12.5453;5.7172
7442;120.2598;3.9987;108.623;2.7299;36.3887;0.88;0.8691;-13.3918;-67.0768;15.1869
7443;71.641;7.8885;123.4344;4.7975;56.6138;1.0278;0.6279;-18.374;-79.6353;24.5523
7444;84.1877;6.6451;152.9701;4.6578;69.1838;1.0884;0.8352;-18.2438;-74.4215;19.5476
7445;37.9487;4.2298;69.3534;3.3405;61.9699;1.4805;1.8471;-20.6611;-58.4127;12.0229
7446;97.0492;5.5474;135.1924;2.2047;58.8903;1.113;0.8167;-19.0515;-75.5413;20.4427
7447;83.9721;4.6335;150.8469;2.1333;59.3241;1.1246;0.7838;-19.6886;-76.7675;21.5216
7448;61.2892;4.7653;60.3915;4.2189;73.1429;0.8609;2.1853;-4.5285;-15.3834;5.909
7449;92.2693;3.3299;112.71;5.0597;41.0951;0.8262;1.0706;-10.874;-56.8059;11.5756
7450;65.4194;4.0191;116.6964;7.375;38.6164;0.8219;0.7703;-13.2521;-68.7573;16.0038
7451;61.7555;1.8621;92.1501;4.5323;78.269;0.9425;3.1142;-1.7102;10.1421;4.5396
7452;78.556;3.4627;88.4685;2.1619;45.4169;1.0121;1.2092;-14.0043;-60.1761;12.5553
7453;50.8596;5.5025;118.1711;4.2896;61.3137;1.0441;0.8909;-17.0914;-71.5561;17.5785
7454;88.3892;8.2362;85.749;6.477;57.2238;0.8491;1.0111;-12.0997;-60.3068;12.5966
7455;50.9922;8.4328;94.7136;3.5758;67.2597;0.8;0.9034;-11.6774;-62.3589;13.2833
7456;51.099;4.5645;122.5206;6.2779;48.3773;0.9195;0.7453;-15.5803;-72.9828;18.5067
7457;53.6256;4.8854;155.0397;4.8636;45.4393;1.2062;0.5046;-23.1616;-86.0542;35.8531
7458;83.671;2.6002;114.396;5.5703;49.7257;0.9275;1.261;-11.8697;-54.681;11.0329
7459;58.898;5.4987;103.3934;7.3883;50.013;0.9853;0.8868;-16.0628;-69.9974;16.6652
7460;45.7361;1.7954;87.8887;1.8441;33.4524;0.8;0.8311;-12.2626;-65.3709;14.4387
7461;59.0978;3.103;77.674;5.9448;64.1467;1.0252;1.8822;-10.5918;-38.7998;8.1699
7462;69.4232;5.3038;131.9687;4.4579;36.299;1.0853;0.6302;-19.8081;-80.6447;25.8328
7463;48.7425;3.2277;96.2364;3.1762;49.6108;0.8923;1.2283;-11.2805;-54.1137;10.8965
7464;49.2697;1.5881;133.3325;4.449;63.3152;1.2127;1.1694;-19.1177;-67.8572;15.5556
7465;108.0033;6.6563;92.0915;7.1365;48.782;1.271;1.0406;-21.309;-72.7088;18.3209
7466;54.5098;3.2278;85.0167;6.6024;53.9617;1.5268;1.4527;-24.0252;-68.2845;15.7652
7467;64.1852;1.7242;111.0932;1.5989;37.6144;0.8308;0.8373;-12.7959;-66.4048;14.8831
7468;63.3897;1.8327;98.1048;3.4452;78.9186;1.0589;2.3139;-8.385;-27.1623;6.8646
7469;62.4156;2.9453;73.9795;6.0143;37.074;0.8;1.2016;-10.1366;-49.9346;9.9869
7470;81.1842;2.5562;157.5137;4.5674;37.9775;1.1285;0.6922;-20.1218;-79.5551;24.456
7471;87.0666;6.1258;85.4921;4.573;47.722;1.1017;0.992;-17.7713;-69.9854;16.6586
7472;64.4928;3.2838;126.0991;2.2475;54.8991;0.8;1.2123;-9.7317;-49.4894;9.8989
7473;47.7434;6.3962;123.4251;3.4818;43.1388;1.0559;0.4629;-20.2663;-85.3881;34.2186
7474;92.9399;2.532;72.9887;2.5627;60.1555;0.961;2.1026;-7.836;-27.0652;6.8554
7475;68.2839;4.1928;77.8336;2.12;38.7088;0.8;1.0392;-10.9321;-56.7011;11.5476
7476;101.1458;5.4453;92.7393;2.7134;66.3012;0.9433;1.3231;-11.7419;-53.2423;10.6934
7477;30.0;5.1893;80.5404;3.2079;57.8517;1.5104;1.1159;-25.6403;-75.373;20.3029
7478;73.5173;4.8498;153.9741;3.4583;70.2522;1.1215;0.9374;-18.7258;-72.1383;17.9458
7479;104.5349;7.7641;95.1188;3.3368;79.979;0.8475;1.3783;-9.7941;-45.7914;9.2236
7480;63.6412;2.8297;124.9117;6.1307;54.3257;0.9359;1.1256;-13.4995;-59.911;12.4723
7481;65.9411;4.1976;113.7018;3.2393;71.3162;0.8;1.2854;-9.6053;-46.4404;9.3354
7482;75.3192;7.2225;106.8233;6.7393;87.078;0.8057;1.4707;-8.7148;-39.1538;8.2174
7483;59.9417;1.8601;101.0131;3.874;48.1116;1.4005;1.257;-22.3792;-70.0818;16.7123
7484;64.3827;1.6521;136.2447;5.2588;73.3689;1.2013;1.7797;-15.6855;-50.6156;10.1246
7485;63.9193;2.8539;81.3611;5.3067;47.5848;1.0944;1.4077;-15.1474;-57.1244;11.6616
7486;58.7064;5.06;153.9694;3.2532;55.0022;1.0811;0.6259;-19.7147;-80.7026;25.9102
7487;92.1194;2.9844;72.4839;4.1079;55.6513;1.3276;1.9893;-15.7494;-50.052;10.0104
7488;78.2994;2.6256;121.577;3.8456;85.5094;1.0662;1.8026;-12.1885;-43.6418;8.8718
7489;74.5113;4.0009;70.3779;5.1587;47.497;0.9449;1.8777;-8.5208;-33.7597;7.5483
7490;84.5543;4.9309;92.4108;4.4067;68.6295;0.9819;1.872;-9.7313;-36.4471;7.8675
7491;65.2416;2.9297;102.3602;3.4774;41.7537;0.949;1.137;-14.0049;-60.0626;12.5196
7492;56.0643;3.1806;88.5437;4.7786;77.3789;0.9465;2.0205;-8.1439;-28.8429;7.0267
7493;59.1528;4.9307;95.5599;5.1094;53.3453;1.404;1.1768;-23.2987;-72.0608;17.896
7494;70.0321;8.1004;70.6987;7.3751;60.2301;0.8095;1.407;-8.9566;-42.0631;8.6301
7495;50.9342;5.3492;78.1248;4.7022;60.5247;0.9039;1.9437;-7.2398;-28.3235;6.9758
7496;60.9953;6.2004;113.2657;4.615;61.8878;0.8;0.8545;-11.8235;-64.3976;14.044
7497;60.7099;3.511;100.7446;5.2426;56.7413;1.2241;1.3974;-18.1176;-61.9458;13.1392
7498;108.242;3.0433;84.1447;3.1759;63.3326;1.0709;1.9946;-10.9071;-37.9143;8.0534
7499;30.0;3.9758;139.2456;2.0117;47.9961;1.4158;0.5326;-27.6838;-87.4597;39.8715
7500;66.7668;6.4187;73.7136;4.1318;43.7566;0.8799;1.1748;-11.6112;-55.4945;11.2346
7501;101.0625;3.987;91.3568;6.2081;38.5849;0.8531;1.1673;-10.9858;-54.3868;10.9617
7502;72.1932;6.8074;88.125;6.4503;68.6601;0.8;1.7831;-6.5351;-25.7057;6.73
7503;83.5615;9.1359;116.621;1.7809;44.0749;1.0954;0.4809;-20.8142;-85.3673;34.1701
7504;71.7969;1.8079;101.2114;5.5991;60.6341;0.9324;1.7537;-8.7915;-37.304;7.975
7505;57.988;1.5385;97.3321;1.3228;35.9478;1.0619;1.0121;-16.6982;-68.2301;15.7382
7506;30.0;2.3849;63.0619;5.2888;79.965;0.9187;3.3124;1.4246;20.1867;4.1602
7507;73.6982;3.6016;124.1423;5.199;88.965;1.3335;1.6059;-18.5193;-59.8576;12.4557
7508;56.0391;2.2642;94.7;2.014;60.985;1.2879;1.7751;-17.121;-54.0551;10.8826
7509;55.594;7.0673;102.9337;6.1001;45.994;1.0174;0.6758;-18.0346;-77.8591;22.5827
7510;61.0182;1.2414;82.9327;7.2158;24.4315;1.2345;0.8785;-21.3653;-76.2798;21.0791
7511;101.4075;3.2546;79.7353;4.5063;48.7147;0.9739;1.6924;-11.2746;-42.0749;8.6318
7512;113.2871;2.5944;145.4732;4.8115;60.5443;0.9909;1.2279;-13.8551;-58.6922;12.1043
7513;73.9097;7.8663;64.1908;6.8187;74.2159;0.8;1.6614;-7.2559;-30.7767;7.223
7514;61.6342;5.3118;76.8319;2.9105;45.9054;1.1067;1.1056;-16.8633;-66.7008;15.0154
7515;48.8099;7.5813;144.7913;2.9484;62.4621;1.0046;0.5126;-18.5784;-82.9919;29.3978
7516;78.4337;8.6435;117.373;3.3409;50.0079;1.1925;0.6076;-22.3351;-83.0152;29.4382
7517;102.0923;4.217;92.1857;4.6556;58.1616;1.1536;2.1332;-12.3088;-38.3585;8.1114
7518;65.5479;2.859;136.5675;4.6516;68.178;0.8609;1.1558;-11.4843;-55.2486;11.1728
7519;30.0;2.645;111.8194;3.7701;48.8085;0.9623;1.0119;-14.775;-64.9483;14.2647
7520;82.0609;2.8009;105.989;4.1493;78.4249;0.9088;2.0871;-6.8801;-23.4509;6.5318
7521;87.7372;5.5979;105.8011;3.7906;45.1502;1.2324;0.8243;-21.807;-77.7031;22.4247
7522;41.4548;1.4801;112.3344;3.8623;29.5496;1.3698;0.7752;-24.86;-81.1357;26.5051
7523;73.1767;1.6045;113.4762;3.4472;64.3232;1.1732;2.2804;-12.498;-35.2069;7.7169
7524;78.1221;4.8952;173.1509;3.4593;68.047;1.4875;0.8665;-27.5921;-80.5835;25.7512
7525;68.6841;5.1211;95.2445;1.5986;51.5451;1.1105;1.1232;-17.0407;-66.2852;14.8303
7526;55.7661;5.2819;95.9818;4.2645;78.5636;0.8229;1.4937;-8.5488;-39.4939;8.2636
7527;88.2869;3.537;73.4017;1.6666;42.7282;0.8;1.6364;-7.4593;-31.8148;7.333
7528;62.7392;6.4077;98.7109;5.7258;58.7017;0.832;1.1963;-10.8834;-52.0698;10.4318
7529;43.2666;4.431;159.3164;3.7601;68.0986;0.9133;0.7572;-15.0974;-72.3652;18.0931
7530;33.1095;2.0827;127.9055;4.4209;71.5919;0.8733;1.2327;-11.5071;-52.9488;10.6267
7531;92.6953;6.3267;87.2915;4.0402;40.9611;1.0109;0.8567;-16.653;-71.7535;17.7013
7532;81.1;8.2334;100.7539;4.2338;56.0326;0.9645;0.7474;-16.1791;-74.1713;19.3583
7533;71.5835;1.6941;72.3171;6.4951;68.0183;1.015;2.8846;-3.8807;-5.2704;5.2782
7534;62.0751;3.638;78.4837;2.5728;36.8059;1.6296;0.9415;-29.7009;-80.7407;25.9615
7535;60.478;4.1622;103.8067;2.165;74.9547;1.1915;1.3378;-17.7176;-62.5726;13.3592
7536;50.6367;2.3651;88.3721;4.7791;52.8449;1.0554;1.4999;-13.3698;-52.6275;10.5546
7537;62.2338;7.034;77.0165;3.8562;45.8521;1.2366;0.8623;-21.5197;-76.7556;21.5106
7538;31.8384;3.1004;113.0274;5.1394;46.1197;0.851;1.053;-12.1426;-58.7543;12.1225
7539;56.7509;6.2013;97.9647;5.6749;46.1267;0.8437;0.9063;-12.834;-64.1946;13.9644
7540;64.4031;5.3225;67.578;2.9405;61.4367;1.2011;1.618;-16.0559;-55.0974;11.1352
7541;80.9778;4.8299;60.0;5.5051;68.2122;0.9999;2.3268;-7.1945;-22.435;6.4462
7542;69.2813;2.6362;86.7185;3.0671;53.0833;1.0248;1.7737;-11.6759;-42.3089;8.6668
7543;84.3086;2.7895;67.2289;4.7119;67.9853;0.8;2.5384;-2.156;5.7682;4.7273
7544;94.2844;1.5604;62.6737;2.7446;75.1118;0.9096;3.7242;3.8245;36.4817;3.6635
7545;89.0471;2.891;132.61;4.7982;72.9366;0.9214;1.4539;-10.3913;-47.3997;9.5056
7546;78.4692;3.4024;97.5868;4.5687;45.4692;0.9083;1.1797;-12.0163;-56.7068;11.5492
7547;70.2135;6.669;93.5792;2.9456;26.8132;1.5357;0.5221;-30.0669;-88.6682;44.1235
7548;52.3458;3.5089;95.3991;2.5624;43.3779;1.5283;0.8931;-27.7155;-80.5203;25.6678
7549;83.319;5.9605;75.2422;5.726;53.1913;1.2557;1.304;-19.3737;-65.3835;14.444
7550;100.2355;3.8945;110.8208;3.9205;80.354;1.0195;1.756;-11.4941;-42.5869;8.7088
7551;76.1579;6.2176;96.7853;6.118;73.9921;0.8892;1.9506;-6.8098;-26.8754;6.8376
7552;104.5107;8.7438;82.7495;3.7849;86.4445;0.8131;1.4249;-8.6378;-41.5838;8.5593
7553;42.5397;2.8867;85.9068;6.5533;48.4428;1.0707;1.7517;-12.3357;-45.4657;9.1685
7554;49.2251;6.9744;73.575;3.1774;51.6178;1.2901;0.9195;-22.3545;-76.2422;21.0457
7555;85.3936;4.9852;90.3426;6.8091;76.2269;1.1684;1.7967;-14.0451;-48.7397;9.7541
7556;74.7572;6.5143;94.1852;4.8616;62.5186;1.0206;1.0583;-16.1817;-65.4366;14.4662
7557;93.6481;5.1865;89.7564;5.1997;63.9235;1.1429;1.459;-15.8799;-57.4496;11.7508
7558;69.7215;3.8107;101.3884;3.094;53.1898;0.9962;1.119;-14.467;-62.5578;13.3539
7559;54.3764;2.8274;98.0563;5.6938;58.081;0.946;1.4025;-11.8425;-50.5793;10.1172
7560;66.1553;1.7897;105.9389;5.7459;61.9548;0.8165;1.7865;-6.4563;-27.066;6.8555
7561;42.4117;4.4423;126.5889;4.1133;65.4071;0.9363;0.8974;-14.7463;-68.049;15.649
7562;49.6854;9.1979;115.981;1.399;53.1039;1.0626;0.4632;-20.1894;-85.47;34.4115
7563;87.504;5.8262;126.9531;2.93;34.8283;0.92;0.4695;-17.0437;-82.9882;29.3914
7564;85.7102;3.3118;80.9018;2.9298;71.9348;0.8;2.1216;-3.3169;-11.5996;5.6561
7565;76.5341;6.6102;88.0598;5.274;42.9003;1.0232;0.8006;-17.2607;-73.9175;19.1699
7566;39.0206;6.0805;117.7507;3.9025;77.9899;1.0626;0.9884;-16.9885;-68.9951;16.1265
7567;63.5487;3.0883;118.2782;3.9316;51.7231;0.9288;1.4347;-11.0995;-48.5111;9.7108
7568;47.95;1.0829;84.3956;3.7505;69.3543;0.9956;3.1286;-2.6867;4.7462;4.7734
7569;91.1776;2.1752;116.5204;6.8039;80.6656;0.8;2.0776;-4.4117;-13.4313;5.7758
7570;59.493;7.1436;78.9873;4.668;56.2281;1.1599;1.1562;-18.0637;-66.7722;15.0476
7571;50.4565;6.7033;112.7794;4.8966;37.1327;1.0594;0.4614;-20.2367;-85.4815;34.4388
7572;70.5363;3.1539;99.3448;3.6709;63.4954;1.3272;1.7482;-17.9813;-56.0936;11.3879
7573;58.4772;3.1055;70.7435;4.5555;75.1328;0.9583;2.4557;-5.541;-14.5808;5.8535
7574;96.7074;6.2886;89.7162;3.1365;56.8035;1.1581;1.2011;-17.391;-65.4295;14.4632
7575;56.7734;7.9652;172.5586;5.1156;79.9796;1.2658;0.6123;-23.9113;-83.8767;31.011
7576;44.8139;6.1676;105.2002;2.8802;59.9831;1.005;0.9882;-15.4534;-67.2211;15.2537
7577;31.2476;4.8786;177.733;5.7163;32.4736;1.0713;0.3249;-21.3907;-89.8898;49.4551
7578;69.4458;2.9007;69.6992;3.4976;55.7942;1.0289;1.8903;-10.7295;-38.7606;8.1647
7579;59.8853;4.3842;120.6454;6.0226;56.5806;0.8;1.2406;-9.5369;-48.3066;9.6724
7580;44.2797;2.855;60.0;7.4609;54.4818;1.0805;2.1452;-10.2955;-33.8203;7.5552
7581;91.4061;6.4269;99.9941;4.6017;74.3332;0.8284;1.3398;-9.5934;-46.0894;9.2746
7582;82.0104;3.6151;117.0937;6.5674;59.8389;0.8423;1.2578;-10.7419;-50.2206;10.0443
7583;69.4921;6.6745;123.3027;5.7272;45.6093;1.1106;0.5619;-20.6186;-83.1335;29.6446
7584;94.5579;3.5873;81.888;2.4508;56.7047;1.2951;1.5961;-18.242;-58.9214;12.1718
7585;81.9256;6.5803;129.6635;4.7664;63.5951;1.169;0.8277;-20.1849;-76.3982;21.1848
7586;55.1886;3.3416;87.509;5.3518;28.2302;1.1235;0.8145;-19.2383;-75.8325;20.689
7587;51.294;3.8983;95.9806;5.4966;39.5405;1.0698;0.9289;-17.492;-71.0575;17.2756
7588;84.7237;4.9433;89.7331;4.8673;33.2667;1.1898;0.8753;-20.7147;-75.4772;20.3892
7589;77.1346;1.792;75.2693;4.848;45.3666;1.4005;1.7416;-19.8062;-58.5477;12.0621
7590;73.0555;8.1441;148.0574;4.6076;86.343;0.891;0.7966;-14.4189;-70.2002;16.7786
7591;54.763;4.675;101.2077;4.7998;40.967;0.8969;0.8322;-14.3292;-69.0731;16.1671
7592;80.9431;4.279;131.2363;2.7645;73.157;1.1575;1.1438;-17.7049;-67.0604;15.1793
7593;56.401;6.7319;129.8459;4.2457;78.5216;0.8;0.8653;-11.8759;-63.9449;13.8677
7594;68.1642;7.0122;78.5068;2.4205;50.1714;0.9804;0.861;-15.8523;-70.7259;17.0799
7595;96.045;4.3635;135.5312;3.8536;58.3127;1.0536;1.0197;-16.6234;-67.7377;15.498
7596;58.105;7.8007;113.4116;3.7138;36.9268;0.8971;0.5159;-16.4378;-80.8317;26.0848
7597;41.6862;1.74;77.0878;3.618;49.8279;0.8;1.4476;-8.3312;-39.682;8.2894
7598;51.0542;2.1399;111.8751;3.022;48.4255;1.3193;1.5156;-19.3432;-61.7074;13.0574
7599;87.8974;4.8218;77.4342;5.0039;48.7874;0.887;1.6677;-8.9088;-37.3264;7.9778
7600;74.5852;3.446;149.4235;4.1229;53.4928;0.8949;0.8455;-14.2463;-68.5068;15.8764
7601;67.6802;4.031;122.562;3.9694;70.5676;1.3043;1.1358;-21.3342;-70.9741;17.226
7602;60.8363;3.3155;98.237;2.4886;28.3926;0.8;0.593;-13.7801;-75.29;20.2347
7603;78.7365;3.7083;137.1906;4.1532;73.2331;1.3529;1.6653;-18.8319;-58.9683;12.1857
7604;54.7161;6.5658;67.3345;6.3183;55.8817;1.5609;1.4122;-25.4505;-69.8407;16.5786
7605;75.502;4.8006;82.9166;6.3412;80.0495;0.837;2.2469;-3.6876;-10.5204;5.5879
7606;56.8374;9.5798;93.8845;5.1603;71.0034;0.9068;0.8009;-14.5023;-70.5594;16.9833
7607;53.8421;6.2354;174.8785;4.1573;66.982;1.1026;0.715;-19.5953;-78.3824;23.1293
7608;58.5252;3.0501;76.5198;5.4385;68.849;1.0514;2.0781;-9.8789;-34.1159;7.5891
7609;63.2427;3.0056;65.2577;3.599;88.545;1.2177;3.5299;-4.2043;-3.3695;5.1744
7610;69.1211;3.3545;69.6912;4.1511;67.309;1.1047;2.1795;-10.2614;-34.2336;7.6027
7611;74.2382;6.7715;125.427;3.4862;57.4763;1.1807;0.9503;-19.9248;-73.1711;18.6366
7612;30.0;1.305;86.1959;5.9625;52.6494;1.9892;2.0357;-30.2813;-65.887;14.6572
7613;55.4623;2.8381;96.1009;5.77;69.494;0.8;2.0841;-3.9631;-13.1642;5.758
7614;62.9517;7.4855;121.0106;4.548;57.399;1.308;0.9775;-22.5069;-75.0892;20.0716
7615;97.0911;5.1064;96.125;7.1969;74.815;1.3443;1.7349;-18.7327;-56.98;11.6225
7616;50.56;2.8211;105.2361;5.2188;58.078;0.8028;1.6314;-7.0202;-32.2641;7.3816
7617;72.9303;2.7814;114.3168;5.1343;63.1702;0.8524;1.5611;-9.213;-38.9495;8.1899
7618;96.9105;6.9774;89.7925;4.9737;74.2709;1.1056;1.546;-14.3432;-53.39;10.7273
7619;46.3666;7.342;95.9273;2.7066;65.9417;0.8;0.8806;-11.8669;-63.3088;13.6272
7620;77.0916;2.9664;106.2356;3.2586;76.398;0.8844;2.011;-6.7629;-24.2039;6.5966
7621;55.5591;3.7923;124.24;4.518;45.605;1.049;0.8543;-17.5408;-72.8526;18.418
7622;60.9166;6.6835;82.0294;4.5304;71.8354;0.8722;1.4863;-9.9563;-43.1959;8.8022
7623;55.544;6.0977;60.0;5.4846;61.4196;0.9555;1.6366;-11.3792;-42.907;8.7576
7624;56.8266;6.4822;118.5181;3.5982;39.4042;0.8408;0.4884;-15.1762;-80.6386;25.8246
7625;118.9944;4.3408;126.103;4.706;63.1814;0.8282;1.4378;-8.9472;-42.133;8.6405
7626;85.2002;7.5747;105.128;4.7328;88.0179;1.0989;1.297;-15.7483;-60.6561;12.7084
7627;89.8313;3.3049;106.9374;4.7923;59.2528;0.98;1.5756;-12.1221;-46.4064;9.3295
7628;78.8559;2.429;86.8422;4.6246;78.7547;1.025;2.7189;-4.3901;-11.5797;5.6548
7629;41.0874;5.5989;113.32;2.4942;62.5423;1.1512;0.7934;-20.1098;-77.0261;21.7638
7630;77.1092;4.4653;123.7746;1.2082;32.1459;1.0374;0.4805;-19.6686;-84.5612;32.386
7631;89.3127;6.8903;101.4224;3.1874;42.9908;0.9352;0.7481;-15.8748;-73.3328;18.7497
7632;54.6388;1.8884;186.4163;3.8033;71.9628;0.8385;1.4861;-8.8784;-40.9239;8.4637
7633;87.3759;6.776;67.6424;2.8323;57.5866;1.094;1.7319;-13.4574;-47.2295;9.475
7634;82.6781;3.1446;104.1582;4.5165;68.3617;1.4901;1.6185;-22.0843;-63.7962;13.8107
7635;103.3367;5.2092;74.5583;6.2352;75.8345;1.1925;2.2588;-11.644;-36.8649;7.9195
7636;62.4799;1.4762;124.6029;5.689;75.7583;0.8;2.2094;-2.8031;-7.9401;5.4312
7637;50.243;4.9046;67.3432;5.2995;77.4057;0.8;2.5193;-2.0877;4.9699;4.7633
7638;63.4907;5.6639;71.6426;6.078;43.0258;0.8633;1.0319;-12.1734;-60.1545;12.5485
7639;95.8403;3.5209;85.3596;3.2131;59.6056;0.8;1.5856;-7.4472;-33.9345;7.5682
7640;37.0887;2.7619;106.8716;3.9148;54.3384;0.8;1.079;-11.0107;-55.0434;11.1218
7641;32.7692;4.455;86.1683;5.5223;71.0615;0.8;1.6336;-6.8889;-31.9324;7.3456
7642;71.6091;6.6694;86.3846;3.8882;71.9133;1.0477;1.5206;-13.6866;-51.6215;10.3352
7643;62.0334;3.293;95.5785;3.9703;60.8362;0.8;1.4912;-8.4255;-37.8679;8.0474
7644;70.1391;2.9487;94.1237;7.3936;69.3549;0.8;2.0687;-4.4383;-13.8035;5.8007
7645;87.0156;3.0753;145.0433;4.7432;66.8247;0.8757;1.1388;-11.9512;-56.654;11.5351
7646;60.0538;8.1608;118.7058;7.2454;77.9077;0.8794;0.8532;-13.7282;-67.6589;15.4602
7647;36.2859;3.4725;92.2061;1.8651;30.0463;0.9489;0.7721;-15.8424;-72.8762;18.434
7648;106.8007;0.7926;168.9197;3.6537;68.0686;0.8;1.5197;-7.7266;-36.6786;7.8962
7649;52.0499;6.1897;113.0789;5.2132;90.5976;1.2177;1.3452;-18.5785;-63.1782;13.5789
7650;50.9373;5.5281;78.4867;4.7406;54.6009;1.0574;1.1215;-16.0663;-64.6466;14.1429
7651;89.867;2.2474;106.6229;1.5167;83.668;1.0863;2.3264;-9.5974;-28.6122;7.004
7652;63.0792;8.9981;114.3253;4.2556;47.6673;0.9158;0.4734;-16.94;-82.7688;29.0172
7653;68.859;4.8947;84.2058;8.3095;43.8162;1.2397;1.3305;-19.0719;-64.2265;13.9768
7654;78.6902;4.2382;76.8644;4.9704;74.8498;1.1027;2.1565;-10.9225;-34.8086;7.6697
7655;89.5045;3.5904;102.185;5.5067;64.0966;1.0388;1.5509;-13.0874;-50.2339;10.047
7656;63.9977;7.4042;91.3881;3.6341;47.9428;1.221;0.7027;-22.3144;-80.8155;26.0628
7657;97.3591;2.9071;144.7419;4.9649;46.8394;0.8;0.8727;-11.9899;-63.639;13.751
7658;31.5556;3.1082;120.3566;4.5815;64.572;1.0396;1.252;-15.019;-59.8558;12.4551
7659;83.6762;2.2051;85.1979;6.2782;78.437;0.8747;2.8205;-1.846;7.4842;4.6518
7660;54.8885;5.9977;111.2361;6.2305;77.1609;0.8648;1.2636;-11.0981;-51.2946;10.2658
7661;94.7009;4.8139;137.2703;5.2113;51.5104;1.1733;0.7739;-20.8391;-78.0153;22.743
7662;72.5568;4.9013;70.578;4.7064;48.8955;1.3157;1.3427;-20.3356;-65.9819;14.698
7663;57.8877;2.7779;77.4378;2.0813;49.5351;1.2898;1.5748;-17.7702;-59.3005;12.2852
7664;81.9311;5.1836;99.7212;2.0291;43.8438;1.0014;0.8237;-16.6539;-72.5804;18.2352
7665;86.0774;6.0507;100.894;4.7229;40.68;0.9373;0.6844;-16.0429;-75.6589;20.5414
7666;81.5541;3.4654;98.7035;5.912;47.1504;1.2817;1.1858;-20.2027;-69.1614;16.2134
7667;51.4655;6.3654;92.5247;6.5976;71.5465;0.8217;1.2317;-10.3036;-50.0339;10.0068
7668;61.2877;3.4193;92.1719;3.2654;64.4541;1.4041;1.5309;-21.5487;-63.6565;13.7576
7669;69.9267;5.9895;110.083;2.3361;50.404;0.9257;0.6983;-15.5296;-74.856;19.8855
7670;69.2573;1.395;132.775;5.9994;70.7998;0.9901;1.6114;-11.1937;-45.7487;9.2164
7671;83.4954;4.5367;88.6709;3.378;57.2648;0.8988;1.4957;-10.2269;-44.5341;9.0146
7672;33.7318;8.5765;183.9695;2.2344;73.2107;1.007;0.3811;-19.6136;-87.3836;39.6311
7673;76.0179;8.8832;163.2598;3.8595;41.0352;0.8335;0.448;-15.3423;-82.0816;27.9042
7674;64.7803;3.0889;139.419;3.8334;50.6527;0.9282;1.1238;-13.3269;-59.6433;12.3895
7675;54.907;3.9052;116.8383;6.5803;76.1798;1.0312;1.4463;-13.792;-53.2474;10.6946
7676;56.6352;1.723;165.2017;5.8985;76.5323;0.9789;1.2321;-13.7006;-58.0471;11.9181
7677;66.1383;7.0978;93.0039;3.4939;83.4392;0.8;1.2637;-9.6346;-47.3479;9.4963
7678;30.0;4.6437;81.2084;6.6969;23.654;1.6402;0.5334;-32.2603;-89.1604;46.1273
7679;57.3768;3.6054;87.6785;4.7875;69.4355;1.3721;1.7009;-18.5732;-58.6777;12.1
7680;54.2353;2.1366;77.8228;6.1913;64.9854;0.8;2.3419;-2.49;-2.4193;5.124
7681;79.5901;8.1185;103.0919;6.5908;55.9601;0.8831;0.7411;-14.6273;-72.0285;17.8754
7682;55.5005;4.4107;107.7838;4.2061;31.7922;0.9663;0.5802;-17.4678;-79.9837;24.9796
7683;66.128;3.0945;105.1492;5.457;78.9028;1.1422;1.816;-13.616;-47.0006;9.4341
7684;97.761;3.4265;99.6897;3.9899;80.9788;1.0991;2.1614;-10.1744;-34.447;7.6274
7685;87.8983;3.0359;103.3849;5.9952;44.4121;0.8027;1.1171;-10.5877;-53.6128;10.7788
7686;86.2409;4.8542;154.3544;4.7354;54.8258;1.5976;0.8275;-29.6502;-82.7344;28.9593
7687;61.0023;7.8419;116.7673;6.0405;45.2585;0.9237;0.5337;-16.8152;-80.7421;25.9633
7688;79.7746;6.913;125.939;6.8871;90.3047;1.4347;1.4596;-22.1943;-66.0898;14.7448
7689;65.7898;4.0096;104.8853;5.4208;52.368;0.8862;1.099;-12.3139;-58.6624;12.0955
7690;66.4703;6.6033;66.7713;4.4598;72.5668;1.2353;1.6623;-16.3917;-55.1453;11.1471
7691;77.3743;3.8062;63.5419;4.4848;51.1821;1.078;1.8417;-12.692;-43.0545;8.7803
7692;59.2541;2.9479;168.321;0.1645;72.2953;0.8427;0.8707;-13.061;-65.5588;14.5175
7693;96.8741;8.9498;87.5504;3.5308;65.5502;1.1247;1.1921;-17.0015;-64.6685;14.1517
7694;67.1177;3.1962;85.7111;5.9989;24.0359;1.0373;0.7181;-18.1411;-76.9244;21.6679
7695;81.1305;3.2939;106.3341;6.0548;56.2904;1.2025;1.4516;-17.0349;-59.763;12.4264
7696;96.2008;9.1721;114.7517;3.4981;53.4239;0.8563;0.7209;-14.1843;-71.937;17.8171
7697;88.5698;2.2835;118.4375;4.8469;36.0585;0.9834;0.9351;-15.6228;-68.3039;15.7748
7698;44.6395;6.0094;155.8314;4.3161;65.7767;1.1756;0.6154;-21.7053;-82.5499;28.6531
7699;78.0081;7.934;145.5259;5.6344;53.4549;0.8;0.5134;-14.2701;-78.6077;23.3729
7700;85.3129;4.3021;81.6496;7.9129;42.4105;0.8;1.1836;-10.0786;-50.6819;10.1383
7701;86.0535;0.7447;127.4028;5.6627;49.3203;1.0081;1.3008;-13.6908;-56.989;11.6249
7702;49.9607;3.5534;90.8443;3.5947;64.9478;1.0367;1.4543;-13.741;-53.237;10.6922
7703;58.1734;2.1278;96.6207;4.4824;63.4467;0.9811;1.6458;-10.8735;-44.0818;8.9416
7704;87.902;3.7691;76.0714;6.7029;84.9011;1.1731;2.8467;-7.1838;-19.1125;6.1814
7705;56.2883;6.2633;65.4903;2.487;71.5589;0.9801;2.0282;-9.0032;-31.0224;7.2487
7706;64.6055;3.8905;99.2141;3.6774;55.8675;1.2269;1.2545;-18.6573;-65.9191;14.671
7707;98.3658;3.8537;78.7418;5.6649;72.626;1.0668;2.3493;-8.8078;-26.5951;6.8115
7708;69.1396;4.571;126.1061;6.5415;45.947;0.8;0.8849;-12.2288;-63.1309;13.5615
7709;56.9181;4.7258;93.2143;5.5135;63.6146;1.0329;1.3403;-14.4263;-56.7444;11.5592
7710;54.2029;6.9087;108.0201;3.69;63.9623;0.9844;1.0664;-14.6764;-63.8904;13.8467
7711;75.9889;3.2181;140.7593;5.4048;57.2765;0.8744;1.0594;-12.2934;-59.615;12.3808
7712;46.0033;6.5563;68.9821;5.2214;72.5211;0.8;1.6309;-7.5448;-32.0461;7.3579
7713;65.548;4.6273;83.4307;5.1262;50.2394;0.8;1.2189;-9.8675;-49.2105;9.8446
7714;75.9981;3.1798;104.6259;4.4544;69.8642;0.844;1.6837;-7.2987;-33.5068;7.5196
7715;93.3847;3.1535;108.1265;4.6795;34.0709;1.2358;0.9501;-21.1292;-74.3745;19.5118
7716;82.0159;3.482;131.7682;3.2388;82.9411;0.9371;1.3723;-11.7773;-51.1845;10.2426
7717;57.1468;4.9909;124.2081;8.3203;61.0806;1.2769;0.9727;-21.7792;-74.6086;19.6917
7718;91.2115;2.8413;102.4529;4.8355;80.6819;0.8151;2.2051;-4.0433;-9.8233;5.5447
7719;64.6087;7.6983;107.8802;5.4228;80.4445;0.8683;1.0313;-12.5461;-60.4117;12.63
7720;47.7573;4.6832;108.6291;4.2731;65.1183;0.8936;1.2497;-12.2022;-53.3842;10.726
7721;66.9033;7.6937;69.2513;5.868;38.954;0.9434;0.7674;-16.0119;-72.8866;18.4411
7722;95.887;1.5498;96.166;2.6524;77.7695;1.0492;2.6594;-5.4261;-15.5144;5.9182
7723;72.9743;3.3882;106.4088;1.9816;71.8274;1.1335;1.5309;-15.2835;-54.983;11.1069
7724;70.2254;1.236;112.1467;4.5543;55.6723;1.2855;1.431;-18.6131;-62.8927;13.4744
7725;99.4698;3.0433;79.3667;7.6811;57.9207;0.8;2.9542;0.2591;23.0928;4.062
7726;44.2356;6.9707;72.8185;6.4125;68.5553;1.499;1.3185;-24.7395;-70.6798;17.0531
7727;46.8592;1.4325;94.3053;3.3873;59.7556;0.8088;1.5964;-7.403;-34.2076;7.5997
7728;40.9148;3.8766;163.5325;5.3741;46.5435;1.0202;0.5434;-18.8327;-82.2452;28.1614
7729;76.7077;2.171;81.4801;3.646;69.0706;1.2118;2.4902;-11.273;-31.5046;7.2998
7730;72.9969;3.7726;134.1089;5.2396;44.807;1.1371;0.7386;-20.1457;-78.3492;23.0938
7731;97.7693;6.7264;148.6144;5.3566;73.8256;1.2512;0.9152;-21.4505;-75.6173;20.5063
7732;74.3826;4.9934;101.1431;5.9897;60.1506;1.2258;1.206;-19.1893;-67.2044;15.2459
7733;62.7252;5.816;84.3697;2.2515;32.8936;1.087;0.5845;-20.2128;-82.0751;27.8942
7734;70.0323;3.4209;113.6786;2.7016;60.3229;1.1619;1.1866;-17.5363;-65.9564;14.6871
7735;72.1187;8.0771;104.9955;4.4866;78.6616;0.8;1.1773;-9.8673;-50.9449;10.1926
7736;39.9083;5.6029;80.6722;3.0514;51.2193;0.8676;1.467;-9.5519;-43.638;8.8712
7737;118.786;3.7992;84.8148;2.9354;32.2163;0.823;0.966;-12.2659;-60.8758;12.7798
7738;79.3577;3.8242;112.0074;5.0078;49.3097;0.8;1.2236;-10.1198;-49.0181;9.8074
7739;73.7801;7.6746;126.2836;3.2259;53.1429;0.8288;0.6238;-14.0542;-74.9109;19.9289
7740;81.073;4.6925;92.2473;7.9865;57.7179;0.8131;1.3854;-9.0277;-43.2032;8.8033
7741;82.7694;5.5812;98.2865;3.8003;77.0099;0.8301;1.4618;-9.2063;-41.3004;8.5179
7742;67.47;3.7737;118.1943;4.1947;27.9192;1.1428;0.6966;-20.6776;-79.6821;24.6089
7743;58.6377;2.8049;95.7795;5.0463;71.6643;0.8579;1.784;-7.5828;-30.6799;7.2129
7744;80.7901;5.7124;92.79;2.3381;55.5757;1.1841;1.1616;-18.557;-67.3008;15.2909
7745;76.9428;4.8932;82.7923;5.3628;45.412;0.8;1.3327;-9.6349;-44.4693;9.004
7746;55.422;4.2415;82.4341;5.1122;47.3343;0.8775;1.1893;-11.6531;-54.8212;11.0671
7747;95.5426;4.9997;194.8813;4.076;47.8002;0.9249;0.548;-16.5605;-80.2489;25.3151
7748;75.2803;2.7241;95.2133;5.0109;64.1665;1.2677;1.8068;-16.39;-52.4917;10.5245
7749;83.1367;6.2982;140.6725;5.2424;63.593;1.0124;0.9851;-15.9683;-67.5642;15.4151
7750;95.0546;8.1433;152.3482;6.7528;34.6027;1.06;0.4269;-20.4368;-86.5773;37.2502
7751;70.394;7.309;95.5142;8.3504;59.1738;0.803;1.1059;-10.3015;-54.0919;10.8913
7752;75.7051;3.2825;109.6483;3.0077;42.8811;1.1857;1.0774;-19.1929;-69.7093;16.5067
7753;84.5805;3.715;102.5951;2.654;83.0516;0.9883;1.9795;-8.7595;-33.2366;7.4891
7754;56.9525;6.4305;66.8282;4.7541;64.3655;0.8;1.7207;-6.6672;-28.3031;6.9738
7755;70.9729;4.8111;67.8417;1.4816;42.7493;1.1504;1.2438;-17.1774;-63.961;13.8739
7756;72.2599;4.517;101.2287;5.5741;63.4086;1.0601;1.7168;-12.7148;-46.0178;9.2623
7757;52.7909;7.7913;89.9219;4.7696;79.7198;0.9335;1.0894;-13.1877;-61.102;12.8541
7758;111.7175;4.4453;160.4633;5.1509;50.3701;0.9333;0.774;-15.3228;-72.3561;18.0872
7759;44.6687;4.3205;94.2572;4.1446;67.5123;0.8073;1.3596;-9.1073;-43.862;8.9066
7760;46.6341;1.499;162.8619;4.9825;54.4342;1.2608;1.2703;-19.5403;-66.4159;14.888
7761;93.6561;1.784;88.7721;5.3084;48.0714;1.1565;1.9589;-12.8565;-43.5389;8.8557
7762;82.8388;0.9198;161.2926;4.9;45.4444;0.8092;0.8816;-12.1878;-63.6852;13.7685
7763;51.5326;7.5981;113.497;2.5824;51.2845;1.0102;0.5666;-18.504;-81.304;26.7436
7764;80.9312;3.7277;115.1221;4.858;52.1187;0.8678;1.0509;-12.5334;-59.6308;12.3857
7765;96.4213;4.0552;87.9905;7.3809;71.3452;0.8;2.4326;-2.2834;1.3581;4.933
7766;69.4553;6.7935;115.5149;4.9613;50.8449;1.3649;0.8843;-24.5443;-78.4049;23.1534
7767;116.7788;4.9024;152.6807;4.8056;72.685;0.9317;1.0912;-13.2418;-60.9617;12.8079
7768;38.9669;4.9041;96.4441;6.9401;51.918;0.8452;0.9233;-12.9536;-63.5868;13.7313
7769;82.4888;3.1604;91.8651;3.4816;51.0893;0.8;1.4547;-8.3416;-39.386;8.2489
7770;90.9975;6.6766;94.0174;5.9345;74.3593;0.9529;1.3935;-11.5317;-51.2501;10.2564
7771;86.0442;2.4846;149.9344;3.8048;39.794;0.8;0.7901;-12.1751;-67.0795;15.1881
7772;66.3216;1.6235;123.8422;6.2299;72.9732;0.97;1.888;-9.1077;-35.1217;7.7067
7773;64.7721;2.6332;143.6084;5.7971;61.0057;1.274;1.0409;-21.4107;-72.7666;18.3598
7774;77.9946;3.0218;108.1561;3.9816;62.8489;1.2038;1.5288;-16.96;-57.666;11.8109
7775;84.6836;3.0916;100.9878;4.2011;49.321;1.1012;1.3565;-15.2686;-58.9365;12.1763
7776;80.8445;5.3191;111.1806;6.0667;51.1636;1.6177;0.8796;-29.6582;-81.8746;27.5856
7777;88.721;2.7745;130.6745;1.8168;38.3936;1.0526;0.9128;-17.4619;-71.0919;17.2962
7778;51.6603;5.363;94.009;3.9371;31.0765;0.8334;0.6005;-14.2194;-75.9802;20.8161
7779;65.9001;1.9712;140.7999;5.5306;51.734;1.1817;1.3709;-16.964;-61.3302;12.93
7780;53.0797;2.3698;109.577;4.1378;43.8712;1.0273;1.0978;-15.6755;-64.378;14.0363
7781;63.05;4.2848;60.0;4.8023;89.3501;1.008;3.0286;-2.5363;0.1496;4.9925
7782;88.274;7.721;124.7165;1.5383;64.0029;1.0609;0.7572;-18.4465;-76.21;21.0172
7783;71.9437;6.9441;72.7547;3.3183;61.2745;0.9238;1.2;-12.5595;-56.7019;11.5478
7784;116.9235;8.5585;123.9606;5.6192;61.9868;1.4533;0.7267;-27.0564;-83.3329;29.9992
7785;73.4813;5.1789;125.2798;3.4735;71.4114;0.8;1.1537;-9.9912;-51.9297;10.4014
7786;71.0745;5.3569;108.597;2.6463;55.637;1.1773;0.8345;-20.3559;-76.3717;21.1611
7787;71.9113;5.0064;114.5591;6.1924;29.6182;1.027;0.5026;-19.4851;-83.6872;30.6508
7788;58.5194;4.9918;131.6159;5.3735;85.4924;1.0954;1.3993;-14.9414;-57.4184;11.7422
7789;68.9589;2.3693;88.3462;2.9672;52.2447;0.9268;1.701;-9.627;-38.8214;8.1728
7790;90.3002;4.4917;121.9398;4.8078;55.7859;1.3536;0.9397;-23.7193;-76.8607;21.6082
7791;72.0515;3.6104;133.7438;3.0161;84.0011;1.1935;1.369;-18.2032;-61.7646;13.0769
7792;55.7177;3.9114;155.2739;4.3713;71.5115;0.8572;0.9217;-13.2134;-64.1593;13.9506
7793;53.3485;4.3715;75.8475;4.864;58.9647;1.251;1.8774;-14.8736;-49.9743;9.9949
7794;61.8964;2.2463;110.7526;3.3873;35.6616;1.0619;0.7327;-18.6581;-77.0005;21.7396
7795;71.3295;3.4736;78.6335;5.7135;42.7942;0.8898;1.7487;-8.7316;-34.4936;7.6328
7796;91.4846;1.7276;77.8038;5.946;34.7076;0.8;1.6982;-7.2431;-29.2423;7.0664
7797;45.8712;8.8372;109.3908;4.9953;77.6636;1.1662;0.9419;-19.247;-73.078;18.5722
7798;64.2431;2.1778;101.9553;5.221;50.8282;0.8652;1.2482;-11.0341;-51.9106;10.3973
7799;72.5976;2.9779;133.1426;2.4208;47.3519;1.1111;0.7586;-19.4233;-77.24;21.9684
7800;36.9933;7.3113;91.7095;6.6433;80.3811;1.3396;1.4012;-20.5588;-65.1336;14.3404
7801;54.9952;4.1349;96.7042;4.463;78.0598;0.8502;1.6419;-8.1196;-35.6301;7.7676
7802;57.762;2.2948;105.4299;3.1971;83.5337;1.3086;2.3283;-13.7861;-40.6909;8.4304
7803;55.6725;3.6009;80.6173;4.8188;76.3994;0.8;2.3094;-2.3132;-3.7742;5.1961
7804;73.454;2.1589;83.4629;5.7182;24.4351;1.3453;0.8992;-23.8452;-77.7202;22.4419
7805;67.1099;2.6806;132.184;5.3685;75.9161;1.4393;1.3492;-22.8959;-68.753;16.0016
7806;60.0049;1.6116;87.1762;2.973;69.1621;1.1972;2.442;-10.6647;-32.0071;7.3537
7807;77.7033;3.8879;134.3958;5.7365;63.9021;1.0916;1.0774;-16.9913;-67.1007;15.1979
7808;101.0153;6.4141;116.396;4.509;69.8628;1.1949;1.2468;-18.1456;-65.2193;14.3758
7809;99.5066;4.7528;67.9171;5.3518;77.142;0.9349;2.5121;-5.1136;-10.4297;5.5822
7810;35.3901;4.8836;114.1787;3.3977;71.9236;0.8;1.0311;-11.0949;-57.0375;11.6381
7811;80.3873;2.6826;113.9535;6.1689;80.5716;0.8625;2.2455;-3.8231;-13.2134;5.7613
7812;66.7956;3.3946;111.1524;4.8741;82.1156;1.5804;1.646;-23.6517;-65.2829;14.4021
7813;72.7928;6.792;96.5152;6.3832;61.71;0.8;1.1166;-10.0287;-53.4753;10.747
7814;62.8309;1.9445;79.0558;2.2977;67.0412;1.2115;2.9999;-6.4005;-17.4604;6.0577
7815;72.1166;6.9263;140.0113;2.4979;66.6783;0.978;0.7694;-16.6893;-73.7789;19.0686
7816;72.7253;4.1404;97.4925;4.24;49.6037;0.9311;1.3226;-12.208;-52.6488;10.5594
7817;59.5789;6.7091;80.1836;6.8014;65.8943;1.4019;1.2314;-23.2485;-70.7188;17.0758
7818;53.8654;3.2656;112.1164;7.5442;55.7739;1.0187;1.2124;-14.5373;-60.3281;12.6034
7819;61.9235;3.3692;83.0527;3.2674;84.0364;1.2051;2.3317;-12.1187;-35.5018;7.7522
7820;74.2167;5.9357;78.8777;4.6796;65.4087;1.6158;1.41;-26.557;-70.9108;17.1885
7821;80.7819;6.2188;91.0403;4.8327;51.3852;0.959;0.941;-14.6441;-67.2935;15.2875
7822;85.3603;2.8354;84.675;5.6772;53.4845;1.0993;1.7074;-13.6696;-48.2279;9.6577
7823;61.1046;8.6568;79.6076;5.9274;65.0999;1.1513;1.1409;-17.8515;-66.9695;15.1375
7824;75.1092;1.9166;122.3362;2.9284;51.2372;0.9376;1.2055;-13.0021;-57.1421;11.6665
7825;87.325;1.7755;97.1944;4.6969;56.7849;1.1034;1.8321;-12.4037;-44.6538;9.034
7826;90.9807;4.8136;136.7617;1.5872;51.6366;1.2531;0.8369;-21.8245;-77.7378;22.4596
7827;68.941;5.7061;80.7649;5.8162;60.6139;1.1694;1.2883;-17.519;-63.2791;13.6162
7828;66.0232;8.3872;64.9281;4.0921;84.8923;1.0237;1.7098;-12.1756;-44.3255;8.9808
7829;73.4402;3.7094;103.7893;2.7919;51.277;0.8;1.1609;-9.8852;-51.6296;10.3369
7830;49.3053;1.275;159.0415;5.0988;39.6559;0.8;0.7441;-12.8181;-68.9942;16.126
7831;66.515;4.8612;114.1961;4.0452;91.9776;1.4433;1.4578;-22.7188;-66.331;14.8504
7832;83.4026;3.1272;200.0;6.4922;69.6441;0.8262;1.1094;-10.6144;-55.2376;11.1701
7833;81.555;3.8592;108.6558;3.2611;67.039;1.2631;1.4293;-18.2995;-62.2805;13.2557
7834;65.1352;4.1676;106.0656;7.9344;62.3404;0.8;1.6755;-6.9489;-30.1895;7.1622
7835;73.9189;1.7378;60.0;5.8818;56.0106;0.8247;2.6439;-1.1738;6.857;4.6791
7836;55.1563;4.1534;111.292;6.5315;54.7819;1.1457;1.0296;-18.4013;-70.0431;16.6907
7837;82.6629;3.8235;104.3069;3.0567;45.2342;1.3646;0.9407;-23.6302;-77.0207;21.7587
7838;68.5992;5.6278;90.316;7.2827;76.3448;1.139;2.1851;-11.1854;-36.0504;7.8187
7839;65.0329;5.1458;96.6383;2.7812;72.0533;1.0739;1.2403;-15.4215;-61.5026;12.9879
7840;63.489;2.5973;98.3119;4.2853;60.4369;0.8;1.5815;-7.1287;-34.106;7.5879
7841;68.8679;2.7126;95.6014;6.557;46.7873;0.8;1.3555;-8.6198;-43.519;8.8525
7842;61.9382;2.9416;168.6118;5.3602;77.9422;0.9171;1.1162;-13.2899;-59.431;12.3247
7843;81.8466;2.5616;91.1453;2.7413;78.4459;1.0314;2.428;-6.8763;-21.5299;6.3719
7844;62.8849;5.2256;104.3237;6.3031;58.4936;0.9897;1.2372;-13.9509;-58.3311;11.9994
7845;98.6734;9.3914;90.3955;5.1099;45.0222;1.5561;0.6174;-29.9964;-86.7752;37.8076
7846;96.3738;5.1901;121.6354;3.9757;66.811;0.8;1.1056;-10.1457;-53.935;10.8542
7847;53.9522;4.8857;104.5182;2.287;62.697;0.9409;1.0142;-14.0039;-64.0709;13.9163
7848;71.2547;3.7358;93.2415;5.2521;75.5504;1.3966;2.5676;-14.0677;-38.7207;8.1594
7849;58.2882;3.2388;61.7861;4.3549;73.3807;1.139;3.2171;-4.7135;-5.8508;5.3107
7850;64.1203;7.5682;106.2715;4.8345;63.1825;0.8034;0.7949;-12.5645;-67.021;15.1612
7851;106.0437;8.5643;92.5525;2.2222;64.481;0.8;1.1064;-10.2377;-53.9004;10.8461
7852;64.4637;4.2152;98.493;3.972;46.2529;0.9244;1.2219;-12.8446;-55.9413;11.3485
7853;76.4841;3.1297;74.4074;5.3205;73.0991;0.8168;2.6735;-1.8441;9.1032;4.5828
7854;79.7438;6.0902;143.0924;7.4147;58.7041;0.9149;0.832;-14.7481;-69.6858;16.4939
7855;51.9887;2.2737;123.8853;4.2921;55.1349;1.5801;1.1618;-27.2563;-75.4909;20.4006
7856;54.6083;6.0518;143.0003;6.7649;60.81;0.8167;0.7083;-13.253;-71.0919;17.2962
7857;48.2916;6.5301;133.2084;5.781;58.9372;0.8787;0.625;-15.05;-76.2877;21.0861
7858;54.0525;2.2223;115.9605;4.9507;80.8554;1.2005;1.6681;-15.7116;-53.6831;10.7952
7859;30.0;8.7596;75.1585;3.0815;52.6852;1.0606;0.8907;-17.4793;-72.0065;17.8613
7860;79.8025;9.0185;158.5416;3.1443;61.3161;1.3495;0.4741;-26.6183;-88.2892;42.6956
7861;106.9755;7.9486;79.3018;5.5263;59.0136;1.1779;1.1017;-19.3317;-68.8226;16.0373
7862;72.6608;4.2109;93.51;3.8103;67.0251;0.8711;1.5893;-8.7682;-39.1824;8.2213
7863;44.5072;2.9175;119.3304;3.677;42.6517;1.1084;0.8058;-19.1474;-75.7685;20.6343
7864;58.43;4.7278;120.8204;4.3291;46.4072;1.0236;0.7071;-18.0165;-76.9732;21.7138
7865;61.7402;3.7892;115.3798;4.3543;67.3779;0.8;1.3023;-9.4085;-45.7387;9.2147
7866;51.6835;2.7116;90.4772;5.9512;57.2183;1.541;1.8531;-22.1496;-59.9158;12.4737
7867;85.4833;3.8092;85.9218;3.8418;79.0137;0.8089;2.845;-0.5664;17.2291;4.2652
7868;84.5847;5.2723;188.4445;5.8019;72.5528;0.9787;0.8757;-16.1078;-70.1743;16.764
7869;49.2019;1.7978;99.022;5.2596;66.7874;0.9099;1.7049;-9.2846;-37.5454;8.0058
7870;83.0515;3.3421;96.0364;2.089;71.5833;1.0236;1.7482;-12.1717;-43.0716;8.783
7871;97.4826;1.1501;83.6617;5.0418;42.8819;1.0394;1.9066;-11.0573;-38.8553;8.1773
7872;104.246;5.9185;106.3077;0.5984;39.1286;1.1227;0.7093;-19.9386;-78.9395;23.7412
7873;121.5738;5.1118;105.0752;3.2572;63.8719;0.9092;1.3844;-11.4355;-49.2484;9.8519
7874;53.7641;1.72;99.5952;5.2946;59.8446;1.2416;1.9399;-14.6423;-47.9213;9.6008
7875;120.836;8.4687;110.0134;4.584;51.8237;0.873;0.8751;-13.584;-66.5871;14.9643
7876;63.6243;1.233;155.4081;1.9482;68.0828;0.8991;1.1355;-12.6877;-57.9022;11.8771
7877;59.3356;4.7782;86.1773;2.9213;83.9712;0.8;1.7348;-6.3563;-27.7187;6.9174
7878;75.8873;6.1436;101.0829;0.6866;51.258;1.0471;0.8224;-17.818;-73.819;19.0978
7879;59.5229;6.2444;85.0473;2.5862;69.8366;1.3553;1.2126;-22.0182;-70.1762;16.7651
7880;77.1828;1.4024;107.6456;5.4686;41.3793;0.9516;1.2171;-12.8373;-57.3658;11.7277
7881;46.2386;7.5053;86.7519;3.7639;69.2211;1.4233;1.0118;-24.3353;-76.305;21.1015
7882;65.7025;7.6713;87.6901;4.8549;60.6511;0.8041;0.9889;-10.99;-59.0049;12.1966
7883;93.1405;4.5993;69.4279;4.6205;53.8673;0.8;1.8213;-5.9161;-24.1141;6.5888
7884;68.9729;4.1313;102.475;4.6489;42.8575;1.3201;0.8914;-23.0962;-77.4916;22.2139
7885;72.5487;1.5323;111.3427;6.1347;50.1609;0.9667;1.461;-12.4326;-49.626;9.9258
7886;78.5547;4.6028;159.2204;4.2956;68.9496;0.823;1.0229;-11.5001;-58.5688;12.0682
7887;91.0719;3.7329;112.4542;5.966;60.1347;1.054;1.6108;-12.6835;-49.0577;9.815
7888;40.206;6.1131;89.3668;0.884;87.6604;1.0688;1.5239;-13.8221;-52.4715;10.52
7889;80.5214;3.7038;71.1827;6.2671;60.4468;1.2081;1.9468;-14.1862;-46.2834;9.3081
7890;65.1735;5.4129;73.6886;2.6649;67.9921;0.936;1.8684;-8.4896;-33.4603;7.5143
7891;72.9995;2.0519;72.3317;2.9906;44.1144;0.8;1.8283;-6.0048;-23.8206;6.5635
7892;89.0791;2.277;159.9211;3.5431;58.5523;0.9468;1.3374;-12.2005;-52.913;10.6186
7893;48.5046;2.3216;107.4604;6.2258;27.3049;0.9961;0.7584;-16.8985;-74.6207;19.7011
7894;51.7724;1.5398;86.4381;3.2661;67.3132;1.2527;1.9627;-14.8258;-47.7734;9.5737
7895;35.1623;4.4772;78.6655;3.6162;78.9748;0.8;1.6302;-7.4116;-32.0733;7.3609
7896;60.1151;6.2985;80.7327;3.1575;48.5031;0.9275;0.9101;-14.41;-67.2909;15.2863
7897;93.9478;4.91;85.8709;4.9831;50.39;1.0604;1.2366;-15.0061;-61.1291;12.8631
7898;67.8294;4.6835;138.9667;5.7154;69.0562;1.3622;1.032;-23.2159;-74.7465;19.7992
7899;45.8778;5.3915;99.2542;7.1565;81.2911;0.8748;1.562;-9.2632;-40.4792;8.4004
7900;61.2578;3.3733;69.6375;8.1997;54.0691;0.8499;1.9777;-5.8585;-22.4294;6.4457
7901;43.2185;3.4862;178.1783;5.5753;51.8772;1.1423;0.6367;-21.2418;-81.4203;26.9111
7902;49.7467;3.2471;75.1984;5.1485;64.486;0.8;1.9756;-5.3745;-17.6846;6.0742
7903;76.9987;5.6245;86.2682;2.774;76.513;0.8929;1.6341;-9.1601;-38.9929;8.1958
7904;48.8703;2.4593;138.7545;7.464;40.9289;1.1254;0.7904;-19.4744;-76.5876;21.3562
7905;90.0274;1.0562;110.9365;4.9231;53.0185;1.0731;1.6281;-12.7709;-49.4277;9.8868
7906;68.7198;4.818;88.9158;4.1664;65.9451;1.0413;2.0479;-9.3831;-34.4425;7.6269
7907;71.5407;8.0425;73.5032;5.1813;68.5282;0.8;1.281;-9.3452;-46.6245;9.3676
7908;64.9893;4.9035;78.5313;3.6455;47.0486;0.8;1.282;-9.633;-46.5844;9.3606
7909;83.9113;6.2006;79.722;1.0935;51.0573;1.308;1.1841;-21.3173;-69.8241;16.5695
7910;84.0969;5.3353;100.1759;5.4577;74.3958;0.9813;1.4493;-12.4127;-50.768;10.156
7911;76.031;4.219;104.8925;6.6137;44.8893;0.9572;0.9569;-15.0173;-66.6789;15.0055
7912;80.1662;5.6725;96.3518;5.4354;66.7335;0.8539;1.3756;-10.0764;-46.302;9.3113
7913;66.1824;6.5799;99.0244;4.5894;68.1264;1.0037;1.0763;-15.2755;-64.2574;13.9889
7914;79.7597;2.8103;76.8987;4.6199;86.1654;0.9069;3.0454;-0.663;11.9285;4.4671
7915;63.9182;3.3557;107.6036;4.8584;59.1152;1.1869;1.6404;-15.3621;-53.9319;10.8535
7916;70.0402;2.8051;137.7306;4.8125;65.4033;0.81;1.2301;-9.9438;-49.3787;9.8773
7917;65.0564;3.9642;96.0119;4.5089;39.0251;1.1817;0.8987;-20.0321;-74.6489;19.723
7918;61.7701;7.2354;95.5451;4.638;54.1677;1.3894;0.893;-24.7656;-78.577;23.3394
7919;57.596;3.4012;102.0967;6.9325;70.4532;1.1315;1.5213;-14.8195;-55.1852;11.157
7920;78.4184;3.5504;132.2536;5.3084;50.3042;0.8;0.9968;-11.2049;-58.4684;12.039
7921;93.5909;6.9528;79.957;4.7577;60.4802;1.1785;1.2972;-18.001;-63.3086;13.6272
7922;91.0798;4.3231;143.7222;5.5888;70.4794;0.9067;1.2187;-12.6445;-55.1991;11.1605
7923;47.3818;4.4419;111.105;5.5889;57.0113;0.9006;0.9721;-13.743;-64.0216;13.8972
7924;93.2057;6.9575;100.7196;6.019;62.3087;1.0274;1.0324;-16.2005;-66.5031;14.9268
7925;64.2731;4.1793;135.4334;3.4646;85.9758;0.9518;1.3469;-12.0795;-52.8289;10.5997
7926;80.8132;5.3982;74.4148;3.8792;52.4856;0.9114;1.3506;-11.2559;-50.6018;10.1218
7927;53.6881;1.9262;113.9411;3.3797;52.9626;1.1471;1.274;-17.1435;-62.9778;13.5054
7928;72.5556;2.5597;111.3577;5.7501;36.2507;1.0234;0.8913;-17.0961;-70.9678;17.2223
7929;75.647;3.7064;79.147;5.6768;47.7021;0.8;1.4971;-8.5287;-37.6222;8.0157
7930;43.2771;4.204;112.2052;2.6901;70.6383;1.2271;1.1142;-19.5579;-69.733;16.5196
7931;80.9488;8.4905;107.3395;5.1863;59.3827;1.271;0.8065;-22.7018;-78.8476;23.6379
7932;94.2268;8.603;95.6299;6.6584;33.7426;1.1278;0.4999;-21.5567;-85.2246;33.8399
7933;66.8563;6.8543;124.0736;4.247;41.0562;1.1412;0.5736;-21.463;-83.2461;29.8439
7934;94.483;3.2537;86.6807;5.071;57.87;0.9565;1.7278;-9.9523;-39.787;8.3039
7935;66.5855;8.4534;106.9916;5.6957;89.0946;0.8;1.0523;-10.8293;-56.1529;11.4033
7936;85.2925;5.4548;96.7617;2.6192;48.882;1.0362;0.9206;-16.8838;-70.3856;16.8837
7937;30.0657;3.6463;85.7551;4.828;61.2498;1.3629;1.4107;-20.5601;-65.4992;14.4924
7938;113.538;5.5459;113.3966;6.5082;37.6494;1.0561;0.7599;-18.2582;-76.0165;20.8476
7939;96.9182;1.1264;94.9392;3.7102;56.9162;1.3942;2.0522;-17.8208;-50.9349;10.1906
7940;64.8767;2.3631;69.1943;5.8487;69.2307;1.4078;2.6461;-13.9349;-37.3456;7.9803
7941;34.5024;6.6346;63.7458;4.6407;72.2303;0.9928;1.4601;-13.0365;-50.979;10.1997
7942;75.1845;5.1452;121.8066;3.5882;48.1462;0.9114;0.7772;-15.0906;-71.5764;17.591
7943;44.0093;3.4976;73.7013;4.4552;59.64;0.9178;1.6696;-9.0831;-39.3584;8.2452
7944;78.0074;4.2376;107.2343;3.8108;71.6804;0.975;1.421;-12.2006;-51.4216;10.2926
7945;77.4082;7.4884;101.3833;3.2675;69.5543;0.823;0.9267;-11.7783;-62.4663;13.3214
7946;53.0547;5.0502;91.1984;4.2185;56.9334;1.1178;1.2555;-16.4682;-62.5596;13.3546
7947;90.1774;3.6736;163.0957;4.7026;87.2839;1.2109;1.2553;-18.303;-65.4451;14.4697
7948;84.5003;2.1905;104.5943;4.3509;33.1837;0.8;0.9151;-11.7238;-61.8723;13.1138
7949;87.5648;3.1468;120.793;4.2019;81.0637;1.4288;1.7859;-19.8937;-58.3357;12.0007
7950;70.1594;8.7998;107.38;4.939;56.4352;0.8998;0.7808;-14.7966;-71.0756;17.2864
7951;44.5206;3.8832;94.3759;5.3971;39.982;0.9426;0.948;-14.8946;-66.478;14.9156
7952;87.6017;4.0736;99.5239;2.8839;55.5283;1.0635;1.1845;-16.0857;-62.8747;13.4679
7953;65.1333;4.2256;143.9989;4.2214;24.2634;0.8456;0.3262;-16.5087;-87.1414;38.8845
7954;44.984;7.2238;131.2622;1.6397;37.9671;0.8885;0.3948;-16.8976;-85.1895;33.7598
7955;94.3367;4.8679;162.9049;4.3567;70.561;0.8469;0.8715;-12.9582;-65.6981;14.5764
7956;107.7893;5.4866;105.6974;4.8258;65.787;0.9997;1.2484;-13.7866;-58.3739;12.0117
7957;69.2575;3.6279;80.3134;5.4547;37.6366;0.8902;1.1056;-12.3486;-58.6035;12.0783
7958;108.8642;1.3312;89.5718;4.8312;75.3667;1.0783;3.7081;-0.6048;14.6243;4.3621
7959;71.6437;7.8575;74.3085;5.4223;63.5965;0.8;1.2201;-9.4788;-49.1621;9.8352
7960;63.1518;8.1607;121.1381;4.6978;85.0781;1.0929;0.9768;-17.6424;-70.2067;16.7823
7961;58.6517;8.1612;86.3744;3.5867;42.6455;0.8;0.5828;-13.6458;-75.7176;20.5911
7962;99.4675;8.0648;60.0;2.9261;36.9613;1.2241;0.9946;-20.4718;-72.9143;18.4599
7963;55.9574;6.4948;185.1403;4.2055;61.8021;1.1765;0.5105;-22.3552;-85.537;34.5711
7964;83.2348;5.4202;86.7057;3.4506;62.3271;0.8;1.6145;-6.8767;-32.7299;7.4327
7965;59.9351;6.7844;86.576;4.4204;85.2147;1.1835;1.6641;-15.3444;-53.1327;10.6684
7966;61.7145;4.846;151.8773;3.8622;52.4246;0.8;0.588;-13.578;-75.4991;20.4074
7967;88.5445;2.2864;73.9292;5.2286;65.0159;0.8;2.531;-1.7224;5.4575;4.7412
7968;63.1593;3.6373;132.8634;4.6734;77.2183;1.2295;1.2088;-19.1161;-67.2273;15.2566
7969;62.7137;8.6184;86.3414;5.2712;44.6948;0.8974;0.6238;-15.6776;-76.8291;21.5788
7970;90.3905;3.4312;71.8242;5.2636;61.1048;1.3663;2.4617;-13.4374;-39.9454;8.3258
7971;98.7532;7.0353;153.1778;4.3305;68.8385;1.1521;0.7686;-20.521;-77.7612;22.4832
7972;81.6044;1.9879;125.9575;4.4225;53.4122;0.9177;1.3052;-11.5288;-52.5937;10.5471
7973;58.2141;3.3459;125.86;5.3524;69.4171;0.8917;1.4602;-10.8321;-45.4135;9.1598
7974;60.809;3.4303;109.627;8.2689;68.3666;1.3507;1.4604;-20.1806;-63.96;13.8735
7975;71.4385;1.6071;116.1573;3.1163;29.0314;0.9087;0.6859;-15.7034;-74.84;19.8728
7976;75.7767;2.1818;73.4886;4.6626;68.8756;0.8;3.5491;4.0982;47.879;3.3811
7977;52.2184;2.6419;102.8296;2.8064;66.2094;0.8306;1.7487;-6.9967;-29.8176;7.1243
7978;83.0147;6.7159;79.2795;4.5686;52.053;1.025;1.2503;-14.6976;-59.3388;12.2967
7979;71.5392;1.7271;70.6639;3.5889;48.1934;0.8546;1.8777;-6.7519;-26.7641;6.8273
7980;39.1173;3.1709;110.8201;4.4201;44.8098;1.613;0.9717;-29.0464;-79.9194;24.8997
7981;53.2793;0.9916;133.5809;4.833;61.994;0.8786;1.8616;-7.7816;-29.3758;7.0797
7982;60.9257;5.501;90.8607;3.8659;85.7656;0.8827;1.7619;-7.6515;-33.4618;7.5145
7983;68.6886;4.9751;94.8377;1.9244;78.7789;0.8212;1.4459;-8.6753;-41.3048;8.5186
7984;104.007;5.1411;75.2362;6.7383;77.3821;1.1928;3.0374;-7.2665;-15.1137;5.8902
7985;74.2871;3.5499;100.1806;5.8589;67.1532;0.9457;1.5564;-11.164;-45.1442;9.1148
7986;54.8661;2.724;120.9273;4.4042;69.4673;1.1768;1.4704;-16.5051;-58.351;12.0051
7987;73.9714;5.6874;121.8818;3.2579;61.6404;1.2598;0.8891;-21.7841;-76.4761;21.255
7988;63.6624;6.4559;114.6019;4.7275;84.7747;1.0754;1.1955;-16.0803;-62.9446;13.4933
7989;75.8456;2.3143;85.6751;5.1415;75.4555;1.0636;2.9467;-4.5353;-7.6527;5.4143
7990;80.4502;4.1583;84.9989;5.755;70.9983;0.8;1.9229;-6.2654;-19.8792;6.2406
7991;91.7662;2.9304;122.0;5.8933;36.9272;0.8;0.7919;-12.516;-67.0029;15.1528
7992;69.5628;2.4981;122.5072;6.176;74.2054;0.8;1.5465;-7.2368;-35.5633;7.7596
7993;99.5013;5.7967;95.7913;1.9887;43.9383;1.0146;0.8369;-16.8017;-72.5035;18.1841
7994;86.3444;4.4577;89.8936;4.143;64.9022;1.5855;1.5975;-24.2777;-66.4147;14.8874
7995;57.2661;2.7659;133.8851;6.0897;42.9849;0.8928;0.7355;-14.6563;-72.5408;18.2088
7996;109.7774;3.2262;91.3943;3.2146;47.2767;1.2275;1.3243;-18.1528;-64.0394;13.9041
7997;75.8859;8.5109;120.5004;6.4289;53.62;1.1108;0.5819;-20.5603;-82.5383;28.6341
7998;54.9678;6.8278;96.6368;7.3156;71.3337;1.0068;1.056;-15.1625;-65.0387;14.3015
7999;99.7524;7.1745;76.9601;6.3869;90.6669;0.9525;2.5528;-4.9212;-10.6659;5.597
8000;107.4;4.0076;149.6424;5.5924;51.6194;0.9176;0.8867;-14.5068;-67.7893;15.5228
8001;69.4055;4.9983;103.0471;3.9287;42.3946;0.9142;0.8069;-14.8464;-70.5778;16.994
8002;60.9343;3.5622;83.7205;5.0225;69.0438;1.1287;2.0945;-11.4785;-38.144;8.0833
8003;66.8973;1.8586;70.631;2.5809;31.7573;1.1878;1.2072;-18.7894;-66.1218;14.7588
8004;82.8652;3.689;72.4336;3.4283;54.2919;0.9187;1.6478;-10.2203;-40.2133;8.3631
8005;93.0014;4.8038;91.0986;3.5338;90.95;0.9162;2.324;-5.5068;-15.4451;5.9133
8006;80.2688;3.1149;161.8148;4.693;56.3665;0.8901;0.9605;-13.4326;-64.0284;13.8999
8007;71.831;6.8202;86.4015;4.0117;73.5596;1.2214;1.7468;-15.8782;-52.3299;10.4888
8008;96.9642;2.3944;143.6003;4.9924;72.264;1.1923;1.4894;-16.7917;-58.3588;12.0073
8009;64.3689;3.5126;96.7838;5.9167;65.9703;1.3435;1.5342;-19.8207;-61.9353;13.1355
8010;88.5565;2.2223;74.4317;3.5354;45.1347;0.8501;1.7893;-6.7596;-29.844;7.127
8011;64.8149;3.7088;88.8427;4.8229;41.4963;0.8838;1.0174;-12.912;-61.6266;13.0299
8012;77.7584;1.4705;72.597;3.976;68.5255;1.3922;3.1542;-11.0804;-24.478;6.6206
8013;67.9559;3.0448;80.7355;4.8852;81.7596;1.3032;2.496;-12.6748;-36.1537;7.8313
8014;68.9947;3.6872;80.1366;5.6293;42.8813;0.8202;1.7403;-6.6791;-29.2776;7.0699
8015;63.207;4.1092;62.1294;5.9819;88.204;0.8361;3.0023;0.6458;19.6875;4.1775
8016;94.2074;4.4914;145.9653;5.6055;60.9694;1.052;1.0833;-16.1709;-65.6722;14.5655
8017;56.8073;3.0564;105.4171;5.221;70.8943;1.2819;1.5289;-17.9444;-60.245;12.577
8018;56.6758;4.3681;84.2342;2.4697;63.4347;0.8346;1.4014;-9.264;-44.0261;8.9327
8019;108.1779;4.2859;105.7005;2.9781;73.7446;1.0175;1.6886;-11.8599;-44.6839;9.039
8020;87.6013;3.2565;81.1501;3.3637;51.9985;1.2434;1.5372;-17.6126;-58.7891;12.1327
8021;30.0;6.6397;60.0;5.1379;52.4303;0.9602;1.3341;-12.6613;-53.6872;10.7962
8022;59.8253;4.5032;200.0;2.6635;42.3209;0.9848;0.4028;-19.0827;-86.3669;36.6755
8023;37.3842;3.3364;104.8541;5.1063;42.2449;1.3288;0.8505;-23.679;-78.6639;23.4345
8024;52.8876;8.1286;86.3075;4.9967;43.7027;0.9199;0.6735;-15.8627;-75.5946;20.4872
8025;30.0;6.7906;61.6635;1.6965;59.5538;1.2887;1.234;-20.67;-68.0816;15.665
8026;67.5342;8.9239;68.8295;2.9686;62.055;0.9705;1.0695;-14.4635;-63.2684;13.6123
8027;49.445;5.476;151.2287;6.1658;64.6807;0.8049;0.7588;-12.8759;-68.5738;15.9103
8028;71.0783;3.5697;145.5697;5.6461;79.792;1.1178;1.3318;-15.5422;-60.2831;12.5891
8029;40.7478;3.0846;120.72;3.3244;78.3379;0.884;1.4254;-10.4983;-46.2518;9.3026
8030;71.4924;5.2683;75.6714;3.0477;54.4935;0.8;1.3533;-8.8727;-43.6117;8.8671
8031;62.5315;8.8705;145.8624;0.9245;44.2557;1.4813;0.4384;-29.5553;-90.1356;50.0
8032;97.0352;5.0177;111.9011;6.8069;89.7042;1.0875;1.7138;-13.4987;-47.4702;9.5184
8033;95.4044;7.1942;117.7898;4.6616;62.9971;0.9382;0.8744;-15.0514;-68.9323;16.0939
8034;84.1362;3.3206;111.8002;7.4256;42.5506;0.9416;1.4439;-11.609;-48.8865;9.7822
8035;64.121;3.7201;68.609;4.3125;46.2465;1.3582;1.9523;-17.1977;-52.0849;10.4351
8036;105.7368;7.5035;74.1159;5.0239;74.8675;1.3785;1.8604;-18.3379;-55.0151;11.1148
8037;42.0454;5.979;88.0245;5.9369;51.3564;0.8968;0.8992;-14.1746;-66.5756;14.9591
8038;44.7359;8.8881;117.4579;7.0583;47.3459;1.0543;0.5398;-19.6624;-82.9355;29.3006
8039;68.4919;6.1298;70.8144;5.3515;67.6198;0.9292;2.3831;-6.1443;-14.5095;5.8486
8040;110.5727;3.9441;95.711;4.6036;62.4856;1.166;1.9073;-13.1418;-45.4754;9.1702
8041;66.3579;4.4157;95.6808;4.6419;54.5951;0.9317;1.1254;-12.922;-59.7372;12.4184
8042;66.7016;7.4279;121.9188;3.0312;53.4054;0.8;0.5938;-13.6998;-75.2571;20.2078
8043;44.0456;4.5396;118.3727;4.0272;51.7227;0.8136;0.8572;-12.5443;-64.8813;14.2374
8044;87.0267;2.9629;77.6812;4.6768;57.2667;1.2317;1.8688;-15.2465;-49.4232;9.886
8045;87.1572;3.8737;143.5727;6.6728;40.3269;0.8659;0.877;-13.1667;-66.2398;14.8104
8046;84.2034;4.3286;74.7658;3.9549;24.3268;1.1701;0.703;-21.0457;-79.9726;24.9658
8047;58.674;2.0156;131.3979;6.194;38.0545;1.0771;0.8361;-18.3564;-74.1247;19.3235
8048;57.2793;5.8721;87.1503;4.4772;65.9526;0.8672;1.2733;-11.1903;-51.0561;10.2158
8049;46.7238;2.1116;104.1833;6.4653;34.9313;0.9695;0.8342;-15.7988;-71.3197;17.4336
8050;71.5097;3.7093;105.8123;5.6151;75.4488;0.8824;1.6219;-9.5181;-38.7349;8.1612
8051;50.5527;6.3955;105.0669;5.5138;31.1304;0.9268;0.4604;-17.394;-83.4396;30.1925
8052;48.8065;4.0497;118.3676;6.0682;20.4443;0.8;0.397;-14.9047;-83.4569;30.2241
8053;62.3736;6.7587;110.2814;5.8497;44.4159;0.9773;0.7398;-16.9601;-74.7656;19.8142
8054;61.1952;3.3845;121.642;6.1957;65.8297;0.8907;1.4241;-10.3471;-46.707;9.3821
8055;60.3164;8.3216;112.317;7.7976;57.6875;1.0154;0.8373;-16.8395;-72.5128;18.1903
8056;78.396;2.7304;72.8976;7.0253;80.1164;1.1112;2.9564;-6.2267;-11.3116;5.6377
8057;71.4229;1.4533;106.9777;5.2996;67.6312;1.1322;1.8866;-12.7676;-44.4529;9.0014
8058;64.8132;7.0873;86.8518;3.9374;72.7382;0.8927;1.3204;-11.6124;-50.6987;10.1417
8059;73.2942;5.9406;75.7815;5.1496;84.0786;0.8791;2.0213;-6.9748;-23.3566;6.5237
8060;52.1525;2.8473;93.0103;1.7107;52.0112;0.9701;1.712;-10.5742;-41.177;8.5001
8061;71.895;8.9927;104.6874;5.8435;55.1651;1.2446;0.6661;-23.0852;-82.1591;28.0255
8062;72.7108;4.2469;106.4408;3.01;70.9519;0.9023;1.3776;-10.9068;-49.1057;9.8243
8063;42.9452;8.1961;130.2136;6.2837;51.646;0.8721;0.6734;-14.7526;-74.2614;19.4261
8064;87.9225;4.2628;138.6562;7.5704;64.3108;0.8024;1.2466;-9.343;-48.2131;9.6549
8065;54.1342;4.0738;108.7705;2.4236;52.3562;1.1069;0.9867;-18.0341;-70.2845;16.8262
8066;71.6256;3.9475;113.8005;4.5245;79.9085;0.9434;1.5973;-11.2771;-43.564;8.8596
8067;90.9594;3.3494;102.4113;3.0034;79.1138;0.8178;1.8711;-5.8913;-23.7377;6.5563
8068;86.6622;4.4314;121.1436;2.0075;59.2547;0.8527;1.1581;-10.8957;-54.7251;11.0436
8069;70.618;3.9663;112.9468;4.4405;54.1425;1.1432;1.0936;-18.243;-68.1127;15.6802
8070;63.475;1.4342;98.647;5.5528;55.373;1.0292;1.6443;-12.2546;-46.7455;9.3889
8071;87.0552;2.987;171.2571;5.7316;71.1358;0.8747;1.1029;-12.2911;-57.9709;11.8965
8072;82.1445;2.7498;87.2366;4.8309;59.372;1.1217;1.7033;-13.6722;-49.385;9.8785
8073;58.8694;7.0309;143.8519;2.1037;66.3459;1.23;0.9034;-20.8447;-75.5162;20.4217
8074;55.6919;4.8352;71.2787;4.7851;70.3382;1.1402;2.0252;-11.7903;-40.7967;8.4455
8075;32.6976;6.0358;122.5568;2.3612;80.5356;1.0422;1.007;-16.025;-67.7943;15.5252
8076;72.7726;8.3056;143.21;2.4595;54.3572;1.3986;0.5428;-27.2052;-87.0638;38.6511
8077;68.5114;5.1347;62.0764;3.1048;61.7633;1.3033;1.7476;-17.6773;-55.3022;11.1862
8078;90.4514;8.9246;103.5348;6.1747;54.2635;1.0126;1.0;-15.759;-67.0816;15.1891
8079;76.463;3.2348;119.5846;5.4179;60.984;1.2237;1.5656;-16.5275;-57.3536;11.7243
8080;94.0161;2.6033;106.5017;5.0839;57.0502;1.1391;1.6788;-14.2229;-50.8738;10.1779
8081;57.4474;3.7008;109.9152;3.3061;52.7453;0.8988;1.0666;-12.545;-60.443;12.64
8082;90.4867;4.0677;103.4642;4.0183;54.3148;1.3773;1.2394;-22.1335;-70.0032;16.6684
8083;60.4795;7.3621;76.0665;2.5448;39.1456;1.4014;0.7491;-26.212;-82.181;28.0599
8084;83.9967;4.5904;180.7621;6.6465;55.3612;1.2707;0.7265;-23.1914;-80.9413;26.2348
8085;43.7423;3.1392;88.1717;7.8959;51.4732;1.1344;1.3597;-16.8826;-60.0435;12.5136
8086;74.2324;5.863;111.465;5.4349;38.2782;1.2082;0.6556;-21.9999;-81.9132;27.6444
8087;34.2756;4.2674;85.0688;5.6976;69.4025;0.9352;1.7669;-9.2588;-37.0253;7.9397
8088;65.1915;2.4623;60.0;4.3616;35.991;1.245;1.4102;-18.0035;-62.2436;13.2428
8089;77.9264;4.6951;79.3638;2.1708;70.3226;0.8;1.8178;-5.8414;-24.26;6.6015
8090;60.6226;7.5726;69.6351;3.3341;69.6669;0.9369;1.532;-10.8311;-45.4909;9.1728
8091;51.0921;6.7649;131.3758;3.9019;71.8525;0.8;0.7674;-12.5689;-68.0243;15.6369
8092;85.2301;4.7581;85.9231;4.0221;78.7075;1.0833;1.9272;-11.1167;-40.7001;8.4317
8093;68.1377;3.5639;87.9393;3.6769;50.1472;1.2287;1.4017;-17.8598;-61.9713;13.148
8094;61.1877;1.9373;76.6376;4.6716;44.3523;1.3907;1.5744;-20.1567;-62.2647;13.2502
8095;70.7541;4.0613;102.3787;3.3247;63.4586;0.9579;1.2921;-12.875;-55.037;11.1203
8096;117.46;5.9396;83.601;7.8516;75.2562;1.0474;1.8765;-11.4342;-40.2821;8.3727
8097;90.7631;3.4776;128.1574;2.5519;54.1083;0.9971;1.0647;-15.3357;-64.4073;14.0478
8098;90.9263;2.8647;107.8434;5.931;64.3289;1.4358;1.6233;-21.2007;-62.3126;13.267
8099;77.8398;7.8638;86.6792;4.2072;67.9795;1.0686;1.1455;-16.1199;-64.2674;13.9928
8100;72.9967;6.5552;123.6838;5.2942;47.5097;1.449;0.7189;-26.8766;-83.4616;30.2327
8101;30.0;5.0954;100.1987;5.3622;41.7775;1.2827;0.8006;-22.9475;-79.1946;24.0323
8102;57.7784;2.3024;100.5389;4.8356;72.928;1.1625;2.5724;-9.3573;-26.2417;6.7789
8103;61.3497;2.3552;69.374;2.8999;65.5995;0.8946;2.4552;-3.9651;-8.5229;5.4658
8104;36.2519;2.0657;98.2385;4.1019;55.3315;0.8051;1.4946;-7.8384;-38.1238;8.0807
8105;49.1665;4.9486;108.3705;4.8536;63.7094;1.018;1.3028;-14.2438;-57.3421;11.7212
8106;34.3449;2.1567;139.5694;4.7597;49.8591;1.0197;0.9325;-16.2403;-69.5168;16.4025
8107;69.3102;6.765;82.8637;3.0653;32.3182;0.8;0.6178;-13.6889;-74.2569;19.4227
8108;84.7378;9.316;176.7431;6.5368;73.1968;1.2417;0.5203;-23.9087;-86.0322;35.7967
8109;89.9219;3.5086;114.9374;0.8596;40.4143;1.0375;0.8285;-17.098;-73.3816;18.784
8110;77.4661;3.9725;68.3962;4.2248;89.4736;1.1247;3.3877;-3.8825;0.4049;4.9798
8111;52.6589;5.6212;80.9532;3.218;81.107;1.4046;1.5123;-21.099;-64.1117;13.9321
8112;35.2228;7.9557;142.6537;4.8732;50.6735;0.8562;0.3829;-16.1454;-85.0921;33.5393
8113;38.3764;7.3462;136.4526;6.1251;52.318;0.8;0.5294;-14.0658;-77.9416;22.6672
8114;47.1583;1.6695;100.4534;2.4895;50.9676;0.8894;1.5599;-9.9364;-41.5377;8.5525
8115;54.0005;2.5039;103.8191;8.1304;45.2756;1.4134;1.3134;-22.5984;-69.0238;16.1414
8116;67.1245;5.9603;74.7402;4.9028;64.4849;1.0017;1.4419;-12.6222;-52.0181;10.4206
8117;51.745;5.4515;139.147;5.1726;66.3299;0.9628;0.8077;-15.9543;-72.0342;17.879
8118;76.1016;2.2787;78.1186;2.4404;73.1725;0.9018;3.1042;-0.1287;14.7387;4.3577
8119;65.8191;4.2456;123.5141;4.5301;28.6673;0.9987;0.59;-17.9403;-80.3073;25.3901
8120;70.1898;6.1822;140.2155;6.0575;63.3488;0.8922;0.9452;-13.2983;-64.6833;14.1576
8121;90.5245;2.7795;101.2112;4.9149;37.8226;0.9063;1.0167;-13.4399;-62.6064;13.3713
8122;48.7558;7.0744;127.367;4.8103;66.9658;1.2328;0.7914;-22.0304;-78.6001;23.3646
8123;77.5367;1.6216;158.7102;4.5222;61.8884;1.679;1.175;-29.16;-76.673;21.4344
8124;69.7485;6.1942;106.9287;2.533;56.9919;0.8449;0.8853;-12.925;-65.0735;14.3158
8125;63.9972;4.9455;95.7121;2.5244;86.965;0.8983;1.8408;-7.7652;-31.6951;7.3201
8126;85.9346;3.2517;98.3426;6.354;54.6487;0.8944;1.4792;-10.8055;-44.875;9.0703
8127;85.8223;5.6921;83.0484;5.9234;60.4867;1.3747;1.3815;-21.3212;-66.5016;14.9261
8128;52.9632;6.1957;82.5806;6.1454;44.1862;1.1638;0.8128;-19.9857;-76.7209;21.4785
8129;66.7211;7.9034;111.695;3.3658;68.4707;0.9499;0.9478;-14.5793;-66.7384;15.0324
8130;75.0618;3.5159;95.9841;4.3636;52.1136;0.9044;1.396;-10.8904;-48.5488;9.718
8131;65.0859;5.4305;108.5339;6.4477;76.0533;1.3668;1.6765;-19.6615;-59.1151;12.2295
8132;80.5304;4.8594;68.9021;2.757;58.6333;1.0083;1.8867;-10.4202;-37.624;8.0159
8133;75.0615;4.3809;97.7111;6.2948;58.1181;0.9922;1.3233;-13.1707;-55.5447;11.2473
8134;102.9861;7.3005;129.373;3.7202;26.2018;0.8;0.347;-15.1623;-85.54;34.5782
8135;42.455;0.7743;75.5987;3.3172;61.8349;1.1725;2.3554;-10.7037;-33.0382;7.4669
8136;67.7962;3.0906;100.414;4.5521;68.9374;0.9986;1.5622;-11.7726;-47.8507;9.5879
8137;53.647;4.4588;62.8982;2.9245;38.7592;1.0216;1.1765;-14.8606;-61.6126;13.0251
8138;80.8739;2.5578;72.1541;1.7547;76.0033;1.0208;2.5402;-6.3138;-17.0549;6.0281
8139;40.8909;7.5247;122.3744;4.714;71.3417;1.2069;0.7263;-21.8117;-79.9404;24.9258
8140;76.2336;5.159;92.5593;5.4014;50.1944;0.8;1.4369;-8.4014;-40.1274;8.3511
8141;58.6591;4.1076;157.699;6.4229;54.094;0.8;0.7185;-12.6527;-70.0611;16.7007
8142;56.7851;6.4897;111.4171;5.5105;87.5333;1.4796;1.224;-24.6653;-72.4238;18.1316
8143;43.963;3.9571;114.1849;7.5481;60.1168;0.8;1.0583;-10.9104;-55.9035;11.3388
8144;61.6286;4.5825;76.4051;6.6416;44.0312;0.8585;1.247;-10.7614;-51.5819;10.3267
8145;89.521;0.7556;90.8213;5.7071;83.7359;1.2843;3.946;-2.1582;2.4193;4.8819
8146;69.5466;3.5053;83.2636;5.3029;59.7329;1.0101;1.8255;-10.7909;-39.7573;8.2998
8147;81.2982;2.3156;76.6163;6.4452;69.3729;1.0119;2.995;-3.1332;-1.3461;5.0682
8148;99.9636;5.4573;118.0542;1.2805;53.1017;1.3745;0.8069;-24.7879;-80.4316;25.5514
8149;74.7476;4.114;124.1262;3.8799;80.1748;0.8914;1.5919;-9.5027;-40.4721;8.3994
8150;59.9416;3.1858;110.4877;1.8123;59.6521;0.8983;1.108;-12.8866;-58.8838;12.1607
8151;78.4105;4.0511;81.3006;5.5946;42.9292;1.1643;1.1822;-17.863;-66.153;14.7723
8152;60.2027;2.7313;108.6197;3.4859;64.4349;1.0325;1.3388;-14.0592;-56.7768;11.5679
8153;60.9204;7.768;61.9917;9.1295;54.6939;1.2283;1.7852;-15.4864;-51.5557;10.3211
8154;42.6419;1.6322;139.2015;3.8231;68.1068;0.879;1.2126;-11.2649;-54.0176;10.8737
8155;86.6726;7.0084;72.2862;4.7595;70.8526;1.0406;1.5734;-12.8082;-49.6021;9.9211
8156;63.052;4.2996;75.5697;3.9966;55.4446;0.9855;1.918;-10.1131;-35.126;7.7073
8157;73.2778;4.9661;102.9242;3.8668;62.3998;0.9247;1.3728;-11.0686;-50.5164;10.1044
8158;51.3527;3.19;105.2365;2.7302;60.8553;0.8;1.2567;-9.5147;-47.6384;9.549
8159;77.8471;8.5118;98.1977;2.6798;35.6391;0.9193;0.4422;-17.352;-83.9643;31.1804
8160;56.2851;3.0894;75.7651;1.3308;66.6511;0.8978;1.8436;-7.5915;-31.5532;7.3049
8161;67.4492;4.7713;132.7552;5.4182;57.4894;1.2848;0.8251;-22.8843;-78.5936;23.3575
8162;85.8009;9.3383;65.607;3.963;50.1676;1.1201;0.9748;-18.4979;-70.9916;17.2364
8163;84.2337;7.188;69.017;7.5004;58.656;1.0929;1.3486;-14.9714;-58.8696;12.1565
8164;69.6035;4.4472;97.3609;2.7338;41.0504;0.9642;0.8042;-16.2463;-72.2;17.9856
8165;38.1736;9.1999;72.9017;6.8145;63.3158;0.8366;0.9203;-12.4583;-63.3341;13.6366
8166;123.8706;5.5437;135.7516;6.9584;48.5145;1.0455;0.803;-17.7012;-74.3988;19.5303
8167;101.4255;2.7264;74.4864;6.5156;36.1285;1.3279;1.5686;-18.6456;-60.6254;12.6985
8168;83.0081;3.7129;147.5883;4.9522;72.8757;0.8422;1.1117;-11.2554;-56.0012;11.3639
8169;56.4423;3.3475;129.5349;4.0927;50.2703;1.095;0.8207;-18.4473;-75.0169;20.0135
8170;67.9553;3.3952;136.1741;6.5141;57.1756;0.9133;1.116;-12.4717;-59.2702;12.276
8171;60.2184;6.0088;160.2839;3.4128;70.2919;0.9989;0.8568;-16.4474;-71.4098;17.4885
8172;92.7494;4.742;102.0515;5.0061;43.1977;0.9693;0.9238;-15.3749;-68.2324;15.7393
8173;74.7251;1.4512;77.6279;4.5344;55.8728;1.0941;2.715;-5.9194;-17.2858;6.0449
8174;55.8851;7.1452;97.4577;3.2629;68.2676;0.9693;0.9246;-15.3828;-68.2009;15.7237
8175;61.5264;3.1616;86.7911;5.0171;72.422;0.9043;2.2731;-4.8718;-16.2091;5.9672
8176;90.1814;9.559;83.753;5.7128;57.3711;0.8;0.9342;-11.6227;-61.0742;12.8449
8177;98.8018;8.2546;103.8434;3.2038;77.0817;1.045;1.0805;-16.1324;-65.535;14.5075
8178;97.51;8.0114;92.5033;5.2902;34.0572;1.1299;0.5284;-21.1167;-84.4101;32.072
8179;83.6266;6.456;82.8571;1.2565;73.3453;1.0126;1.4778;-12.8125;-51.3528;10.2781
8180;65.4528;2.789;94.0493;3.0263;59.0948;0.9855;1.4741;-12.4476;-50.1406;10.0282
8181;30.0;4.4251;114.7109;3.914;68.5857;1.3463;1.1042;-22.1829;-72.6611;18.289
8182;75.3489;2.8081;127.0111;5.136;46.0421;1.3829;0.9499;-24.1415;-77.1036;21.8375
8183;69.9671;2.9834;66.983;5.904;50.7164;1.239;1.8626;-15.6566;-49.8892;9.9779
8184;72.5197;4.9136;92.7001;4.7242;54.0176;1.0692;1.1237;-16.1925;-64.9688;14.273
8185;70.9702;1.4848;96.5281;5.4499;49.2362;1.0196;1.5563;-12.8125;-49.1214;9.8273
8186;46.1273;8.5749;74.4063;4.3591;47.8133;0.81;0.6791;-13.6087;-72.0526;17.8907
8187;80.0334;7.6744;97.0517;5.2071;51.4837;0.8;0.7914;-12.711;-67.0264;15.1636
8188;81.3799;3.5829;103.7692;5.1279;54.5646;1.3154;1.7188;-17.7321;-56.446;11.48
8189;82.2821;4.3233;113.8497;3.8365;54.4959;1.0231;1.1779;-14.6747;-61.6207;13.0279
8190;87.0384;4.0416;101.9477;4.0669;64.1587;1.9706;1.6799;-32.6623;-71.5846;17.5961
8191;80.8729;7.2011;80.2328;5.5002;61.9448;0.8898;1.1023;-12.4662;-58.7055;12.1081
8192;62.6195;5.4494;165.3687;7.3181;81.3002;1.0891;0.9793;-17.5966;-70.0295;16.6831
8193;68.7249;3.0714;123.0329;6.4102;74.6899;1.2268;1.5377;-17.7259;-58.2185;11.967
8194;71.6402;3.9349;114.8182;2.9063;55.5331;0.8776;1.1471;-11.9139;-56.4291;11.4756
8195;71.9386;3.8377;128.5577;2.9116;42.0694;0.9475;0.7322;-15.9698;-74.2421;19.4116
8196;87.9679;8.3556;106.3061;3.7966;53.9071;0.9619;0.7907;-15.702;-72.6004;18.2484
8197;81.586;2.5405;137.9299;4.7484;73.1195;0.9218;1.3645;-11.25;-50.6624;10.1343
8198;107.3922;1.9586;101.432;4.6724;55.2637;1.083;2.1812;-9.8155;-32.868;7.448
8199;109.7164;7.1824;100.0437;6.4604;66.5904;1.011;1.2215;-14.6212;-59.7288;12.4158
8200;71.4337;7.3789;117.2112;6.5427;48.2145;0.8;0.5885;-13.9278;-75.4794;20.391
8201;30.0;7.0795;148.3033;4.6085;48.2923;1.0223;0.4428;-19.5306;-85.5613;34.6292
8202;92.263;4.2974;145.9381;4.2585;47.0135;1.0776;0.8514;-18.0974;-73.6639;18.9854
8203;60.2732;5.2432;115.9759;5.3751;70.5545;0.9919;1.3154;-13.2498;-55.7968;11.3114
8204;55.5733;4.6115;113.7864;6.1948;47.5267;1.3901;0.866;-24.9561;-79.2335;24.0772
8205;62.828;1.7843;119.0068;5.4287;79.0082;1.0721;2.0841;-9.9889;-35.2004;7.7161
8206;61.9604;4.8157;127.9418;3.9527;76.7961;1.0047;1.2754;-14.1465;-57.6869;11.8167
8207;81.0209;1.0686;138.3592;3.6816;53.4176;1.1995;1.1759;-19.073;-67.3213;15.3005
8208;41.9302;3.3001;94.2569;2.9341;75.0521;1.5735;2.3329;-20.2837;-50.5786;10.1171
8209;50.601;7.8781;139.0294;4.8902;70.4134;0.9717;0.621;-17.1184;-78.6992;23.4733
8210;76.1769;3.197;108.9533;5.5347;56.7827;1.2346;1.2794;-19.0011;-65.4563;14.4744
8211;81.213;7.9996;117.6722;5.7023;65.5009;1.4445;0.9119;-25.753;-78.9574;23.7614
8212;81.5477;2.9374;141.2678;6.3276;90.9694;0.9549;2.1503;-6.5793;-24.9385;6.6612
8213;55.8333;3.2486;120.5345;6.8205;63.9813;0.8;1.3044;-9.2572;-45.6515;9.1999
8214;52.3912;5.029;125.7341;2.5376;76.8954;1.0916;1.0825;-16.9399;-66.9449;15.1263
8215;60.8806;6.0186;90.7234;5.2071;67.2812;1.3093;1.1667;-21.1352;-70.2967;16.8331
8216;74.3177;4.2417;145.4377;5.2589;48.7434;0.9445;0.7243;-16.3002;-74.4382;19.5604
8217;96.7386;7.2001;118.9962;4.4891;50.6599;1.245;0.7635;-22.1315;-79.5576;24.4589
8218;33.1461;1.4776;103.2018;3.3575;72.2902;0.8421;2.1597;-4.8022;-14.5106;5.8487
8219;66.0269;7.7253;131.6884;6.7669;80.0338;0.9518;0.8834;-15.2569;-69.0609;16.1608
8220;46.0118;2.6592;190.9722;3.7171;70.8267;0.9817;0.8879;-15.4849;-69.8504;16.584
8221;40.2596;7.2255;74.6596;1.3111;64.5088;0.9725;0.9531;-15.2506;-67.3323;15.3056
8222;87.4052;3.6879;81.7967;4.6301;62.306;0.8421;1.8279;-6.9955;-27.6411;6.91
8223;79.8032;6.6651;195.6831;4.2432;65.0235;0.9351;0.526;-17.1897;-81.2519;26.6694
8224;78.0898;5.3273;111.2571;7.3865;57.3414;0.8;1.1261;-9.9323;-53.0786;10.6561
8225;86.5785;2.5442;104.8874;5.3345;46.0358;1.1487;1.2811;-17.0113;-62.8227;13.4491
8226;61.3651;7.6655;97.1566;4.1421;23.1683;1.0073;0.2977;-20.0735;-90.1474;50.0
8227;62.2125;2.9148;135.2709;4.3047;55.003;1.2586;1.0134;-21.1725;-73.1606;18.6293
8228;109.3432;2.908;192.0935;4.2874;65.2765;0.9823;1.09;-14.6689;-63.0099;13.5171
8229;65.5617;6.4847;84.6795;7.9257;74.8496;0.8;1.5665;-7.7149;-34.7279;7.6602
8230;83.2324;2.0857;97.6072;5.6132;67.7793;1.0659;1.9378;-11.1555;-39.4001;8.2508
8231;70.1149;2.7964;91.6052;2.4893;55.6788;0.876;1.4157;-10.2139;-46.1282;9.2813
8232;36.7313;4.255;120.1074;4.2333;47.4293;1.2384;0.765;-22.2356;-79.4074;24.2806
8233;33.1967;6.6424;135.7437;4.5646;87.2849;0.9585;1.1795;-13.0698;-58.9835;12.1902
8234;59.5783;2.3716;149.9652;2.9386;68.9581;1.4964;1.4277;-24.5822;-68.1966;15.7216
8235;89.0098;4.5155;121.1282;1.9256;57.7808;0.8362;0.9806;-12.2254;-60.9123;12.7918
8236;84.1892;5.6179;187.7297;5.4933;67.2139;1.0505;0.6635;-18.9804;-78.9462;23.7487
8237;86.4534;6.9553;86.6158;3.3931;59.6345;1.1272;1.0642;-17.9176;-68.5286;15.8874
8238;52.2332;7.93;81.1691;6.4732;74.8355;0.9361;1.2705;-12.5978;-54.7594;11.052
8239;99.0857;6.2156;144.3883;4.6123;46.9371;0.8;0.6767;-12.986;-71.8055;17.7339
8240;52.6319;5.1951;103.1184;3.8886;70.7239;0.9607;1.4012;-12.6524;-51.3852;10.2849
8241;73.8308;3.8629;70.894;0.9749;80.5656;0.8;3.501;3.5255;45.8731;3.4276
8242;69.8137;2.1318;92.4025;6.4335;54.0153;0.8696;1.7433;-7.7062;-33.1788;7.4827
8243;66.8703;5.6065;106.6001;5.0403;40.3264;0.965;0.6253;-17.0521;-78.4004;23.1486
8244;94.0947;9.305;85.0814;3.9277;73.9187;1.2216;1.0681;-19.9132;-70.8564;17.1564
8245;57.308;5.8161;77.5952;3.2646;63.64;1.0575;1.423;-14.2654;-55.1466;11.1474
8246;45.7071;1.13;94.9417;6.9986;62.0766;0.9224;2.0605;-7.1155;-25.5371;6.7148
8247;70.3599;4.2122;76.6337;3.0037;60.0613;0.9111;1.6398;-9.8288;-40.0063;8.3342
8248;62.8031;4.9378;117.2083;4.047;73.8313;0.8957;1.2583;-11.7139;-53.1729;10.6776
8249;130.7929;5.4572;61.5112;5.4546;70.648;1.2019;3.2252;-6.1868;-10.5535;5.5899
8250;82.1771;5.6828;102.2864;6.7761;86.6935;0.8;1.757;-6.4509;-26.7915;6.8298
8251;62.6319;4.5791;113.8689;4.2755;86.0107;0.8442;1.5796;-8.9603;-37.6274;8.0163
8252;50.99;2.8032;97.7619;3.4978;54.0344;0.8;1.4402;-8.6736;-39.9912;8.3321
8253;36.1548;8.0395;131.4302;4.4399;84.6237;1.1243;0.7668;-19.6586;-77.2648;21.9923
8254;51.5461;5.5087;70.9894;5.9567;52.7758;1.3537;1.2737;-21.7842;-68.6378;15.9427
8255;72.069;2.8717;83.9228;6.2941;59.8464;1.1216;1.8017;-12.8554;-46.4562;9.3381
8256;95.6919;3.2869;92.0803;2.5373;85.3835;1.138;2.4177;-9.4042;-29.1815;7.0603
8257;90.1904;7.7214;119.5042;4.7724;39.6894;0.9003;0.4711;-16.769;-82.5576;28.6658
8258;74.1237;7.2646;105.6146;2.4486;68.551;1.1025;1.2058;-16.6315;-63.5437;13.715
8259;64.183;3.7105;170.8886;5.9263;50.6101;0.8605;0.6639;-14.6444;-74.2849;19.4439
8260;74.8386;1.4538;81.7547;5.2336;42.4647;0.8914;1.526;-10.0268;-42.9347;8.7619
8261;60.6645;1.5732;70.5571;3.2182;86.1351;0.9925;4.7113;6.2944;58.2307;3.1599
8262;100.9306;3.0993;156.404;6.9012;60.7611;1.0085;1.3221;-13.6968;-56.301;11.4419
8263;66.5946;5.0338;69.9273;5.1025;83.3889;1.4311;2.6901;-14.3586;-37.3422;7.9799
8264;68.4459;4.7416;118.6213;4.9378;58.6043;1.1892;1.449;-17.2655;-59.385;12.3107
8265;30.1152;5.0654;78.2965;4.3313;61.9591;1.0234;1.3275;-13.7177;-56.7618;11.5639
8266;66.4822;5.664;60.0;4.5879;34.5447;1.4076;1.0158;-24.2401;-75.9456;20.7863
8267;85.0567;1.1723;91.056;4.0278;60.3012;1.6171;2.0116;-22.945;-58.5357;12.0586
8268;50.781;2.0798;125.2166;3.4882;41.998;1.004;0.8959;-16.1688;-70.2541;16.809
8269;56.487;3.4736;73.6797;6.4437;76.3121;1.0796;2.3824;-8.6434;-26.4405;6.7972
8270;84.2688;2.4178;115.4911;3.8609;52.6888;0.8;1.3041;-8.9639;-45.6614;9.2016
8271;43.4202;1.8375;121.0116;3.8104;54.503;1.0336;1.0244;-16.1799;-66.9635;15.1348
8272;89.0404;5.1137;72.7659;4.4061;64.795;0.8732;1.8133;-7.0935;-30.7767;7.223
8273;60.4214;6.4957;94.465;6.7368;52.0613;0.8;0.9226;-11.419;-61.5581;13.0066
8274;63.0058;5.9441;148.3299;6.2967;47.8929;1.2189;0.6183;-22.7485;-83.0899;29.5682
8275;49.7702;6.5119;117.6623;4.0077;59.6384;1.0215;0.7276;-17.8514;-76.2576;21.0594
8276;76.8048;5.2861;93.6718;6.4402;34.7743;0.8404;0.957;-12.3424;-62.0448;13.1734
8277;114.2777;5.8048;110.9405;4.7622;58.8523;0.8;1.2202;-10.1475;-49.1565;9.8341
8278;84.067;3.0411;84.2555;3.3349;43.7042;0.8854;1.2915;-11.3251;-51.3743;10.2826
8279;54.4429;9.3181;132.1046;3.8858;65.8885;0.8739;0.5875;-15.3121;-77.5914;22.3128
8280;90.4412;2.5857;132.0902;6.6599;29.7467;0.9781;0.6807;-17.2537;-76.8012;21.5529
8281;64.2998;2.757;103.0688;7.7243;60.78;0.8;1.5841;-7.7015;-33.9956;7.5752
8282;94.7407;3.1235;105.9372;5.0797;75.0455;1.0897;1.9134;-11.9671;-41.4702;8.5427
8283;84.5202;8.7192;77.9035;3.7502;49.5085;1.1369;0.8898;-19.4752;-73.9116;19.1656
8284;30.0;9.1175;71.3189;4.4126;54.2258;0.8;0.7401;-12.7553;-69.1627;16.2141
8285;51.9266;6.3068;91.0145;3.4563;73.5124;0.8;1.3121;-9.4053;-45.3298;9.1458
8286;86.9989;5.0333;97.8387;3.6749;56.1184;1.2249;1.1217;-19.5758;-69.4775;16.3813
8287;72.7298;4.3506;130.4287;3.5274;86.8148;0.9706;1.4054;-12.3646;-51.7363;10.3597
8288;51.5724;8.6022;125.9364;4.481;80.7577;1.1365;0.7304;-20.0545;-78.5774;23.3398
8289;58.5954;5.501;104.7292;4.781;54.9534;1.0223;0.8871;-16.791;-71.0776;17.2876
8290;35.6877;8.0829;134.667;4.3778;43.9127;0.9825;0.3851;-19.0761;-86.9353;38.2711
8291;68.4093;3.2584;78.9882;4.268;73.4006;1.2299;2.1289;-13.4519;-42.304;8.6661
8292;109.7924;3.3439;130.9093;5.7407;80.7175;1.183;1.8739;-14.1955;-47.202;9.47
8293;84.4888;6.8918;82.0692;4.2562;64.4661;1.08;1.4658;-13.7714;-54.7574;11.0515
8294;109.4275;2.3865;136.3321;4.3525;71.9211;1.0949;1.726;-13.2248;-47.4523;9.5152
8295;85.8831;8.1037;99.6669;4.3352;61.7397;0.9168;0.932;-13.9071;-66.1144;14.7555
8296;88.4946;4.277;60.6791;6.9149;63.8876;1.1172;2.3954;-9.8633;-28.5326;6.9962
8297;105.5334;7.7879;120.0261;3.8632;40.5899;1.3644;0.5337;-26.5154;-86.9617;38.3485
8298;76.7907;3.359;122.4321;5.4944;38.3421;1.2273;0.8352;-21.383;-77.3163;22.0423
8299;66.6299;5.6539;89.2129;3.4774;86.5883;0.8;1.9607;-4.9461;-18.3022;6.1201
8300;88.5878;4.1358;91.1362;5.1249;81.0351;1.0946;2.0162;-11.8069;-38.5997;8.1433
8301;96.1691;5.0183;96.0899;5.4193;62.9283;1.1127;1.4153;-15.7888;-57.6023;11.7931
8302;61.3606;4.259;61.7987;6.2264;62.9734;1.2543;2.262;-13.3885;-39.8857;8.3175
8303;57.0118;8.5212;60.0;4.0236;50.6941;1.281;1.1293;-20.7437;-70.6131;17.0144
8304;72.4994;5.4751;138.4593;2.9291;69.428;1.1042;0.775;-18.9378;-76.6039;21.3711
8305;84.967;2.9431;81.3819;3.424;25.5315;0.8;1.0676;-10.9203;-55.5153;11.2398
8306;84.3656;7.5492;159.013;6.0468;74.4727;0.9777;0.8687;-15.7759;-70.382;16.8816
8307;44.365;3.1482;140.8606;7.7226;56.2761;0.8532;0.9095;-13.03;-64.4668;14.0713
8308;104.4089;3.5356;147.964;5.8517;55.1476;0.8;0.9729;-11.5165;-59.4611;12.3338
8309;58.459;2.0574;84.9953;2.7068;44.9443;1.3223;1.3881;-20.0818;-65.0069;14.2885
8310;65.2288;7.4208;66.8914;5.801;48.7651;0.9114;1.2639;-12.0136;-53.7725;10.8161
8311;53.7522;3.1099;76.2067;3.1843;58.8951;1.4886;1.8178;-21.5673;-59.2975;12.2843
8312;118.5699;2.9798;89.439;4.0763;63.6224;0.926;2.0812;-7.0593;-25.0794;6.6737
8313;74.3573;7.6973;60.0;4.8808;52.4611;0.8669;1.2574;-10.8823;-51.6511;10.3415
8314;54.6824;6.4038;88.7935;5.1331;78.8082;1.1279;1.4335;-15.7383;-57.636;11.8025
8315;85.5506;2.3305;95.083;4.6982;81.1101;0.9844;2.4494;-6.0172;-17.0597;6.0284
8316;83.8444;6.0834;72.3536;3.6983;63.1212;1.0571;1.84;-11.5724;-41.981;8.6179
8317;66.6209;7.5952;77.0958;6.1899;42.3335;0.8978;0.8569;-14.3925;-68.1851;15.7159
8318;85.1309;1.8655;94.6344;3.8087;43.1336;0.8977;1.4143;-10.3848;-47.4873;9.5215
8319;55.1447;6.5907;109.3159;6.4818;39.4714;0.9068;0.5363;-16.4803;-80.2871;25.3641
8320;61.1275;4.514;80.035;2.5609;63.1245;0.8119;2.191;-3.7014;-10.0424;5.5582
8321;33.8161;5.3098;107.5798;4.9233;83.9147;1.2132;1.2135;-18.7761;-66.6588;14.9965
8322;46.1689;4.1927;103.4803;2.7608;62.8691;1.042;1.1347;-15.6284;-63.7019;13.7748
8323;102.5374;5.5171;101.179;3.3489;61.476;1.0312;1.2219;-14.8047;-60.5023;12.659
8324;99.5457;1.3999;84.9588;3.8305;68.1417;1.1425;2.4081;-9.0054;-29.7428;7.1167
8325;71.1842;6.0276;71.6523;6.8809;60.3134;1.074;1.486;-14.5336;-53.8808;10.8415
8326;99.9328;1.3899;152.8234;6.562;63.4966;1.5727;1.7621;-23.6701;-62.6537;13.3882
8327;67.1187;3.9815;117.067;5.9114;75.5502;1.0891;1.4598;-14.5627;-55.3204;11.1908
8328;65.6186;2.3935;128.5867;4.6499;55.8227;0.8;1.0764;-10.9095;-55.1504;11.1484
8329;71.0172;6.5748;97.931;4.8821;58.8542;0.9059;0.913;-13.9644;-66.4071;14.8841
8330;67.7514;3.2441;95.9823;6.4997;52.9081;0.8299;1.3977;-9.0624;-43.8614;8.9065
8331;66.1265;3.9748;113.0506;5.652;77.1404;1.098;1.4825;-14.676;-54.9944;11.1097
8332;90.5812;3.8366;63.2122;4.627;46.1432;0.9206;1.8224;-8.2257;-34.0176;7.5778
8333;72.7024;6.1104;75.6797;6.83;63.6306;1.1054;1.4992;-14.9027;-54.7926;11.0601
8334;82.8247;4.126;81.9186;5.8218;48.3225;0.8722;1.3311;-10.4916;-49.1293;9.8288
8335;88.5648;6.2538;89.2578;4.9636;49.2378;1.0396;0.9909;-16.141;-68.2265;15.7364
8336;76.9873;1.8213;80.258;3.9115;63.4587;0.9;2.3686;-3.8198;-12.2727;5.6995
8337;52.5351;2.6332;108.6761;3.7761;53.7106;0.9344;1.2835;-12.3035;-54.2104;10.9195
8338;45.6484;4.539;102.0571;4.0957;40.9886;1.0462;0.6788;-18.6091;-78.3718;23.118
8339;72.6781;8.1242;141.6538;5.2855;50.0006;1.0945;0.4877;-20.9487;-85.1478;33.6651
8340;66.9174;1.8325;185.603;5.8537;24.2975;1.3307;0.3608;-26.6359;-90.9631;50.0
8341;71.573;1.5116;72.9269;2.4336;51.368;1.2539;2.089;-14.6897;-44.4669;9.0036
8342;69.711;2.4282;103.7513;1.6801;58.7394;1.2076;1.3248;-17.9058;-63.4311;13.6728
8343;116.5043;5.115;103.7051;3.1728;68.4101;1.0902;1.4083;-14.9357;-56.9398;11.6116
8344;46.0559;3.6781;99.6457;3.9885;48.1375;0.907;1.0545;-13.1764;-61.2473;12.9023
8345;34.181;6.594;76.2459;6.3939;54.7146;1.1325;1.0421;-18.1682;-69.3262;16.3006
8346;75.9828;1.8071;79.509;4.1794;46.7793;1.2697;1.6747;-16.5155;-56.0341;11.3724
8347;63.2244;2.6598;106.1944;4.9822;71.5888;1.2699;1.7279;-17.123;-54.6443;11.024
8348;75.6892;3.1774;78.9514;5.2269;49.349;1.0032;1.4179;-13.239;-52.8909;10.6137
8349;80.5099;5.0178;104.0621;3.0646;55.8878;0.9336;1.1401;-13.441;-59.2926;12.2828
8350;93.1139;5.4244;94.0365;6.7898;73.3513;1.1716;1.8271;-14.288;-48.0197;9.619
8351;42.8699;2.2175;103.6049;3.6028;57.1088;0.8;1.1785;-10.0143;-50.8958;10.1824
8352;59.9791;8.0669;78.7946;6.9397;56.2679;1.3762;1.0559;-23.0833;-74.4243;19.5498
8353;77.7177;3.3803;104.0152;4.4107;79.0319;1.2784;1.8582;-16.4092;-51.5473;10.3193
8354;83.8683;5.6326;80.2328;4.0937;87.4077;0.9455;1.9363;-8.5044;-31.7361;7.3245
8355;109.4821;4.375;104.0992;2.9338;68.9154;0.9359;1.5753;-10.5411;-43.8938;8.9117
8356;87.2027;2.8001;139.7729;4.8959;32.7735;1.5147;0.6272;-29.1629;-86.1971;36.2242
8357;68.9778;6.8022;106.7422;7.9816;67.1235;0.8131;1.0176;-11.3483;-58.2809;11.9849
8358;53.9722;6.5233;108.3794;5.2204;47.8918;0.949;0.6778;-16.3889;-76.191;21.0004
8359;59.8428;3.6627;122.6668;5.0057;40.6622;1.4197;0.7784;-25.899;-81.7226;27.3562
8360;59.3313;4.7696;70.4061;3.6001;47.2065;0.8068;1.15;-10.3907;-52.4902;10.5241
8361;81.7942;2.9745;153.6843;5.488;52.0977;1.0329;0.8656;-17.3644;-72.0644;17.8983
8362;74.626;5.4585;76.8052;4.8364;41.9248;0.9533;1.3013;-12.3459;-54.4992;10.9888
8363;46.1743;3.2214;124.5971;4.5057;42.1432;1.51;0.6499;-28.9945;-85.6527;34.8497
8364;62.1538;6.7799;120.5299;5.3422;64.4665;0.8971;0.9318;-13.8633;-65.3759;14.4408
8365;85.7959;2.7722;79.8084;1.8762;74.1793;0.8;2.3436;-1.9441;-2.3517;5.1204
8366;76.3299;1.0929;128.6881;4.4492;55.8012;1.0496;1.4559;-13.9508;-53.7629;10.8138
8367;80.2356;3.0255;113.2529;2.8045;43.9416;0.8971;0.9019;-13.9182;-66.4873;14.9197
8368;76.8926;2.6301;160.3991;4.6433;62.5198;1.1269;1.0313;-18.0984;-69.4941;16.3903
8369;99.2758;4.2817;104.9532;3.5137;73.4658;1.0906;1.8444;-12.983;-43.6299;8.87
8370;74.2488;2.6995;97.3229;3.6162;80.2629;0.8;2.4828;-2.3691;3.4495;4.8333
8371;63.0516;6.0316;87.9246;2.5998;52.3183;1.4448;0.9516;-25.3692;-78.0452;22.7741
8372;53.5164;2.8943;64.6722;6.2735;68.364;0.885;3.1195;-0.1644;17.4905;4.2557
8373;74.493;5.5856;92.3525;3.5834;76.185;0.9041;1.4103;-10.6191;-48.0065;9.6166
8374;30.0;4.7055;93.335;3.6636;45.0124;1.1225;0.7306;-19.7739;-78.3047;23.0465
8375;66.6828;9.0438;106.7708;6.8959;59.6746;1.3862;0.8951;-24.6556;-78.4773;23.2313
8376;66.2949;9.9189;70.063;5.4519;71.9592;0.8;1.1731;-10.3794;-51.1211;10.2294
8377;45.4395;7.0544;94.1997;1.548;60.4996;0.9117;0.8392;-14.371;-69.3162;16.2952
8378;53.2912;6.0049;115.4957;6.678;56.6673;1.2109;0.8272;-21.143;-77.2291;21.9579
8379;84.5738;3.6125;118.3975;7.0718;41.5676;0.8918;0.9015;-14.0185;-66.3048;14.8389
8380;74.1528;5.9494;62.8164;6.9316;64.2172;1.032;1.8156;-10.7824;-41.354;8.5257
8381;71.8322;8.3026;119.3156;5.6023;61.9332;0.9206;0.7365;-15.4689;-73.3338;18.7503
8382;75.5143;1.2451;94.0218;2.9474;69.4088;1.104;2.0658;-11.0043;-37.6284;8.0165
8383;71.6673;4.4567;95.4801;4.5262;53.9746;0.8;1.2925;-9.6869;-46.145;9.2842
8384;92.3715;2.7754;60.0;2.4273;40.8212;1.0654;2.0618;-10.4518;-35.4907;7.7508
8385;72.2217;4.5777;145.2655;3.301;42.9462;1.102;0.6036;-20.2164;-81.7427;27.3863
8386;43.7522;4.0434;104.5191;2.9337;18.1132;1.1459;0.3925;-22.4671;-88.5834;43.796
8387;99.3423;4.6886;68.1905;3.6595;83.6318;0.9005;2.7864;-3.3784;3.149;4.8474
8388;76.6661;4.5355;109.834;4.8459;39.2356;1.3359;0.7995;-24.1145;-80.0513;25.0643
8389;59.3934;8.3712;108.9937;3.9326;52.1521;0.8;0.5431;-14.0203;-77.3691;22.0937
8390;47.4388;4.5429;135.7488;3.8682;61.1771;0.8758;0.9059;-13.5177;-65.5214;14.5018
8391;77.1265;6.8023;92.5499;4.1637;35.2766;1.6303;0.6023;-31.8736;-87.6849;40.6006
8392;67.8909;3.2745;100.3004;6.8492;73.8113;1.0058;1.7583;-10.4171;-41.7291;8.5806
8393;98.3346;3.8872;85.1546;7.8456;46.0362;1.2523;1.3834;-18.5915;-63.1777;13.5787
8394;63.7737;4.0656;116.1239;3.924;52.2001;1.0386;0.8949;-16.85;-71.2786;17.4086
8395;54.9271;3.0744;82.2117;5.1041;66.5177;1.4157;1.895;-18.7859;-55.3826;11.2064
8396;86.1243;3.5779;79.9917;3.3381;65.5769;0.9623;2.0798;-8.4974;-27.9555;6.9402
8397;86.6551;4.8329;98.3193;5.7515;58.8568;1.0458;1.4051;-14.336;-55.2142;11.1643
8398;73.0357;4.7163;73.6044;3.8853;28.4356;1.1911;0.7835;-21.1647;-78.0748;22.8048
8399;82.1744;5.083;149.262;3.5333;69.587;1.3588;0.874;-23.9085;-78.5592;23.3201
8400;69.3216;3.4346;161.9013;7.6024;57.6816;0.8;0.9181;-11.7309;-61.7457;13.0704
8401;74.2096;3.2548;89.2796;2.5659;64.6463;1.1092;2.1693;-10.345;-34.8094;7.6698
8402;90.9698;4.9179;70.7054;0.9208;59.114;0.8432;2.0145;-6.1762;-20.3625;6.2785
8403;81.2557;2.2764;108.779;5.7022;70.5096;0.989;1.9037;-9.4242;-35.8403;7.7931
8404;66.9531;2.9514;88.6454;4.0486;63.0295;0.8984;1.8643;-7.5977;-30.8293;7.2285
8405;94.3425;1.5003;134.1342;3.631;70.0792;0.8;1.7135;-6.8382;-28.604;7.0032
8406;30.0;1.8132;82.1366;8.6975;76.7273;1.2356;2.4384;-12.2753;-34.2188;7.601
8407;106.9373;2.9042;114.5829;5.6953;71.917;0.8;2.0489;-5.0573;-14.6289;5.8568
8408;39.2927;1.181;102.8908;4.5122;42.0356;0.9862;1.0881;-14.981;-63.2224;13.5952
8409;58.7123;2.9142;84.4454;3.5381;38.9831;0.9788;1.0441;-15.0854;-64.444;14.0623
8410;69.2635;5.21;106.185;5.2687;69.4853;0.8529;1.1973;-11.5007;-53.2097;10.686
8411;67.3633;1.7047;124.562;2.0007;83.9827;1.1363;1.7953;-13.6003;-47.3347;9.4939
8412;88.1154;3.8798;102.195;3.8258;47.6111;0.9295;1.0611;-13.5285;-61.9487;13.1402
8413;50.9589;7.5962;102.4619;4.5444;56.4489;0.8667;0.9;-13.1118;-65.3843;14.4443
8414;74.6938;6.2745;80.3968;4.9202;73.4079;0.8;1.4712;-8.5892;-38.6991;8.1565
8415;59.5922;3.2038;133.1161;4.3864;48.6866;0.8311;0.9654;-12.0437;-61.2806;12.9134
8416;75.3125;7.7638;129.8405;3.5602;67.4631;1.0882;1.0425;-17.0086;-68.0677;15.6581
8417;68.8341;3.3233;90.2452;5.981;66.0133;0.8;1.795;-6.3928;-25.2074;6.6852
8418;71.6728;1.8123;96.9406;2.1225;44.9605;1.3988;1.2945;-22.0147;-69.1525;16.2088
8419;60.1014;9.3713;142.4122;4.1831;66.3988;0.97;0.498;-17.9272;-82.8873;29.2181
8420;60.8188;7.06;75.3224;3.8231;44.5451;0.8407;0.9443;-12.4613;-62.5593;13.3545
8421;75.1709;4.0405;116.3081;6.1178;48.1066;1.1264;0.9568;-18.7446;-71.6842;17.658
8422;86.9869;5.2898;86.966;3.9117;67.8047;0.9198;1.6648;-9.5171;-39.6667;8.2873
8423;59.231;5.3242;155.9741;5.2565;43.1589;1.1948;0.4606;-23.1525;-87.1508;38.9131
8424;54.3622;2.6492;101.5988;5.0996;71.7413;0.8086;1.8488;-6.3478;-23.7811;6.5601
8425;81.0423;2.6797;137.0389;1.8473;64.4646;0.8204;1.1444;-10.9157;-53.4988;10.7524
8426;69.4149;4.0609;82.6685;4.5015;68.9621;1.1265;1.8318;-12.3446;-45.8002;9.2251
8427;84.949;7.575;73.1885;1.9859;76.1447;1.2708;1.5401;-18.5335;-59.6031;12.3772
8428;53.6957;0.9872;94.3117;5.1269;70.5249;1.0399;2.6011;-6.208;-16.6202;5.9967
8429;37.9701;6.1969;106.7875;3.5045;70.3629;1.0472;1.1683;-15.3422;-62.8129;13.4455
8430;60.4059;1.6689;88.0132;6.38;85.972;0.8464;3.4884;3.7327;37.3911;3.6392
8431;56.2057;4.1095;120.8738;4.3288;86.0429;0.902;1.6565;-8.8326;-38.7865;8.1681
8432;68.5818;5.0927;94.8865;3.4449;63.0071;0.8768;1.3077;-11.6111;-50.2876;10.0579
8433;58.5368;5.436;60.0;6.3998;41.9053;1.2957;1.2659;-19.9913;-67.4341;15.3535
8434;83.3383;1.6785;114.8209;3.2922;80.7448;1.3207;1.926;-16.1467;-51.3876;10.2854
8435;64.8133;3.7821;80.201;5.942;43.3234;1.1097;1.3037;-15.9648;-60.8394;12.7679
8436;72.7085;4.7393;91.3566;5.3013;67.5034;1.4951;1.8854;-20.2633;-57.9644;11.8947
8437;72.8374;1.7524;147.4447;4.0519;72.0146;1.1316;1.5844;-14.793;-53.3288;10.7132
8438;73.5092;2.2912;155.7688;2.596;63.2171;1.2668;1.5508;-18.4336;-59.1944;12.2532
8439;69.5657;5.2706;86.5997;6.4625;64.2035;0.9572;1.4526;-11.8237;-49.4136;9.8841
8440;79.1908;4.3599;115.54;5.3507;60.5245;0.969;1.1371;-14.0884;-60.8837;12.7824
8441;55.6782;2.4605;87.1039;3.4421;59.8004;0.9692;1.7761;-9.9042;-38.9145;8.1852
8442;95.1895;4.4406;93.0793;4.9669;76.6009;0.8292;2.0987;-4.489;-15.6349;5.9266
8443;65.7423;7.5904;85.9466;6.1092;37.0015;0.9156;0.6887;-15.6135;-74.9266;19.9415
8444;46.3921;1.1084;64.9803;4.768;63.7212;1.068;2.665;-7.1697;-16.8233;6.0113
8445;73.3853;5.1251;102.4048;4.9576;37.1321;0.8871;0.7188;-15.0436;-72.9889;18.5109
8446;54.6788;1.8226;107.47;6.148;62.7423;1.1177;1.5507;-14.6746;-53.7538;10.8117
8447;81.976;0.8914;84.5565;6.9059;61.7222;0.8623;2.6842;-2.4703;3.7574;4.8189
8448;109.7729;2.3916;131.2519;4.4206;52.9654;0.8544;1.1864;-11.0138;-53.7155;10.8028
8449;55.8417;3.8051;89.6712;2.5938;46.4607;1.0025;1.2224;-14.0534;-59.3578;12.3025
8450;75.9827;6.3745;85.2738;2.6461;69.3281;0.8;1.4472;-7.9072;-39.6985;8.2917
8451;38.4009;3.089;114.0681;3.5635;59.5954;1.2409;1.0884;-20.4921;-70.7643;17.1024
8452;78.1703;5.0107;67.9995;3.1977;67.6738;1.1517;1.8671;-13.2005;-45.961;9.2526
8453;54.0572;3.7424;125.4416;2.0763;59.0994;1.1773;0.8585;-20.0659;-75.6943;20.5713
8454;58.753;2.8591;90.4347;7.3717;62.9145;1.1604;1.7252;-14.6763;-50.4433;10.0894
8455;50.1768;4.3165;128.0591;5.3921;48.8941;0.9773;0.8222;-16.3901;-71.9578;17.8303
8456;83.1787;6.33;137.993;3.8143;35.3745;1.05;0.4557;-20.012;-85.5347;34.5655
8457;88.1315;6.6624;117.3556;4.5512;77.5563;1.0811;1.0722;-16.4725;-66.939;15.1236
8458;70.4209;6.8052;81.6284;1.9204;77.1842;0.8;1.3908;-8.6417;-42.049;8.628
8459;54.4403;3.3678;73.1464;6.336;58.1951;1.0412;1.8457;-11.2334;-40.9083;8.4614
8460;98.6114;6.2939;69.8711;1.6756;50.861;0.9274;1.2325;-12.6536;-55.6989;11.2864
8461;56.4926;2.7448;131.7489;5.365;78.9798;1.4468;1.4001;-23.006;-67.7439;15.5009
8462;31.0834;5.8293;96.6861;1.8424;45.9608;0.9624;0.6862;-16.7016;-76.2336;21.0381
8463;78.251;8.1473;86.0875;3.979;75.4167;0.9752;1.4934;-11.8327;-48.9524;9.7948
8464;50.1141;1.0713;96.7519;6.464;65.2535;0.8;1.8824;-5.917;-21.5646;6.3747
8465;87.795;3.8995;131.0168;2.1491;54.7291;0.9248;1.0201;-13.5022;-63.2312;13.5985
8466;63.1395;5.1602;121.4928;4.3769;80.3722;0.8;1.3974;-8.4163;-41.777;8.5877
8467;80.8668;5.5467;111.5861;5.5417;59.0999;1.4504;1.0297;-25.0289;-76.3342;21.1275
8468;95.227;2.545;117.2891;5.2963;63.5378;1.1238;2.0878;-11.2409;-38.0748;8.0743
8469;48.2405;8.6399;104.6073;4.7053;66.6331;0.9292;0.7026;-15.6661;-74.7952;19.8375
8470;59.8131;4.9419;107.8454;5.3436;64.0251;1.1061;1.0788;-17.579;-67.4877;15.3788
8471;68.6379;2.4756;105.6811;3.6838;32.016;0.8252;0.7681;-12.995;-68.9724;16.1147
8472;97.6759;1.1981;99.9985;7.4992;39.9732;0.9643;1.47;-11.2212;-49.1876;9.8401
8473;58.1491;6.2036;120.7248;2.1841;66.2064;0.8012;1.0467;-11.1265;-56.4506;11.4812
8474;59.2989;1.8759;109.4525;6.3431;80.1008;0.8;1.9008;-5.7383;-20.7987;6.313
8475;78.6065;2.3303;80.2375;4.8842;75.3834;1.1652;2.5225;-9.5763;-27.8369;6.9287
8476;59.6099;4.6827;114.1358;5.5257;24.047;0.9792;0.3992;-18.8941;-86.4108;36.7939
8477;72.7455;4.8651;106.3762;5.7918;67.7037;0.8;1.2501;-9.643;-47.9107;9.5989
8478;42.0723;5.4369;116.5154;5.4334;49.1937;0.8474;0.7484;-13.9715;-70.562;16.9849
8479;109.8579;3.6493;97.4285;3.3835;55.4947;1.2983;1.3899;-19.3898;-64.3149;14.0115
8480;45.7412;6.1224;122.4993;4.1706;81.0986;0.8653;0.9981;-12.9722;-61.5506;13.0041
8481;64.2085;8.6942;98.4765;2.4226;51.3606;1.1325;0.6428;-20.7965;-81.0783;26.4247
8482;69.4153;3.0378;119.8379;4.1523;76.7809;0.8631;1.5769;-8.7486;-39.0988;8.21
8483;104.4284;5.5561;89.2153;5.0838;33.9897;1.0499;0.7633;-17.9976;-75.7658;20.632
8484;46.1528;7.819;90.7725;5.5107;83.1933;1.1106;1.377;-15.636;-58.6707;12.098
8485;105.7067;5.4325;116.2431;5.1872;65.7673;0.8761;1.1259;-11.7957;-57.1635;11.6723
8486;83.6292;5.395;92.0403;1.9674;80.9206;0.9736;1.5477;-11.4722;-47.0115;9.436
8487;77.5077;2.8053;173.5761;3.7567;61.6058;1.0636;0.9898;-17.2676;-68.9791;16.1181
8488;52.2766;4.44;115.2129;3.6066;34.7476;0.8927;0.6432;-15.4631;-75.9806;20.8165
8489;80.2805;4.6063;100.625;2.6347;62.0342;0.959;1.2291;-13.741;-57.2786;11.7037
8490;56.9772;5.5344;122.7495;3.3461;70.9333;0.828;0.9431;-12.0016;-62.0319;13.169
8491;92.7999;9.5402;88.677;4.6019;50.6088;1.0211;0.6915;-18.0031;-77.4276;22.1509
8492;52.5209;1.3939;125.9549;6.7207;65.8532;1.2401;1.5405;-17.2284;-58.5942;12.0756
8493;67.9631;1.7447;125.0832;3.1704;79.8983;0.8;2.0316;-4.6325;-15.3484;5.9066
8494;60.0051;1.8606;136.8046;2.9067;43.0846;0.8684;0.7711;-14.1867;-70.4005;16.8922
8495;52.2246;5.8658;89.5653;3.7008;76.7796;0.8;1.4528;-8.1279;-39.4683;8.2601
8496;83.3438;2.2996;73.662;5.1062;49.4654;1.1078;2.5844;-7.5128;-22.2357;6.4297
8497;79.6383;4.9893;85.8526;6.4356;85.1351;0.8;2.1647;-3.6786;-9.8037;5.5435
8498;91.7622;3.2985;93.2014;4.4702;38.8217;1.1057;1.0755;-17.2586;-67.5761;15.4207
8499;37.9622;3.9927;151.7103;2.4312;63.8704;1.1209;0.7624;-19.5125;-77.3269;22.0526
8500;89.1551;2.7632;173.1093;2.7504;70.9433;1.1996;1.2291;-18.8254;-65.8469;14.64
8501;115.0981;7.0161;108.9987;4.8824;30.9458;1.0765;0.5543;-19.9726;-82.8361;29.1309
8502;61.8705;4.754;100.235;6.0929;67.175;0.8;1.4126;-8.8368;-41.1404;8.4948
8503;104.1127;8.08;91.624;7.3236;53.5289;0.9739;0.8713;-15.9166;-70.177;16.7656
8504;65.2631;4.6812;122.8965;2.8264;56.1271;1.04;0.963;-16.8499;-69.1335;16.1988
8505;45.2966;2.2155;172.8312;4.8097;73.9505;1.1124;1.2386;-16.1643;-62.8874;13.4725
8506;64.4986;2.5145;156.2774;3.0552;56.3224;1.1209;0.8473;-19.0785;-74.8042;19.8446
8507;88.8677;9.1476;132.909;3.2521;65.9264;0.9181;0.6408;-16.0992;-76.7357;21.4921
8508;54.9128;5.728;132.4223;3.125;65.3208;0.9785;0.7866;-16.3155;-73.2067;18.6614
8509;59.1939;1.5818;123.1309;4.0986;37.7364;0.9805;0.792;-16.6627;-73.0732;18.5689
8510;80.6837;5.5617;98.8247;3.2766;55.3394;0.8;1.1174;-10.1665;-53.4409;10.739
8511;70.0551;3.7478;83.1822;8.3183;76.0277;0.8242;2.2707;-4.129;-8.1658;5.4446
8512;80.5232;3.2125;99.481;3.9105;70.8834;0.9857;2.0053;-8.7509;-32.1876;7.3733
8513;74.2809;2.4128;111.136;6.0817;55.0914;0.8457;1.3518;-10.2648;-46.7181;9.384
8514;78.6333;6.7371;69.5302;3.6107;48.8151;0.8;1.4719;-8.3067;-38.6699;8.1526
8515;62.2186;1.7314;96.2484;7.9499;51.1695;0.8;1.7683;-6.0632;-26.3217;6.7863
8516;74.1712;3.1279;81.344;5.1086;44.0761;1.1491;1.3835;-16.6261;-59.867;12.4586
8517;53.3073;3.2084;128.8476;5.8554;65.2759;1.0735;1.2609;-15.0679;-60.8471;12.7705
8518;93.1918;2.4549;87.1598;3.7134;55.2623;1.0301;1.9798;-9.9201;-35.9313;7.8041
8519;58.5831;4.2811;108.5516;6.0647;84.1216;0.9367;1.5374;-10.6534;-45.2899;9.1391
8520;90.3193;1.0272;83.9453;5.1023;86.1749;0.8901;3.4595;1.9572;29.5504;3.8595
8521;65.7951;3.182;149.0967;4.0315;65.3351;0.8;1.1178;-9.9875;-53.423;10.7349
8522;73.636;7.8991;65.3646;2.9802;58.8256;1.1261;1.254;-16.7637;-62.882;13.4705
8523;61.0906;3.2288;112.6325;4.2437;51.1958;0.9218;1.2674;-12.2612;-54.1718;10.9103
8524;51.7121;3.4785;72.6647;4.1153;22.5496;1.1324;0.6208;-20.7071;-81.7252;27.3601
8525;38.5943;4.081;88.044;5.9035;79.2566;0.829;2.3919;-2.9448;-3.8226;5.1987
8526;51.0042;4.6012;105.2898;4.2516;62.0652;1.3903;1.0866;-23.5226;-73.9484;19.1927
8527;64.1696;6.4334;106.5921;1.7177;75.7533;1.0382;1.1288;-15.789;-63.7566;13.7956
8528;73.8138;2.6261;105.8991;5.5693;47.9194;0.9761;1.1494;-13.6179;-60.749;12.7385
8529;88.1868;7.0796;103.8666;6.5397;68.601;0.8156;1.0737;-11.0478;-56.1169;11.3939
8530;61.9764;5.9847;85.1751;2.1009;76.1203;1.0336;1.7396;-11.8138;-43.8976;8.9123
8531;54.1247;5.7054;95.9816;7.3071;64.2211;1.1312;1.1319;-17.7253;-66.6469;14.9911
8532;44.0311;1.9358;100.794;6.695;59.8201;0.8;1.5056;-7.9473;-37.2664;7.9702
8533;78.6411;1.2169;105.0052;3.6537;72.6328;0.9734;2.3933;-6.5145;-18.0416;6.1007
8534;94.8975;4.804;98.3714;2.9243;66.9807;0.9765;1.4091;-12.4487;-51.9018;10.3954
8535;92.7939;6.9831;120.0091;6.1795;40.7418;1.0945;0.7901;-19.1028;-75.9377;20.7794
8536;82.7788;4.7431;102.3621;2.5455;65.4179;0.8;1.2898;-9.1469;-46.2595;9.304
8537;81.4938;2.7504;105.162;3.5975;40.648;1.1735;0.9647;-19.4206;-72.5993;18.2477
8538;100.5572;1.9662;90.877;2.6273;69.7885;1.1588;2.3652;-10.6766;-31.9623;7.3489
8539;75.9775;5.5305;76.8657;4.6089;60.9424;1.1676;1.4909;-16.3219;-57.4381;11.7476
8540;81.6303;5.6986;103.9258;6.7978;74.445;0.8761;1.455;-10.1401;-44.6389;9.0316
8541;64.2259;2.5243;135.2374;5.1624;54.9805;1.2516;1.3215;-18.9039;-64.8057;14.2068
8542;45.4832;1.3182;111.7356;6.1271;69.4209;0.8499;2.1764;-4.7182;-14.6439;5.8578
8543;57.6907;3.7271;81.5158;4.0723;59.1823;0.8;1.7956;-6.1929;-25.1824;6.6829
8544;69.8351;4.7322;122.5912;4.746;60.8754;1.0641;0.9485;-17.0528;-70.2879;16.8282
8545;71.0941;5.5784;91.9634;2.7603;67.8202;0.9878;1.6061;-11.2138;-45.8041;9.2258
8546;104.6731;6.4449;119.5618;4.4547;67.0815;1.2763;1.0274;-21.7074;-73.1685;18.6348
8547;71.463;4.9109;91.1924;3.481;52.5901;0.8131;0.9752;-11.5912;-60.0224;12.507
8548;91.2192;2.1228;109.2345;4.3596;57.4544;0.9332;2.1137;-6.8837;-24.5023;6.6227
8549;62.1686;5.4056;87.8425;4.2565;42.9665;0.9165;0.8314;-14.6826;-69.7645;16.5368
8550;64.3898;8.9742;88.4031;4.1283;55.879;1.1743;0.6787;-21.3999;-80.7347;25.9534
8551;46.0779;7.4943;67.5997;7.7613;78.2447;0.805;1.8948;-6.5016;-21.5423;6.3729
8552;56.6381;7.0787;113.6574;7.2513;44.3171;1.29;0.5475;-24.8345;-85.8523;35.3413
8553;79.4857;3.1878;109.696;6.7242;43.2947;0.8632;1.0773;-11.7889;-58.3993;12.019
8554;70.1361;5.9291;111.2501;7.2926;45.5148;0.9153;0.8349;-14.9503;-69.5944;16.4443
8555;86.9729;6.8533;107.1257;6.729;80.1153;1.0084;1.2937;-13.6675;-57.2361;11.6921
8556;73.2626;5.3749;82.6494;4.5664;65.3777;0.8163;1.6189;-7.4465;-33.8945;7.5637
8557;63.6558;2.9394;127.3125;4.4126;62.672;1.0815;1.5955;-13.4382;-50.8231;10.1674
8558;108.6693;8.2478;128.171;4.9531;83.1619;1.054;1.3762;-14.0344;-56.4756;11.4878
8559;68.3097;3.9568;82.1142;4.284;51.3294;0.8834;1.4115;-10.795;-46.7422;9.3883
8560;90.934;2.2558;114.2285;3.0399;77.1557;1.0587;2.1617;-9.2898;-31.9388;7.3463
8561;62.7782;2.1147;124.4517;5.0449;62.5818;1.0646;1.4247;-13.7106;-55.3918;11.2087
8562;82.7728;5.1585;88.9119;2.2508;49.7462;1.121;1.3215;-15.941;-60.7043;12.724
8563;86.7043;3.8851;92.8663;4.8065;28.7177;1.2464;0.9295;-21.3982;-75.1421;20.1144
8564;73.7529;1.998;114.2854;3.1078;71.1406;1.087;1.7976;-11.8127;-44.8754;9.0704
8565;30.0;5.8448;68.5517;4.4784;44.9986;1.1018;0.9451;-18.1619;-71.408;17.4874
8566;70.3285;6.3469;76.1756;4.8868;49.0331;0.802;1.0111;-10.9727;-57.9735;11.8972
8567;92.1483;5.7268;78.0794;4.0707;64.9898;0.8;1.5855;-7.8757;-33.9382;7.5687
8568;79.4947;2.6917;63.8216;2.1392;28.3038;0.8953;1.2308;-11.9299;-54.1755;10.9112
8569;78.0251;5.458;131.1583;2.818;51.296;1.0677;0.727;-18.7436;-77.3035;22.0299
8570;38.9994;1.0046;60.8333;5.2874;24.7843;1.0866;1.0547;-16.757;-67.6459;15.454
8571;57.0318;3.2022;108.9564;3.7638;35.2367;0.8;0.7461;-12.5769;-68.9118;16.0833
8572;77.4044;3.6772;122.4976;5.4413;49.9788;1.0267;0.9991;-16.0151;-67.5631;15.4145
8573;77.3869;6.69;92.923;4.6146;35.0028;1.2526;0.5976;-23.5473;-84.0974;31.4413
8574;91.864;3.633;84.6122;4.3033;27.7654;1.5713;0.8193;-29.3942;-82.6196;28.7681
8575;67.3924;1.0173;105.9938;5.1215;41.8053;1.3341;1.3318;-20.8329;-66.7232;15.0255
8576;77.3048;3.4373;100.0458;3.5877;71.7704;0.901;1.6177;-9.3875;-40.1485;8.354
8577;70.2947;4.2275;128.5151;5.2006;60.6281;0.8905;1.0348;-13.2506;-61.2668;12.9088
8578;52.235;8.1585;60.0;3.9707;61.5905;1.1034;1.1293;-16.9683;-65.884;14.6559
8579;30.0;8.0198;79.479;8.4044;65.2314;1.1756;1.1069;-18.8036;-68.6156;15.9315
8580;77.7582;2.5726;115.0727;2.8991;78.0661;1.2519;2.5647;-12.049;-31.7119;7.3219
8581;73.131;2.597;101.2692;4.0641;62.6604;1.1269;1.5956;-14.8152;-52.8047;10.5943
8582;58.8728;2.4699;120.6844;4.1246;83.6531;0.8;2.072;-4.6526;-13.665;5.7914
8583;40.8549;6.2534;106.7698;2.5722;62.2201;0.8;1.0029;-11.2839;-58.2142;11.9658
8584;81.3353;0.8782;96.6877;5.6887;58.6726;1.3388;2.2592;-15.0151;-43.7524;8.8893
8585;65.2134;2.2379;92.7213;3.9569;75.9727;0.9675;2.0041;-8.5611;-30.9516;7.2413
8586;80.0237;4.4569;178.8297;1.0303;43.6158;0.8239;0.5433;-14.3893;-78.0197;22.7476
8587;103.5529;2.9248;146.7759;5.6427;73.6685;0.8;1.4851;-7.928;-38.1207;8.0803
8588;31.4542;1.981;113.1876;3.6457;60.4516;0.8971;1.3747;-10.939;-48.9208;9.7887
8589;57.4072;3.4756;101.981;4.4426;53.9134;1.3754;1.1374;-22.9805;-72.4362;18.1397
8590;66.2312;3.0527;114.4003;5.6152;48.0632;0.9525;1.2601;-12.7667;-55.9006;11.338
8591;96.1869;4.2981;122.9624;4.0529;53.162;1.1556;0.9536;-19.6949;-72.4934;18.1775
8592;40.5447;8.8249;111.0385;4.0407;58.2051;1.0724;0.796;-18.5307;-75.2585;20.2089
8593;104.8455;2.2182;82.8743;8.2971;51.3478;0.9884;2.0727;-8.6759;-30.103;7.1534
8594;72.4454;3.5414;156.2251;1.3694;64.5203;0.8;0.8472;-11.89;-64.6998;14.1642
8595;68.272;7.8733;106.3486;2.6711;44.396;1.1822;0.5772;-22.1615;-83.7262;30.7243
8596;66.4349;7.1385;165.4473;2.9619;53.6825;0.8619;0.4705;-15.8998;-81.8051;27.4802
8597;62.1473;3.6533;104.7899;7.2835;51.0374;0.8;1.3574;-8.9171;-43.4403;8.8402
8598;88.8661;5.5257;94.0434;3.6331;73.5996;0.8;1.6652;-6.969;-30.6158;7.2063
8599;50.7666;1.9445;141.3452;4.9603;70.3676;1.125;1.3718;-15.8966;-59.3521;12.3007
8600;76.2175;5.6278;107.8204;3.8889;76.7097;1.175;1.3317;-17.0911;-62.2204;13.2347
8601;63.0847;8.6565;103.3918;5.5048;65.5773;0.8;1.0964;-10.2984;-54.3154;10.9446
8602;56.2816;4.4541;74.0751;4.5809;45.1516;0.9008;1.1515;-12.9463;-57.3903;11.7344
8603;116.5476;4.225;117.9457;4.9796;55.4338;1.0755;1.3747;-14.5615;-57.3933;11.7352
8604;77.5429;2.6092;88.3974;6.5309;61.5937;1.0315;1.8931;-10.4543;-38.8222;8.1729
8605;81.0388;5.0651;89.4091;5.2604;48.7971;0.9022;1.1418;-12.5834;-57.817;11.8531
8606;90.48;4.7812;88.4585;3.4974;58.7064;0.9833;1.3049;-12.7375;-55.7667;11.3037
8607;44.4157;5.1889;111.6008;5.0681;68.2026;1.2085;1.0208;-20.2851;-71.8421;17.757
8608;101.5413;1.2871;68.1238;8.228;71.7313;1.0913;3.853;-0.5814;17.6822;4.2487
8609;30.0;4.5219;94.8654;5.4475;47.204;1.1382;0.8349;-19.3366;-75.5489;20.449
8610;56.1622;4.8099;127.771;4.8279;61.8221;0.9163;0.8561;-14.5653;-68.8577;16.0553
8611;61.7374;2.7201;73.2408;2.5442;66.101;0.8;2.3594;-3.126;-1.6934;5.0861
8612;80.471;2.7244;104.4167;5.6866;42.595;1.0498;1.2032;-15.3519;-61.7953;13.0874
8613;73.9369;3.0623;85.3978;5.9083;68.8227;1.1736;2.133;-12.6669;-39.4152;8.2529
8614;66.9973;5.6216;90.4002;5.0691;47.7815;0.8732;0.9639;-13.307;-63.2046;13.5887
8615;69.784;4.883;151.2537;4.7711;61.5492;1.0477;0.7563;-17.985;-75.939;20.7806
8616;52.3956;6.7974;66.1912;8.8488;71.6293;0.9994;1.6601;-11.5542;-44.6294;9.0301
8617;43.0498;3.1561;121.0953;5.8831;45.5832;0.8;0.8448;-11.9473;-64.7994;14.2043
8618;83.0772;7.5818;88.738;6.46;65.7422;0.9689;1.1868;-13.5837;-59.1709;12.2462
8619;82.4867;5.8716;87.6415;4.7003;59.642;1.0355;1.2443;-14.805;-59.9434;12.4824
8620;98.5209;3.6572;75.738;4.4026;53.3172;0.9112;1.774;-8.8115;-35.104;7.7046
8621;55.7797;2.0042;120.7407;5.5481;42.282;1.2442;0.8935;-21.3832;-76.0624;20.8877
8622;82.4707;2.9705;95.3276;4.4012;61.3795;0.8;1.6135;-7.5352;-32.7716;7.4373
8623;64.8933;8.3044;92.3654;4.5243;70.3578;1.5376;1.0673;-26.5294;-76.8633;21.6107
8624;91.4285;3.2279;102.784;5.2948;56.1936;0.9992;1.4178;-12.6555;-52.7058;10.5721
8625;88.3953;3.3246;95.8322;3.8308;62.3638;0.9623;1.7559;-10.3718;-39.1797;8.2209
8626;73.8018;2.622;60.6426;4.9306;74.0402;1.2009;3.5587;-3.3126;-1.2198;5.0617
8627;63.8885;6.4161;88.4524;4.7201;50.9739;0.8;0.8923;-11.9069;-62.82;13.4481
8628;87.2968;3.0596;125.0896;6.0505;22.4389;1.5768;0.5676;-31.0242;-88.0017;41.6727
8629;81.6443;3.3263;68.6153;3.683;90.2357;0.8725;3.0499;0.0931;16.5263;4.2909
8630;57.6801;3.7593;76.1485;1.6001;72.1006;1.1941;1.9264;-14.5027;-46.2243;9.2979
8631;46.0996;3.8635;89.8797;4.134;67.7982;1.0005;1.6087;-11.2952;-46.3998;9.3283
8632;64.8064;3.7433;83.4097;5.1959;79.724;0.8158;2.3563;-2.7447;-3.7221;5.1933
8633;97.2774;4.2553;99.3053;6.0462;55.8054;1.2259;1.3307;-18.4607;-63.8184;13.8192
8634;90.6368;6.4879;76.0888;3.5607;72.7873;1.1116;1.764;-12.8208;-47.106;9.4529
8635;49.9781;6.5334;90.7589;5.4131;46.0582;1.8406;0.8795;-34.5512;-84.0729;31.393
8636;48.9804;6.3377;98.8073;6.3027;72.3543;1.0805;1.3646;-15.0567;-57.9021;11.8771
8637;92.9443;2.0497;117.6137;5.7269;42.5072;0.881;1.0569;-12.6286;-60.0098;12.5031
8638;49.5586;6.3502;136.5059;3.414;71.9009;0.8;0.808;-12.3341;-66.334;14.8518
8639;79.1673;2.19;93.6705;3.5752;43.8023;0.8618;1.2951;-10.196;-49.9053;9.9811
8640;58.9107;2.2211;160.3222;5.2525;48.1775;1.0526;0.8987;-17.2079;-71.5398;17.5684
8641;99.1068;8.138;95.5065;7.038;58.0452;0.928;0.9114;-14.268;-67.2626;15.273
8642;56.1324;6.5344;123.0252;4.6212;43.5662;1.1649;0.6451;-21.3554;-81.54;27.0856
8643;90.5805;4.5443;162.073;4.352;67.7231;1.0752;0.8749;-17.9613;-72.8762;18.434
8644;73.3275;7.1165;103.5441;2.5456;38.8881;0.8;0.548;-14.001;-77.1681;21.8992
8645;74.5395;9.159;70.9367;4.0536;42.6956;0.9214;0.7361;-15.3427;-73.3712;18.7767
8646;34.5344;4.9116;102.2986;3.5271;56.4945;0.841;1.0378;-11.4863;-58.8693;12.1564
8647;30.3476;4.9263;85.8206;4.6408;41.2701;1.0714;0.7781;-18.7196;-75.7924;20.6547
8648;66.0298;5.9589;93.3693;2.3308;58.597;1.0901;1.0112;-17.4428;-69.0778;16.1696
8649;74.4443;2.848;164.2541;4.1071;79.2169;0.8867;1.4943;-9.8809;-43.8256;8.9009
8650;49.7464;2.4923;73.6614;3.0866;39.5727;0.8;1.8543;-5.8044;-22.7391;6.4716
8651;50.4035;6.0015;107.801;6.0103;52.2556;1.755;0.9874;-31.8195;-81.2456;26.6604
8652;80.1065;3.3997;80.2976;3.3112;57.4744;1.0666;1.6433;-13.4;-48.6457;9.7363
8653;80.1314;2.2911;92.5969;3.7415;58.4235;1.0661;1.7893;-11.7804;-44.0568;8.9376
8654;67.5207;3.2501;120.4676;5.0232;63.7875;0.8;1.2365;-9.6726;-48.4812;9.7052
8655;84.0436;3.4693;108.279;3.9194;52.6462;1.1558;1.3332;-16.9873;-61.5494;13.0037
8656;48.8644;8.4794;94.5295;8.1392;40.4878;1.2371;0.5736;-23.4714;-84.5449;32.3518
8657;63.5932;5.5183;85.0059;5.9958;47.3285;1.07;1.0368;-16.8354;-67.6989;15.4794
8658;99.6618;4.4145;108.2225;4.6258;50.7618;1.0272;1.2563;-14.2668;-59.2306;12.2641
8659;71.2298;8.5613;153.2533;5.1522;64.5747;1.0276;0.5302;-19.1558;-82.8027;29.0743
8660;72.2736;7.462;79.8246;1.0669;47.8638;0.8372;0.8037;-13.3649;-68.0038;15.6268
8661;111.507;4.3033;161.271;6.4476;63.8649;0.8699;1.0108;-12.8824;-61.2676;12.9091
8662;44.8118;7.4955;134.9689;5.3678;66.699;0.955;0.7731;-16.0715;-73.0165;18.5298
8663;84.3357;3.7061;140.8237;4.4903;64.2783;1.246;1.2764;-19.7243;-65.8519;14.6421
8664;99.9518;2.8393;108.0159;5.4488;52.4477;1.0549;1.4125;-14.2017;-55.3696;11.2031
8665;64.1526;2.8508;134.0151;5.6318;55.0648;0.8622;0.9889;-12.6488;-61.7664;13.0775
8666;85.4734;5.2612;77.7083;3.9754;46.6659;0.8786;1.2936;-11.3832;-50.9243;10.1883
8667;52.3236;4.2399;84.619;5.1702;75.0405;0.8;2.0108;-5.5107;-16.2152;5.9677
8668;57.6388;5.2377;121.1008;6.1731;71.206;1.0941;1.5869;-14.371;-51.6553;10.3424
8669;76.9294;5.431;107.6765;5.2823;80.2574;0.9589;1.3877;-12.1966;-51.7605;10.3649
8670;84.3742;1.2281;96.3585;4.2211;33.3378;1.0381;1.048;-16.2381;-66.348;14.858
8671;90.1769;1.6329;60.0;5.045;65.9289;1.8335;3.5471;-18.5339;-35.5129;7.7535
8672;98.2533;4.4253;89.6848;6.6734;79.6331;0.9144;2.1569;-6.4565;-21.3754;6.3593
8673;68.786;2.63;74.5639;5.776;69.2327;1.0438;2.3722;-7.4911;-24.2456;6.6003
8674;91.485;5.0567;113.1318;2.8554;75.043;0.8814;1.2744;-10.9778;-51.8056;10.3747
8675;63.8385;4.5429;95.3332;5.48;78.9578;0.9671;1.7122;-10.497;-40.9871;8.4727
8676;86.2376;4.7515;85.464;5.2812;57.9758;0.8231;1.433;-9.2295;-41.9663;8.6157
8677;73.7348;3.1892;193.6201;6.3462;67.4713;0.8028;1.1615;-10.1224;-51.7707;10.3672
8678;78.0222;5.1061;129.6338;4.6492;40.0421;0.8;0.6221;-13.4531;-74.0777;19.2884
8679;77.6231;6.6327;130.2087;4.046;42.5621;0.8052;0.592;-13.791;-75.4941;20.4032
8680;41.1153;9.6419;173.4213;2.5478;55.857;1.0478;0.2722;-21.1552;-91.3399;50.0
8681;49.7658;6.7223;122.2072;3.5581;35.1101;0.9393;0.3832;-18.1462;-86.4002;36.7653
8682;71.8457;4.5754;82.4698;6.4119;59.0316;0.957;1.4741;-11.7479;-48.653;9.7377
8683;39.629;2.6434;80.0936;4.8969;59.7411;0.9139;1.87;-8.2179;-31.794;7.3307
8684;84.9618;5.3974;127.2808;4.4503;63.1888;1.0313;0.9411;-16.864;-69.5834;16.4384
8685;85.688;7.9638;60.0;6.5434;80.2667;1.0187;2.8585;-5.898;-6.4662;5.3457
8686;75.8891;2.7432;98.0743;6.2344;72.8091;1.0062;2.0118;-9.3454;-33.354;7.5023
8687;49.8196;2.9657;60.0;3.4964;64.321;0.9369;2.3607;-6.4185;-16.0136;5.9533
8688;94.8425;2.3812;102.5019;6.4015;49.3279;1.1571;1.5582;-15.2549;-55.112;11.1388
8689;106.6698;5.8157;123.8025;2.1121;69.0656;0.8;1.4295;-8.8253;-40.4374;8.3945
8690;72.6474;3.718;107.2351;5.2893;60.4172;0.8583;1.3102;-10.2909;-49.1183;9.8267
8691;79.1896;1.7203;126.4311;5.112;56.4712;0.8525;1.4409;-9.4606;-43.6588;8.8745
8692;73.6313;7.1163;163.4287;6.3247;74.2313;1.1379;0.7566;-20.0715;-77.8355;22.5586
8693;79.5466;4.5765;96.4752;5.1715;74.1615;0.8978;1.5879;-9.0082;-41.0444;8.481
8694;67.8479;3.3305;200.0;4.2332;59.7163;0.8231;0.7428;-13.022;-69.9201;16.6224
8695;69.3778;3.3951;105.4606;4.3517;33.8225;1.0352;1.0223;-15.9949;-67.0806;15.1886
8696;86.3029;3.1299;126.781;8.6399;62.1303;1.1735;1.3261;-17.6451;-62.3333;13.2743
8697;112.2212;3.9825;85.8331;4.724;69.5161;1.1594;2.1661;-11.6078;-37.7212;8.0284
8698;44.7987;3.3602;149.9045;5.4956;79.3558;1.2042;1.401;-17.7468;-61.2166;12.8921
8699;68.1314;4.5172;129.7485;1.5683;60.2286;1.024;0.9624;-15.9816;-68.6737;15.961
8700;48.7517;6.1191;144.4644;3.359;44.1049;1.0578;0.4879;-20.0492;-84.625;32.5203
8701;98.6564;5.3472;101.3719;5.3782;56.0947;0.9495;1.1317;-13.7189;-60.2683;12.5844
8702;59.4207;3.1503;73.0625;2.1782;52.657;0.9368;1.8248;-8.6411;-35.072;7.7008
8703;44.0224;4.4019;112.1985;5.4241;66.5365;0.823;1.5368;-8.9057;-37.7567;8.033
8704;81.4874;6.7394;65.4257;3.5123;74.0011;1.1487;1.7658;-13.5365;-48.7602;9.758
8705;101.3976;1.7728;91.9389;3.0492;75.5288;0.8;2.7088;-0.3409;12.8671;4.43
8706;81.9448;1.8637;104.8929;3.5067;52.0965;0.8;1.3416;-9.7155;-44.1016;8.9448
8707;73.6864;4.5673;181.1773;6.8913;68.9975;1.4527;1.0259;-25.0568;-76.4597;21.2402
8708;77.3645;5.1011;108.2894;5.1001;59.894;0.9771;1.0792;-14.4125;-63.1847;13.5813
8709;95.4671;2.7408;103.55;3.2343;70.578;1.0284;1.8294;-11.0257;-40.7051;8.4324
8710;54.2644;5.8838;98.4365;5.763;77.7464;0.8;1.3919;-8.3495;-42.0043;8.6213
8711;67.9868;5.1499;71.4964;5.8446;27.951;1.102;0.7006;-19.7189;-78.8075;23.5933
8712;61.8516;7.7414;102.1688;4.028;57.5569;1.3164;0.8814;-22.8677;-77.6809;22.4023
8713;48.9784;2.5032;102.6054;6.0388;64.2322;1.3366;1.7643;-18.0976;-55.9998;11.3636
8714;64.0892;5.9338;78.4937;6.1101;31.5252;0.8;0.6705;-13.4453;-72.0612;17.8963
8715;89.939;1.9094;74.3277;5.877;29.1646;1.2633;1.1494;-20.5014;-69.6717;16.4863
8716;80.1988;4.6234;88.6572;3.5894;55.8001;1.0021;1.3749;-13.2293;-54.2653;10.9326
8717;81.5976;4.5412;101.6366;2.8314;53.0064;0.8;1.3704;-8.7714;-42.8981;8.7563
8718;72.6366;3.6225;89.1911;2.0607;52.6287;0.8;1.2366;-9.6786;-48.4745;9.7039
8719;79.4198;6.785;76.8958;3.6167;64.8698;0.8;1.5782;-7.4673;-34.2435;7.6038
8720;55.5894;0.8222;107.4997;4.0483;45.9614;1.1279;1.226;-17.0184;-63.7681;13.8
8721;64.4288;4.3513;114.4213;4.1703;37.5499;0.9633;0.7433;-16.4519;-74.282;19.4417
8722;73.4561;2.771;103.0789;4.5292;78.145;0.8779;2.0807;-6.1712;-20.9967;6.3289
8723;74.9953;5.8699;86.871;7.1995;63.6986;0.9812;1.3276;-13.2725;-54.8994;11.0863
8724;75.7634;1.5114;116.0337;4.0906;64.8247;1.4209;2.2656;-17.032;-46.8487;9.4071
8725;67.51;6.6531;95.3482;4.5268;42.6358;0.9428;0.809;-15.288;-71.3976;17.4811
8726;63.2064;6.7187;74.2843;1.8736;68.0723;1.068;1.2512;-14.9416;-60.9467;12.803
8727;126.8399;6.6662;129.5713;7.942;80.0442;1.1344;1.3075;-16.5946;-61.578;13.0134
8728;86.3222;2.4035;109.24;2.6261;66.7768;0.8;2.0175;-4.6215;-15.9379;5.948
8729;77.4367;5.0424;97.0618;3.5397;72.9315;1.1196;1.8425;-12.9498;-45.1426;9.1145
8730;65.8022;1.0841;67.5189;5.6436;67.3361;1.202;3.1292;-7.6768;-13.2178;5.7615
8731;61.8781;6.8203;83.0095;4.9693;61.8236;1.2214;1.2162;-18.953;-66.8099;15.0647
8732;67.6456;5.7079;165.6391;7.0648;60.2145;0.9712;0.7228;-16.6997;-75.193;20.1556
8733;75.2709;4.4162;68.5857;5.68;56.0684;1.2061;1.8635;-14.3066;-48.4965;9.7081
8734;36.1522;5.7673;93.9096;4.4781;87.6645;1.1032;1.4746;-14.9696;-55.4436;11.2217
8735;41.751;1.9967;99.5924;6.1661;64.5598;1.0137;1.5688;-12.0281;-48.4102;9.6918
8736;58.5361;4.4014;108.3416;6.342;52.6654;1.201;1.0293;-19.9556;-71.4315;17.5018
8737;73.7285;3.1349;68.7776;3.6098;36.5452;1.4174;1.3051;-22.7708;-69.3089;16.2914
8738;65.6931;8.6506;104.4506;6.0445;52.9593;1.2028;0.6749;-21.9854;-81.2966;26.7331
8739;96.6062;6.9175;65.6045;4.2666;49.6859;0.9852;1.3744;-12.4171;-53.5002;10.7527
8740;43.3169;5.7884;102.4656;4.4448;33.6824;0.907;0.4823;-16.6243;-82.2734;28.2061
8741;56.4758;7.901;84.9507;4.8144;90.6078;1.1112;1.3523;-15.923;-59.434;12.3256
8742;97.3617;3.4095;80.5359;4.0288;62.7813;1.0313;2.0606;-10.0725;-33.4012;7.5076
8743;72.3601;7.4326;123.2081;3.9481;40.4452;1.2517;0.5034;-24.1717;-86.5946;37.2985
8744;85.9272;3.3014;94.28;6.0771;31.5962;0.8269;0.9375;-12.1166;-62.2061;13.2296
8745;106.9224;5.7847;112.5725;2.3066;50.7735;1.2305;0.9562;-20.856;-74.0976;19.3032
8746;57.5115;5.8133;113.5084;3.0076;67.8552;0.8;1.0083;-11.101;-57.9862;11.9008
8747;68.2123;1.1602;137.3673;5.6121;37.8289;0.9656;0.8475;-15.6277;-70.7415;17.089
8748;65.0963;3.4816;73.929;4.4907;68.9535;1.1237;2.0592;-11.038;-38.9171;8.1856
8749;34.8173;1.1794;125.829;6.0873;82.1995;0.9778;1.6355;-10.6302;-44.2459;8.968
8750;64.4129;9.5602;100.4124;5.1369;61.8866;1.0917;0.6929;-19.3728;-78.8447;23.6347
8751;85.8591;2.2036;90.9799;2.5994;46.5502;1.3193;1.4297;-19.8446;-63.8787;13.8423
8752;79.7306;4.4861;75.0277;4.6943;57.5224;0.8928;1.719;-8.2342;-35.8183;7.7904
8753;81.1435;6.268;116.375;5.4018;72.3982;0.8;1.0896;-10.6051;-54.6008;11.0134
8754;63.2408;2.6863;79.4092;4.9511;69.0542;0.8;2.08;-4.0965;-13.3352;5.7694
8755;58.1902;4.1482;113.8204;3.8976;28.1313;0.9824;0.6891;-16.8741;-76.6197;21.3855
8756;92.8466;4.8906;161.9241;4.1891;48.437;1.283;0.5936;-24.1851;-84.5769;32.4189
8757;61.0483;2.4506;127.7614;3.7599;47.8252;0.9392;1.2197;-12.9003;-56.7095;11.5499
8758;75.2935;6.1625;141.6032;2.6122;50.1799;1.5391;0.5842;-29.8331;-87.3485;39.5209
8759;72.94;3.174;83.5478;2.4059;80.1956;0.8;2.3293;-3.5566;-2.9466;5.1518
8760;96.3109;2.7387;121.0076;5.185;51.9165;0.8;1.3704;-9.0367;-42.9019;8.7569
8761;87.4854;4.5802;75.1222;3.2928;62.4986;1.048;2.1833;-9.6474;-30.5561;7.2001
8762;46.6853;3.7379;94.33;5.4634;42.6476;0.8928;1.3313;-11.9767;-50.2967;10.0597
8763;48.624;7.6976;154.5454;3.7074;65.249;0.8603;0.5704;-15.1227;-77.8995;22.6239
8764;80.4204;7.1758;85.9022;2.6303;65.3092;1.0043;1.2103;-13.9659;-59.8288;12.4467
8765;68.8419;4.1385;132.0274;3.9881;62.016;0.8;0.9335;-11.4498;-61.1049;12.8551
8766;61.8069;3.4724;128.9058;7.7416;58.1137;1.1153;1.1334;-17.2382;-66.124;14.7597
8767;88.2813;3.3028;130.8243;4.4566;72.3719;1.0399;1.5391;-13.16;-50.6642;10.1346
8768;73.3743;3.021;72.8513;5.5688;42.2536;0.9309;1.9736;-8.0117;-29.3286;7.075
8769;70.9442;4.4966;114.031;4.8532;71.0348;1.0431;1.2143;-15.0311;-61.1963;12.8854
8770;84.0369;6.3988;96.1607;2.4922;48.7739;1.4659;0.9308;-26.2182;-78.8335;23.6222
8771;63.248;3.2299;131.275;6.7734;49.151;0.952;1.0178;-14.6236;-64.3612;14.0296
8772;98.2333;2.6248;66.1166;4.2283;88.8097;0.9065;3.8299;4.8154;40.8291;3.5504
8773;55.8151;4.094;109.6307;2.6342;55.2134;1.1438;0.9522;-18.7995;-72.2496;18.0177
8774;81.8247;1.7805;105.8226;3.8316;52.4942;0.8758;1.9364;-7.7445;-26.2955;6.7838
8775;95.809;5.543;60.8031;4.2906;30.0312;1.1011;0.9822;-17.6348;-70.2662;16.8159
8776;45.2087;4.3406;80.1432;5.7242;24.198;1.1785;0.5621;-22.2804;-84.1027;31.4519
8777;63.82;4.2129;63.284;3.5789;60.1922;1.323;2.2889;-14.4216;-42.3302;8.67
8778;90.5597;3.1794;83.3944;8.5305;38.9132;0.9378;1.506;-11.4761;-46.4744;9.3413
8779;90.8304;7.4822;114.7177;3.1942;38.2794;0.8;0.5211;-14.1528;-78.2885;23.0293
8780;66.9131;1.966;105.0054;5.518;69.8464;0.9499;2.2261;-6.9496;-21.8804;6.4004
8781;56.7759;7.0578;104.326;1.639;78.5083;1.036;1.0708;-15.5983;-65.5454;14.5119
8782;87.2068;3.5619;77.11;4.4145;59.5071;0.8838;1.8659;-7.3267;-29.6279;7.1051
8783;91.3039;7.1825;132.3279;5.1509;93.0799;1.0268;1.1065;-15.5167;-64.0772;13.9187
8784;49.0361;5.753;99.5306;2.9206;53.1873;1.417;0.8384;-25.5396;-80.2791;25.3538
8785;48.3296;2.0729;100.8462;6.8486;66.3674;0.8921;1.7925;-7.7547;-33.0227;7.4652
8786;74.0546;6.6529;126.5035;5.2517;80.0723;0.8507;1.0518;-12.4198;-58.7849;12.1315
8787;81.3285;5.4027;78.0488;4.1235;55.4095;1.2065;1.7351;-15.4343;-52.0594;10.4296
8788;64.6168;1.3759;105.8801;5.2355;61.4775;0.8;1.785;-6.6819;-25.6255;6.7227
8789;82.2273;2.282;111.1672;3.71;63.0088;1.0026;1.6346;-12.2618;-45.6545;9.2004
8790;57.2175;5.0775;87.2501;6.4771;71.9789;0.9006;1.8565;-7.8104;-31.2814;7.276
8791;31.9355;5.2632;117.7147;6.1229;55.3809;0.8;0.8848;-11.889;-63.1328;13.5622
8792;62.3698;5.8954;112.6686;5.1601;46.575;0.9718;0.7402;-16.5703;-74.6116;19.694
8793;71.1382;5.6868;97.5023;5.5175;54.7638;0.882;1.3825;-10.7078;-47.7514;9.5696
8794;65.0349;5.2416;96.7502;2.3842;72.2151;1.1066;1.2703;-16.467;-61.737;13.0674
8795;49.1451;6.0573;113.9839;6.8004;65.1633;1.0408;1.1674;-15.6184;-62.6118;13.3732
8796;37.3183;4.6843;121.7887;4.451;79.0542;1.0357;1.1116;-15.788;-64.2253;13.9764
8797;60.7464;2.9887;101.5849;6.1376;48.3045;0.8272;1.2358;-10.2176;-50.2028;10.0407
8798;86.1578;7.5861;132.3192;5.7248;57.6528;0.893;0.6575;-15.3572;-75.4588;20.3739
8799;92.6116;1.1577;117.8959;6.1146;70.169;1.0515;2.2563;-8.2194;-28.4769;6.9908
8800;91.3788;3.5097;63.947;3.0284;47.1491;0.8371;1.8603;-6.872;-25.9216;6.7496
8801;55.3136;5.7538;70.3826;3.2193;68.1888;0.9924;1.9465;-10.3667;-34.6175;7.6473
8802;49.2333;3.828;134.3877;7.9724;44.9896;1.0725;0.7381;-18.8061;-77.0582;21.7942
8803;78.9394;1.268;94.0171;2.321;50.6181;1.1616;1.6374;-15.5428;-53.0135;10.6413
8804;81.4318;1.7518;104.1898;2.9536;48.7064;0.8976;1.2869;-11.7334;-52.209;10.4622
8805;77.2031;5.1662;132.9526;4.6649;68.6355;0.9246;1.1104;-13.085;-59.9686;12.4902
8806;33.7469;8.4714;99.8398;4.6675;69.4901;1.04;1.0476;-15.9303;-66.4244;14.8918
8807;54.3961;4.541;100.936;3.79;83.3158;0.8637;1.8627;-6.7335;-28.1129;6.9553
8808;69.4656;4.2728;80.4783;5.5241;73.3849;0.8;2.1432;-4.0722;-10.6994;5.5991
8809;78.7699;3.2671;109.6912;5.9531;82.5286;1.0733;2.2047;-9.8444;-31.5249;7.3019
8810;83.8115;2.9691;115.7923;4.5727;75.0635;0.949;1.6541;-10.54;-41.9012;8.606
8811;72.5966;1.206;86.548;4.1973;51.1887;1.1131;1.8635;-12.1689;-44.1959;8.9599
8812;75.9541;3.0467;79.4132;4.5666;50.1954;0.8918;1.5401;-10.19;-42.4391;8.6864
8813;71.5276;3.9474;192.8172;3.854;34.8993;1.0176;0.3842;-19.7446;-87.4166;39.7349
8814;82.3411;2.6682;97.7041;2.0526;46.4684;0.8;1.1732;-10.1269;-51.1161;10.2283
8815;75.6316;1.9403;84.2886;5.0514;66.6629;1.1293;2.2066;-10.5134;-34.8639;7.6762
8816;71.1833;5.6674;119.3209;5.7488;40.8987;0.8982;0.6061;-15.6463;-77.5068;22.229
8817;65.1694;7.3528;98.7382;4.3691;67.2508;0.9725;1.3886;-12.153;-52.4049;10.5053
8818;71.4632;7.9495;76.228;1.2024;68.5173;0.9699;1.4331;-12.3834;-50.7484;10.152
8819;78.7226;4.9599;112.8358;3.7424;69.074;0.9328;1.3533;-11.863;-51.6407;10.3393
8820;74.8146;1.6196;80.793;5.9586;52.3069;1.013;1.9904;-9.1751;-34.505;7.6342
8821;76.8549;5.8488;148.307;2.4426;67.3678;1.0027;0.786;-16.8451;-73.871;19.1358
8822;94.169;2.117;113.1593;5.6438;55.9317;1.0448;1.6507;-12.925;-47.3359;9.4941
8823;74.773;5.3137;93.3121;3.9319;40.529;0.8;0.7747;-12.7339;-67.7204;15.4896
8824;58.318;6.1696;102.7714;4.5718;27.4459;1.1668;0.415;-22.9015;-88.1441;42.1733
8825;85.9049;5.7303;125.3353;3.5712;55.8825;0.9755;1.0265;-15.2867;-64.9226;14.2542
8826;45.4084;8.2112;104.7588;2.8966;28.0249;1.0705;0.2869;-21.6381;-91.0654;50.0
8827;50.5346;5.8271;169.9829;6.7514;73.1443;0.9745;0.7056;-16.8387;-75.8635;20.7156
8828;76.0453;5.4832;132.8389;5.8238;66.7004;0.8081;0.9997;-11.2499;-58.7624;12.1248
8829;79.2951;2.9933;112.9643;5.5671;55.7073;1.6591;1.2688;-28.906;-74.5078;19.6138
8830;47.5891;7.7633;79.1167;5.9628;47.9473;1.0255;0.7536;-17.8308;-75.5042;20.4116
8831;63.1093;2.565;96.3944;5.3541;75.3871;0.8;2.0632;-4.291;-14.034;5.8163
8832;59.0905;7.4852;112.718;6.0162;61.6214;0.9818;0.7723;-16.3636;-73.7776;19.0677
8833;61.2398;3.2392;81.4065;3.6041;91.9316;0.9245;2.4659;-3.7062;-11.0955;5.624
8834;86.9848;2.2582;138.1758;6.6665;84.998;0.9681;1.8201;-9.2338;-37.3287;7.9781
8835;82.7171;6.6051;78.3849;6.5326;51.4495;0.8;1.1168;-10.3409;-53.4658;10.7448
8836;69.6558;0.7434;85.2735;5.1707;82.5126;1.006;2.8017;-5.153;-7.1676;5.3861
8837;60.1727;6.6584;86.8859;4.168;69.5786;0.8399;1.2022;-11.0282;-52.2865;10.4792
8838;45.7063;2.996;120.4369;2.7647;73.5952;1.3433;1.1325;-22.2649;-71.8987;17.7928
8839;95.5633;7.2312;81.7721;4.943;45.1845;0.9789;0.914;-15.7375;-68.8751;16.0643
8840;80.6581;5.4705;63.7632;7.1274;61.916;1.1546;1.947;-12.6725;-43.7903;8.8953
8841;57.28;5.2884;131.26;2.8587;66.0512;1.1934;0.9158;-20.0468;-74.4222;19.5482
8842;82.9528;3.5034;89.4852;6.1271;40.5138;1.0934;1.2387;-16.0275;-62.236;13.2401
8843;68.736;1.6878;76.5576;3.8928;73.8789;1.033;2.6745;-6.3122;-13.6991;5.7937
8844;64.832;6.6384;82.8023;4.0209;55.9715;1.2455;1.1436;-20.0111;-69.3957;16.3376
8845;77.8338;2.5147;153.6014;2.8368;25.4857;0.8831;0.4246;-16.6616;-83.9717;31.1947
8846;56.653;3.539;84.8521;3.4713;62.2397;1.1615;1.4976;-15.9596;-57.0197;11.6332
8847;63.8124;4.8448;96.9629;5.5702;82.8865;0.9202;1.6364;-9.3837;-40.7263;8.4354
8848;72.1863;4.1323;89.4286;5.7567;38.4419;1.0184;0.8877;-16.702;-70.9447;17.2086
8849;61.0099;2.6721;73.4794;4.9538;60.7231;0.8;2.1745;-3.6525;-9.3949;5.5185
8850;82.0435;2.3275;83.054;3.8488;73.7992;0.8;2.8289;-0.3499;17.8694;4.242
8851;103.6432;2.2109;72.2327;2.9447;29.7723;0.985;1.2882;-12.9953;-56.405;11.4692
8852;56.4226;6.9817;126.9941;4.6926;77.5252;1.2391;0.888;-21.7389;-76.1113;20.9304
8853;40.0277;1.3658;102.554;4.0526;69.3678;0.9603;1.8268;-9.0374;-36.5866;7.8848
8854;33.9687;8.7637;186.0173;4.9168;58.4824;1.4021;0.3996;-28.0536;-90.4991;50.0
8855;67.2916;2.6714;83.7589;4.1181;56.1798;1.0827;1.9356;-10.9;-40.4108;8.3908
8856;58.063;2.1187;80.6771;4.1565;77.6222;0.9669;2.6183;-5.2257;-9.737;5.5394
8857;73.7415;4.6961;146.7323;4.8384;66.1239;1.3449;0.9954;-22.8691;-75.3293;20.267
8858;72.3868;1.8783;130.2772;5.1283;51.5198;1.2993;1.1196;-21.1979;-71.2752;17.4066
8859;41.1421;4.8583;110.097;6.4359;73.8222;0.8;1.8013;-6.5442;-24.9462;6.6619
8860;37.3321;6.8483;75.6977;4.0945;67.2514;0.9924;1.2342;-13.7831;-58.5445;12.0611
8861;75.3268;1.5666;154.6894;5.4182;63.1926;1.1081;1.3099;-15.9398;-60.5967;12.6893
8862;72.4377;6.3519;98.2136;7.3054;77.4274;1.155;1.602;-15.3459;-53.7691;10.8153
8863;62.3353;3.6544;89.7925;5.4581;48.2921;1.1295;1.1075;-17.776;-67.3169;15.2984
8864;40.1714;2.4463;133.0746;6.3464;64.2911;0.9676;1.1128;-14.1797;-61.6649;13.0429
8865;78.485;2.5451;99.4442;3.6691;68.4304;0.9398;1.7435;-9.3649;-38.161;8.0855
8866;92.8942;7.6757;74.7204;3.5195;77.2162;0.9792;1.9829;-8.773;-32.4997;7.4074
8867;75.0037;2.1208;101.0127;4.3609;58.1067;0.8608;1.5465;-9.2214;-40.1119;8.3489
8868;54.7455;7.0236;82.2557;4.5206;43.6091;0.8;0.7956;-12.4171;-66.8514;15.0836
8869;70.8019;4.4948;60.0;6.2062;68.4685;1.109;2.8579;-6.4299;-14.101;5.8208
8870;45.4099;1.4631;80.2176;3.5055;82.6181;1.1221;2.8126;-5.7466;-16.4484;5.9843
8871;89.0433;4.0324;87.6399;4.4671;48.2298;1.4208;1.285;-22.9307;-69.8534;16.5856
8872;71.4732;6.5158;74.9079;6.2122;59.0417;0.8886;1.4734;-10.3091;-44.7284;9.0462
8873;38.1732;5.733;115.4667;4.9233;59.6048;1.0759;1.106;-16.6859;-65.735;14.5921
8874;64.5879;4.1694;82.336;4.5838;75.0232;0.9504;1.8472;-9.0755;-35.2143;7.7178
8875;78.3394;6.9493;112.7053;4.9577;48.6568;0.9713;0.7638;-16.4479;-73.7858;19.0736
8876;64.0051;2.1908;73.4673;2.9087;39.8463;0.8814;1.55;-9.3196;-41.3784;8.5293
8877;65.0339;7.5528;125.5212;2.8844;83.7695;1.0097;0.9319;-16.4515;-69.2333;16.2513
8878;47.9608;6.8044;72.6788;2.2177;45.1793;1.319;0.8295;-23.5127;-79.0376;23.8523
8879;80.1977;5.5955;60.0;4.91;53.0283;0.9174;1.5981;-10.4118;-41.9331;8.6108
8880;58.3276;6.52;136.2492;5.9783;64.8786;1.0844;0.6803;-19.3738;-79.0883;23.91
8881;31.184;4.4922;80.737;5.7484;58.0516;0.8876;1.4342;-10.032;-46.1396;9.2833
8882;63.3174;5.3522;155.1516;6.3154;41.3167;0.8;0.5274;-14.1191;-78.0268;22.755
8883;87.6607;4.5944;115.1595;6.7813;83.7414;0.9693;1.6374;-10.5477;-43.6924;8.8798
8884;63.0353;3.4529;121.8433;4.817;49.1386;1.4664;0.8739;-26.4584;-80.1339;25.1686
8885;101.2837;4.6455;129.8706;4.5031;63.8942;0.8495;1.1747;-10.921;-53.9077;10.8478
8886;77.7214;2.9728;102.857;6.8139;74.5032;0.8242;1.7866;-6.6991;-27.7465;6.9201
8887;76.0976;3.8991;103.15;3.5485;52.4942;0.8394;1.1442;-11.3676;-54.56;11.0035
8888;67.6888;3.0842;137.7589;2.8322;25.1068;1.4354;0.4321;-28.7251;-89.9646;49.8235
8889;68.7708;2.2084;102.8231;4.0917;38.413;1.2474;0.9696;-21.01;-74.0903;19.2978
8890;65.2584;3.2846;83.3564;3.9164;59.0391;1.1351;1.6076;-14.9229;-52.7932;10.5917
8891;64.5592;6.8627;115.7705;4.6725;44.1829;1.3111;0.5507;-25.3163;-85.9987;35.711
8892;79.5556;3.5845;60.0;3.325;70.9842;1.1988;2.7078;-8.5365;-24.7098;6.641
8893;53.155;5.9064;139.0815;5.1546;39.0668;0.9786;0.4568;-18.3216;-84.4398;32.1333
8894;50.6339;2.5398;139.8094;3.7463;73.5466;0.9139;1.2789;-11.5586;-53.3553;10.7193
8895;49.7825;3.8132;134.924;6.4423;69.5493;1.2284;1.3757;-18.1595;-62.6703;13.3942
8896;106.8218;2.1516;133.6351;2.8082;58.0612;1.0225;1.2333;-14.0707;-59.7963;12.4367
8897;79.5462;2.3145;97.9176;4.3908;78.1636;0.8325;2.09;-5.5512;-16.3139;5.9747
8898;75.4809;4.9561;97.3682;4.0976;50.2856;1.1105;1.1876;-16.2946;-64.3538;14.0267
8899;50.9647;4.8909;73.5349;4.9463;49.9368;0.9381;1.2823;-12.4233;-54.4353;10.9734
8900;81.2202;2.7511;154.8072;5.9901;85.2609;1.2487;1.431;-18.363;-61.8006;13.0892
8901;67.9017;4.0881;88.5808;4.9993;72.6762;0.824;1.956;-5.993;-20.8765;6.3192
8902;73.855;6.985;108.8686;4.4071;61.4599;1.1203;0.9234;-18.8623;-72.5264;18.1993
8903;52.4208;2.534;106.5572;5.6369;43.2302;1.0326;1.0116;-16.5213;-67.3427;15.3105
8904;72.8848;1.1755;71.5263;5.8645;45.9125;1.0372;2.3374;-8.1643;-24.8838;6.6564
8905;62.371;5.1894;64.6509;5.0038;55.673;1.0572;1.613;-12.7553;-49.1415;9.8312
8906;56.219;1.6272;100.1398;5.1814;65.6765;0.9623;1.7515;-10.081;-39.3285;8.2411
8907;83.2139;8.845;89.2759;5.57;38.0177;1.1055;0.5574;-20.6639;-83.1937;29.7508
8908;42.3213;4.9049;97.7889;2.1341;57.2099;1.0579;0.8939;-17.5157;-71.8339;17.7518
8909;80.166;4.0655;130.5197;4.0738;66.7686;1.0233;1.2717;-14.2266;-58.5745;12.0699
8910;82.3208;3.8433;105.7847;5.1644;42.928;1.2729;0.8923;-22.3914;-76.6318;21.3966
8911;54.1664;4.6717;120.8803;4.1626;38.7148;0.8;0.6762;-13.1578;-71.8239;17.7455
8912;55.2341;1.9671;111.7766;4.1678;74.5505;1.1245;1.9246;-12.4199;-42.9486;8.764
8913;65.9855;7.8427;92.3963;5.1624;83.2255;1.0452;1.5655;-12.7188;-50.0751;10.015
8914;75.0767;5.0105;77.845;5.1965;83.7492;1.1056;3.0744;-5.4321;-7.3069;5.3941
8915;67.2486;2.5903;106.8418;5.3006;49.328;1.128;1.2224;-17.4924;-63.8794;13.8425
8916;77.8041;4.6066;102.1195;3.4117;22.7249;1.1411;0.4605;-22.1154;-86.5471;37.1668
8917;101.7336;2.279;125.7077;2.4733;65.0089;0.9259;1.5313;-10.2631;-44.8695;9.0694
8918;60.8611;1.1457;96.2978;5.8066;57.97;0.8778;1.7852;-7.6649;-32.2101;7.3757
8919;39.1268;5.0431;92.836;3.4864;43.9018;1.0989;0.7777;-18.8475;-76.4093;21.1948
8920;84.8666;5.1651;94.424;3.3827;69.4363;1.3433;1.3934;-20.6539;-65.4238;14.4608
8921;100.2997;4.7384;79.4787;3.2474;72.6683;0.9595;2.1494;-7.6704;-25.3283;6.696
8922;77.0698;2.5875;143.5808;6.3265;49.389;0.8167;1.161;-10.3771;-52.6107;10.5509
8923;50.4205;4.8646;132.9639;4.918;65.6324;1.1713;0.8992;-19.8109;-74.4091;19.5382
8924;67.7699;1.6585;73.8409;5.1138;83.6531;0.8464;3.3675;3.9488;32.6191;3.7702
8925;49.8666;4.9024;122.2609;5.6343;58.881;1.0646;0.8911;-17.6151;-72.0984;17.9201
8926;81.5714;4.5541;63.0494;4.5364;36.1274;0.8184;1.2171;-10.0509;-50.4282;10.0864
8927;45.6768;5.2119;127.9312;6.119;22.5422;0.944;0.3082;-18.6148;-89.1173;45.9443
8928;64.5977;7.3635;84.0223;2.8048;62.7779;0.9976;1.1895;-14.8612;-60.2553;12.5803
8929;51.9219;6.8454;109.4147;2.9716;57.8905;0.9425;1.0765;-13.9586;-61.9286;13.1332
8930;72.2828;8.8658;61.7314;2.8888;69.8446;1.0478;1.2582;-14.9619;-59.9729;12.4915
8931;63.4058;8.743;74.1058;5.2325;69.7829;1.0661;1.1569;-16.0562;-63.8273;13.8226
8932;73.1817;6.1089;112.4317;5.3596;74.5285;0.9029;1.2992;-11.4184;-52.0351;10.4243
8933;70.4023;8.2976;83.9266;3.8911;75.8523;0.8958;1.2224;-12.1203;-54.5119;10.9919
8934;52.2401;7.0292;81.0592;4.2513;54.7193;1.2874;1.2001;-20.4926;-68.9267;16.091
8935;81.2838;5.7437;141.76;6.5021;69.2928;0.9537;1.0883;-13.7395;-61.9615;13.1446
8936;69.1222;1.838;173.8008;3.5583;47.8303;1.061;0.8211;-18.2705;-74.2048;19.3834
8937;52.2065;1.5793;126.3965;5.0431;84.5247;0.8;1.7201;-6.3939;-28.3293;6.9764
8938;110.3367;6.7137;76.1116;3.5714;53.5967;1.4323;1.2826;-23.7404;-70.1504;16.7507
8939;78.5757;4.1744;155.4074;6.244;63.2451;1.0956;1.0215;-17.6857;-68.9236;16.0894
8940;67.2413;6.4888;67.6814;5.5426;64.2811;0.8;1.5418;-8.0017;-35.7564;7.7829
8941;95.4737;3.2405;92.6702;2.5016;79.4474;0.8169;2.2034;-3.5782;-10.0908;5.5612
8942;103.1527;3.671;101.3789;4.2088;59.1622;0.866;1.6112;-9.2753;-37.9781;8.0617
8943;67.3837;5.5348;161.7707;1.4815;54.4833;1.4078;0.5242;-27.6766;-87.588;40.2837
8944;76.2532;7.6271;125.6292;5.9507;37.0428;1.6568;0.4649;-33.1262;-90.6459;50.0
8945;52.2159;1.9437;89.0529;7.671;50.5611;1.1122;1.4585;-15.0942;-56.2863;11.4381
8946;67.3505;6.9649;78.9592;1.3293;73.1295;1.245;1.6314;-16.6339;-56.3221;11.4474
8947;66.4169;6.2899;128.4729;2.4594;74.008;1.2837;0.903;-22.2759;-76.5517;21.3235
8948;73.3269;3.2534;87.5168;4.851;58.2425;0.8023;1.5906;-7.4775;-33.918;7.5664
8949;75.9897;3.4519;105.568;4.5723;53.9991;0.9856;1.343;-13.4359;-54.5765;11.0075
8950;80.0769;1.5505;71.0033;3.9837;61.1764;0.9826;2.7159;-3.6243;-7.8714;5.4272
8951;74.2776;1.1114;115.2939;1.9936;57.4743;1.3184;1.5191;-19.4611;-61.5935;13.0186
8952;48.2066;4.1026;112.995;5.0852;78.5993;1.5209;1.7328;-22.584;-62.0234;13.166
8953;53.1076;2.0063;73.315;5.9313;80.5988;1.5579;3.151;-13.6441;-32.5788;7.4161
8954;60.1647;2.6465;129.4217;8.8705;31.4897;1.1049;0.921;-18.3332;-72.2163;17.9962
8955;64.9197;6.8078;114.8764;6.5609;59.28;1.0803;0.8123;-18.378;-74.9361;19.949
8956;88.9139;4.659;120.3226;2.6519;66.4011;0.9151;1.1598;-12.7216;-57.7559;11.836
8957;49.0671;5.0641;90.9673;4.5822;64.9277;1.012;1.4219;-13.7011;-53.1665;10.6761
8958;63.5665;2.6101;104.5755;5.4881;87.8822;1.2376;2.2307;-12.6188;-39.9206;8.3223
8959;87.1542;6.6245;101.5971;3.5676;56.1103;1.21;1.1592;-19.1986;-68.0669;15.6577
8960;64.6022;7.037;96.3635;5.77;78.0201;1.1165;1.239;-16.3559;-63.0101;13.5172
8961;78.2875;4.3698;104.3547;5.6551;46.7445;0.8447;1.0509;-11.9937;-58.5276;12.0562
8962;67.4882;7.5886;136.9041;6.456;46.4778;1.4728;0.4703;-29.208;-89.3565;46.977
8963;74.6221;6.7877;130.8312;5.8034;47.8485;1.0991;0.6222;-20.1498;-81.1311;26.4986
8964;65.8875;5.7731;74.4185;5.0277;72.1158;1.041;1.6496;-12.1914;-47.1811;9.4663
8965;82.0072;5.7948;127.9348;3.6431;31.8229;1.1969;0.4902;-22.9197;-86.3473;36.6227
8966;42.189;2.0821;134.6873;2.6604;59.2369;0.8804;1.1696;-11.494;-55.7183;11.2913
8967;63.4604;3.0366;96.2911;4.9285;57.9686;0.8636;1.3666;-10.2755;-47.2517;9.479
8968;75.3383;1.76;113.5544;3.9942;65.9207;0.9292;1.6004;-10.4137;-42.5868;8.7088
8969;79.6065;0.9541;113.145;4.1392;78.1674;0.8172;2.1666;-4.4238;-11.6297;5.658
8970;96.8731;2.439;80.8567;6.2827;88.6922;1.0237;3.2735;-2.3086;6.5893;4.6909
8971;62.9616;7.1809;90.8928;6.6534;45.39;0.8;0.7648;-12.5721;-68.1327;15.6901
8972;96.6307;2.8868;120.6475;2.747;67.8054;0.9089;1.4705;-10.5803;-46.069;9.2711
8973;58.1376;8.5912;88.3419;4.2844;49.481;0.8;0.9312;-11.233;-61.1986;12.8861
8974;93.9156;4.825;127.6185;3.9502;67.1121;0.9497;1.121;-13.6596;-60.6576;12.7089
8975;84.7144;2.8738;138.5752;5.0724;71.5724;0.9581;1.4066;-12.584;-51.0638;10.2174
8976;53.5577;4.2172;133.0983;1.2006;70.5173;1.2642;0.9299;-21.7823;-75.482;20.3932
8977;75.5267;2.7811;164.0418;2.4087;57.5823;1.059;0.8215;-18.2866;-74.143;19.3371
8978;69.0778;8.9676;97.7572;4.4238;69.5962;0.856;1.0712;-12.0539;-58.2884;11.9871
8979;81.2605;6.813;104.5296;5.7792;19.0903;0.9255;0.2971;-18.3846;-89.3003;46.7302
8980;65.9811;1.2894;108.3467;4.7129;44.2485;1.3317;1.5869;-19.3324;-60.278;12.5875
8981;64.4696;8.1364;98.5014;5.6073;60.1966;0.8042;0.8319;-12.4688;-65.5171;14.5
8982;94.6437;5.6931;114.516;4.896;82.9448;1.5335;1.4203;-24.6413;-69.1257;16.1947
8983;68.223;1.8988;65.1941;6.5144;66.5204;1.0877;2.8885;-6.1283;-11.4823;5.6486
8984;84.8756;5.32;105.2561;6.8288;53.9897;0.8;1.1069;-10.3977;-53.8776;10.8407
8985;65.9437;5.1544;70.8674;3.4593;63.5191;0.8128;2.0906;-5.2017;-14.267;5.8321
8986;99.9999;2.7795;78.6112;5.9255;25.0028;1.181;0.9551;-20.0772;-73.0414;18.5469
8987;57.79;5.9921;120.1082;5.3622;57.6986;1.1591;0.7413;-20.6965;-78.6832;23.4557
8988;58.9454;1.938;95.144;8.357;63.9959;1.0898;2.5466;-7.6254;-22.1083;6.4192
8989;97.4413;4.1732;119.0536;3.4032;52.8359;1.0234;0.9863;-15.8979;-67.8756;15.5645
8990;61.991;0.9855;94.6301;4.4249;50.0378;0.9794;1.5867;-11.5435;-45.9972;9.2588
8991;98.8193;8.5581;131.8641;3.0516;68.3867;0.8557;0.714;-14.1875;-72.1887;17.9783
8992;86.0531;5.9354;94.1981;3.1406;61.4403;1.0808;1.1219;-16.3957;-65.3997;14.4508
8993;67.2163;2.4424;61.3405;5.1783;50.5439;1.3821;2.4073;-14.5759;-41.9397;8.6117
8994;37.3607;3.3835;105.7966;4.9083;80.4066;0.9939;1.5233;-11.8063;-48.9134;9.7873
8995;69.6523;2.4528;60.0;5.4122;51.1872;1.0539;3.2252;-2.8177;2.0105;4.9015
8996;71.8293;6.0605;69.5461;5.3796;81.3562;1.2278;1.8822;-15.1714;-48.9008;9.7849
8997;91.0099;1.6827;80.1928;4.2465;76.3445;0.901;3.0881;-0.6326;14.2422;4.3767
8998;98.592;6.7422;77.7301;4.2362;57.2029;1.0859;1.4761;-15.4027;-54.6889;11.0348
8999;57.6702;8.0394;87.2613;3.1438;66.673;1.1734;0.9387;-19.8519;-73.3359;18.7518
9000;84.4213;5.3627;77.0653;3.5483;78.2805;0.8634;2.2134;-5.4658;-14.5481;5.8512
9001;83.7772;2.749;70.364;4.5148;77.3487;0.8;3.3149;3.3186;38.1208;3.62
9002;89.3214;3.4767;147.0289;4.8955;74.8278;0.9557;1.4698;-11.2175;-48.736;9.7534
9003;78.9764;4.1039;84.4056;5.6662;57.2952;1.1865;1.6554;-15.3634;-53.4935;10.7512
9004;35.035;4.8724;60.0;5.5133;55.98;0.8;1.7651;-7.0344;-26.4555;6.7986
9005;67.2024;5.306;91.3721;6.9356;63.7793;1.0496;1.4183;-13.7671;-54.9598;11.1012
9006;49.1973;4.5553;75.489;3.141;60.0961;0.9635;1.3716;-12.4434;-52.5472;10.5368
9007;66.3531;3.4321;80.1523;4.2511;65.8139;0.9563;1.8391;-9.3511;-35.8914;7.7993
9008;87.6401;7.3067;119.433;3.272;62.8289;1.0622;0.7605;-18.6413;-76.133;20.9494
9009;75.4927;1.8903;89.4009;6.5159;85.2765;0.8;3.1422;1.8901;30.9254;3.819
9010;90.6656;4.0423;74.965;3.8463;51.0905;1.269;1.6442;-17.5797;-56.8092;11.5765
9011;76.1516;6.1367;111.8025;6.3325;83.5966;0.8368;1.364;-9.6637;-45.6652;9.2022
9012;46.6301;1.7024;133.3071;6.7792;42.8381;1.0753;0.996;-16.8059;-69.1265;16.1951
9013;30.0;5.5734;114.3642;5.2202;41.1699;1.1509;0.6051;-21.2616;-82.4742;28.5294
9014;72.6786;6.5375;60.0;5.0396;71.9046;1.3394;2.0263;-16.5077;-49.5721;9.9151
9015;66.1493;5.2508;75.6731;4.658;87.1488;0.9931;1.9926;-9.2463;-33.1229;7.4764
9016;52.415;1.0543;101.1933;4.1243;35.2952;0.8;1.2624;-9.3627;-47.3987;9.5055
9017;39.3887;2.5684;94.0753;3.9439;69.2639;0.8;1.7503;-5.9781;-27.071;6.856
9018;56.7746;3.3857;92.1439;4.3789;61.4739;1.2904;1.4933;-19.022;-61.4261;12.9621
9019;66.4992;2.8559;78.2165;7.3366;68.7002;0.8942;3.2662;1.1763;21.7573;4.1065
9020;81.9858;8.424;70.3705;3.0372;46.8825;0.9272;0.8558;-14.8601;-69.2349;16.2522
9021;73.3954;5.1866;165.1932;4.9069;81.8155;0.8;0.9926;-10.8773;-58.6402;12.089
9022;98.9452;3.1625;100.6801;5.667;45.2079;0.9259;1.2226;-12.4751;-55.9881;11.3606
9023;51.3591;7.8378;117.4134;4.1734;72.7115;1.4173;0.8955;-25.4327;-78.9384;23.7399
9024;85.8591;5.8466;100.1564;5.2241;76.9358;1.0065;1.5338;-12.4414;-49.2045;9.8434
9025;70.8514;3.1026;101.1655;2.3431;61.9686;0.8508;1.3505;-9.9811;-47.088;9.4496
9026;82.504;3.5732;98.4594;6.5876;36.6553;1.2334;1.0212;-20.3901;-72.4002;18.116
9027;62.1427;2.6763;75.57;6.2967;55.7663;0.8;1.8732;-5.6401;-21.9494;6.4061
9028;89.2902;8.6131;68.4804;4.4524;69.8927;0.9981;1.9462;-9.7179;-35.0017;7.6925
9029;75.314;4.3343;110.1372;3.2802;67.5835;0.9313;1.1447;-13.2212;-59.0262;12.2029
9030;57.77;7.3709;104.8081;5.7893;74.5306;0.9464;1.0411;-14.2373;-63.3314;13.6357
9031;69.7836;3.4077;126.4365;2.8778;78.5399;0.8;1.8393;-6.2326;-23.3641;6.5244
9032;65.688;6.958;120.1824;3.0931;58.6869;0.9711;0.7612;-16.4282;-73.87;19.1351
9033;78.8052;1.6313;81.699;4.5196;67.3252;0.9232;2.2686;-6.7205;-18.0874;6.1041
9034;48.764;8.9087;132.7301;6.8771;70.9547;0.8259;0.6457;-14.0559;-73.9411;19.1873
9035;69.4717;7.5814;121.077;5.5609;50.7063;0.9226;0.6828;-15.7402;-75.3302;20.2677
9036;77.1155;3.4925;118.8522;3.6295;65.4416;0.8;1.3131;-9.3107;-45.2879;9.1387
9037;70.5944;6.1295;175.4759;2.0769;56.7182;1.5453;0.5047;-30.5962;-89.1131;45.9266
9038;94.2449;5.9411;166.694;4.6623;67.2656;0.8;1.1008;-10.7222;-54.1348;10.9015
9039;83.9324;7.4375;118.8246;4.9771;85.4577;0.9708;1.1123;-14.1078;-61.8101;13.0925
9040;69.8653;3.2127;115.1769;4.4908;82.2504;0.9674;1.6467;-10.1256;-43.2638;8.8127
9041;73.9004;4.0382;131.0507;7.3096;65.5865;0.8924;1.3311;-11.5181;-50.2819;10.0567
9042;75.322;7.0037;86.4168;4.4021;61.1798;0.9534;1.0834;-13.9838;-62.1219;13.2002
9043;77.2594;6.1628;86.7225;1.1768;70.0139;1.1355;1.2267;-16.579;-63.9911;13.8855
9044;37.1382;3.6491;118.3357;3.9893;37.6913;0.8;0.6576;-13.291;-72.5991;18.2476
9045;64.5725;6.797;80.7252;5.282;46.0008;0.8;0.8759;-12.093;-63.5034;13.6999
9046;43.2801;1.556;115.9736;5.1803;68.7055;0.8989;1.62;-9.1001;-39.9247;8.3229
9047;93.0091;6.1929;103.9987;4.335;68.1304;0.8;1.2537;-9.3155;-47.7629;9.5717
9048;68.9047;2.716;80.731;4.0867;34.6094;0.8393;1.152;-11.0284;-54.2481;10.9285
9049;66.5199;3.1099;100.6488;1.6006;55.0221;0.8975;1.1313;-12.5121;-57.9867;11.901
9050;86.1424;4.1947;138.579;4.7287;81.2334;1.0185;1.4085;-13.2222;-53.9052;10.8472
9051;77.6018;3.9508;102.0806;4.0921;47.9286;1.2947;1.0271;-21.7245;-73.555;18.9072
9052;49.6846;4.3536;102.1873;4.9739;51.0876;1.0614;1.077;-16.5798;-66.1772;14.7829
9053;68.7237;4.498;108.5723;5.3369;32.7606;1.0711;0.6427;-19.3353;-79.9976;24.997
9054;63.967;3.3327;112.1646;6.4616;44.231;0.8648;0.9005;-12.9461;-65.2882;14.4043
9055;38.5984;2.54;92.0618;3.1667;87.3012;0.8851;1.9957;-7.2826;-24.8361;6.6521
9056;57.575;6.0762;109.1513;2.659;64.2021;0.8892;1.0102;-13.0274;-62.1337;13.2043
9057;66.6963;3.6832;76.9305;3.739;43.5251;0.9747;1.239;-13.2653;-57.6277;11.8002
9058;67.9309;4.2675;81.8921;3.4966;38.543;0.9152;0.9183;-14.1712;-66.5512;14.9482
9059;43.3198;5.1392;84.5534;3.3619;75.836;1.0666;1.4072;-14.0643;-56.0199;11.3688
9060;90.73;7.5487;112.4615;6.7674;65.7906;1.1318;1.0009;-18.417;-70.5241;16.963
9061;68.1621;5.59;104.0871;4.8226;52.4215;1.2915;1.0043;-21.9884;-74.0784;19.289
9062;70.676;1.5391;96.6968;7.5586;57.1878;1.0567;1.8303;-11.3642;-42.2634;8.66
9063;77.2115;6.7235;118.8501;4.5954;28.0252;1.0667;0.4076;-20.686;-87.2632;39.2564
9064;55.8146;9.1586;109.9346;2.8422;51.77;1.2606;0.5236;-24.1511;-86.1549;36.1139
9065;78.2144;4.0772;93.0071;3.3877;75.4544;1.155;2.0651;-12.5583;-40.4016;8.3895
9066;63.3927;8.5779;77.1971;6.1367;83.486;0.9307;1.522;-10.6863;-45.4878;9.1723
9067;53.8615;4.5134;81.4707;2.8992;57.1138;0.8117;1.3013;-9.3958;-46.5638;9.357
9068;80.3221;4.0054;69.3016;5.4368;72.284;0.9086;2.5842;-3.7019;-5.1979;5.2741
9069;96.8501;3.332;103.5767;4.0649;36.1082;0.8474;1.0805;-11.6507;-57.4985;11.7643
9070;83.0469;5.2279;80.611;3.2053;65.4041;1.0239;2.2354;-8.262;-27.2287;6.8708
9071;86.6136;2.8363;88.3529;6.6798;31.3624;1.1026;0.9173;-18.1509;-72.2691;18.0304
9072;60.6286;2.0787;96.8606;3.7172;45.3193;0.922;1.1771;-12.8827;-57.4439;11.7492
9073;41.2428;1.3043;129.8226;3.3586;69.707;0.9293;1.6517;-9.7834;-40.7563;8.4397
9074;96.8225;3.1402;126.1369;4.4817;66.413;0.8;1.4121;-8.5152;-41.1617;8.4979
9075;106.9813;3.6611;98.6416;3.8376;81.1377;0.8923;2.1065;-6.3433;-21.3096;6.354
9076;97.7705;4.5423;137.2146;7.9225;53.6144;1.8727;0.9925;-35.0248;-82.334;28.3029
9077;63.9559;3.142;60.4661;6.1905;81.0273;1.2516;4.1234;-2.1652;9.8139;4.5532
9078;49.2166;8.9704;159.8883;3.714;78.4766;1.305;0.4992;-25.2673;-87.2503;39.2165
9079;50.8177;3.1371;118.9015;3.887;68.086;1.1021;1.2398;-15.9527;-62.5044;13.3349
9080;39.6928;3.9029;102.6034;1.5708;61.2359;1.2037;1.2817;-18.3071;-64.5056;14.0867
9081;68.0672;2.0661;80.0243;4.8061;50.7955;0.9335;1.9708;-7.7742;-29.6221;7.1045
9082;98.9022;2.9879;89.6267;3.4794;66.9388;0.85;2.1604;-4.8995;-15.2727;5.9013
9083;67.4501;1.5714;116.4553;4.732;45.937;1.3463;1.2682;-21.3704;-68.6009;15.924
9084;75.4418;4.5877;117.1189;1.6506;76.2736;0.8039;1.2213;-9.8522;-49.3556;9.8728
9085;94.7607;5.9313;118.187;4.5599;69.1094;1.1031;1.2033;-16.4659;-63.6382;13.7507
9086;62.7263;2.6559;83.3498;7.148;69.2968;1.4283;2.3518;-16.1859;-45.1137;9.1097
9087;106.6396;3.5166;79.258;4.6812;60.7351;1.2133;2.3639;-10.6844;-35.0552;7.6988
9088;105.8577;1.1282;105.0012;3.438;60.5152;0.9498;1.8707;-9.066;-34.3499;7.6161
9089;67.64;6.7332;121.2232;4.5693;35.2002;1.2913;0.4275;-25.5394;-88.9649;45.3098
9090;59.6044;6.1748;100.0797;4.5036;79.7265;1.0443;1.3461;-14.0835;-57.0344;11.6372
9091;82.5503;1.7257;144.8272;7.8877;56.8539;0.9736;1.4265;-12.5062;-51.1589;10.2373
9092;63.7446;3.5011;100.8319;4.1007;44.4798;1.1597;1.0143;-19.0014;-70.8453;17.1499
9093;49.182;8.2756;99.9823;2.7951;76.8718;0.8385;0.8648;-12.8907;-65.6197;14.5432
9094;93.0623;3.6415;118.2511;4.6322;70.7045;0.8;1.6532;-7.1517;-31.1162;7.2586
9095;91.8961;4.3869;135.6364;4.8933;56.039;0.9542;1.0108;-14.6317;-64.6907;14.1606
9096;72.7992;3.452;71.3685;5.4434;53.5068;0.8775;1.6813;-8.7907;-36.1323;7.8287
9097;47.2684;4.8176;75.616;5.7336;64.3299;0.8;1.52;-7.4337;-36.6649;7.8945
9098;47.8685;8.7948;92.4673;7.5333;36.9719;1.0063;0.4695;-19.1312;-84.4498;32.1538
9099;71.9301;9.5925;200.0;3.7065;47.1026;0.8974;0.298;-17.7385;-88.9291;45.1635
9100;61.0023;6.1294;93.6723;3.5702;60.8542;0.8265;1.0355;-11.3286;-58.2383;11.9727
9101;63.8603;3.7061;97.0013;1.8188;82.7768;0.9967;1.6257;-10.9591;-45.6326;9.1967
9102;88.3953;4.2017;116.7177;5.5925;84.11;0.8273;1.9192;-5.5442;-22.6736;6.4661
9103;83.1972;3.4596;127.6641;3.269;72.7616;1.2613;1.49;-18.5535;-60.6217;12.6974
9104;94.8066;9.0206;104.336;5.9376;68.5334;1.4275;0.9135;-25.3899;-78.6683;23.4393
9105;52.1688;5.5916;133.7881;3.8625;45.9962;1.1506;0.5292;-21.8656;-84.6695;32.6148
9106;63.8226;3.9464;74.1936;7.1889;44.3352;0.9181;1.2967;-12.4358;-52.9176;10.6197
9107;83.6617;1.0364;82.5701;2.4497;65.2223;1.0854;2.3;-8.7202;-29.3691;7.0791
9108;78.0654;4.3531;133.7259;6.1344;76.5802;0.8748;1.6466;-8.3598;-37.2546;7.9687
9109;97.5828;8.9662;100.274;5.9558;49.9564;1.1426;0.6516;-20.8348;-80.9892;26.3008
9110;77.5697;4.3683;72.9342;5.3899;47.1247;1.1553;1.4425;-16.2485;-58.383;12.0143
9111;103.266;2.5815;71.8468;2.9241;61.5283;1.1704;2.2898;-11.5389;-34.7876;7.6672
9112;79.7203;1.2244;81.6494;5.3967;53.4322;0.9289;2.2487;-5.7434;-19.3074;6.1964
9113;89.119;3.4493;100.0532;4.7903;30.95;1.152;0.9001;-19.3631;-73.9542;19.1969
9114;64.1767;7.6681;112.3945;1.8546;67.6473;1.1033;0.7172;-19.7727;-78.3327;23.0762
9115;70.2572;9.5213;92.1028;6.9374;50.13;1.0541;0.6449;-19.0043;-79.608;24.5194
9116;86.397;8.0939;110.1034;4.0816;66.3039;1.0181;0.84;-16.9974;-72.5002;18.1819
9117;99.0336;5.7581;89.6491;6.8218;44.4632;0.807;1.0433;-10.9697;-56.9075;11.603
9118;83.1263;4.5793;135.7955;4.4985;45.7018;1.0868;0.8009;-18.9021;-75.4377;20.3564
9119;68.5029;4.7828;189.2616;6.0735;79.0842;0.9455;0.8068;-15.7409;-71.5552;17.5779
9120;94.792;4.4631;90.651;3.3107;67.5057;0.8;1.6694;-6.978;-30.4415;7.1882
9121;30.5444;5.5862;112.7478;4.9217;48.5977;0.8682;0.6149;-14.8747;-76.3937;21.1808
9122;44.3998;3.7835;110.4732;4.8159;81.3918;1.0901;1.7629;-13.0675;-46.0915;9.275
9123;82.2694;5.3098;103.5282;4.1146;64.0807;0.9081;1.231;-12.2267;-54.8126;11.065
9124;70.254;2.1995;117.7405;3.2962;63.5374;0.8917;1.4338;-10.4922;-46.4047;9.3292
9125;80.8992;3.0121;112.7165;-0.0002;79.9154;0.8;1.917;-5.8955;-20.1264;6.2599
9126;71.1593;6.6976;88.8906;3.3314;45.5133;1.2439;0.7465;-22.5213;-79.9938;24.9922
9127;80.277;7.47;138.9767;5.6508;48.9811;0.8021;0.6665;-13.2782;-72.3039;18.0531
9128;55.3407;4.4632;105.1709;2.5072;67.2249;1.012;1.1326;-15.2073;-62.6941;13.4027
9129;80.2687;1.3668;90.8282;2.8178;43.8823;0.9104;1.6181;-9.7907;-40.7564;8.4397
9130;87.8995;7.7963;184.1905;2.4477;62.2885;1.0545;0.4868;-20.0417;-84.6136;32.4962
9131;91.9699;5.5489;97.1365;4.9133;55.8077;1.0509;1.0898;-16.1251;-65.4356;14.4657
9132;106.244;3.7576;106.5811;3.2599;76.3158;0.9599;1.835;-9.6482;-36.278;7.8466
9133;74.3938;4.832;104.4836;6.4305;72.6609;1.0574;1.5822;-13.6266;-50.1235;10.0248
9134;74.9304;3.8421;96.8048;5.7019;30.577;1.0038;0.7851;-17.1994;-73.9311;19.18
9135;42.5829;4.0372;111.8699;4.9002;59.8221;0.8;0.991;-11.1311;-58.7097;12.1094
9136;60.4346;7.2564;80.9572;5.0559;57.1235;1.2729;0.9743;-21.8436;-74.4876;19.5983
9137;66.5245;2.456;116.0831;3.4556;50.7856;1.3552;1.0403;-22.9089;-74.4106;19.5393
9138;88.9058;2.0691;64.4301;3.456;58.2583;0.8386;2.4705;-3.2125;-1.8051;5.0919
9139;59.002;0.7546;72.2876;5.6665;57.4391;0.8;2.6128;-1.006;8.8676;4.5927
9140;84.3341;3.2458;157.8431;5.9701;57.866;1.2848;0.9267;-21.9296;-75.9569;20.796
9141;69.9708;2.3711;73.0486;5.6534;74.0472;0.807;2.6771;-0.9847;10.5807;4.5216
9142;66.811;2.7858;61.2633;3.8941;43.0454;1.2955;1.7335;-17.7652;-55.3954;11.2096
9143;74.4801;1.0166;73.5023;4.013;55.9224;1.2623;2.389;-12.8556;-36.911;7.9253
9144;62.9592;2.8229;154.4985;3.2024;59.5069;0.9689;0.9132;-15.2487;-68.5809;15.9139
9145;62.2773;3.3386;63.8927;5.7524;78.6577;0.9655;2.753;-3.9586;-4.9496;5.2604
9146;39.3139;1.3659;78.7451;1.6578;58.3973;0.8198;2.071;-4.8477;-15.7939;5.9378
9147;65.5368;4.8937;69.451;1.2936;52.41;1.0133;1.3504;-13.8624;-55.5752;11.255
9148;61.3606;4.6451;93.3763;1.5927;46.0931;1.1032;0.8749;-18.7639;-73.5644;18.9139
9149;60.7123;2.0181;89.6726;1.386;54.3809;1.0751;1.3738;-14.4767;-57.4038;11.7381
9150;77.5037;4.8104;88.6753;6.6357;76.9362;1.1303;1.8954;-12.8139;-44.1032;8.9451
9151;81.8554;9.7008;159.0476;5.7802;49.8666;1.2362;0.4617;-23.9836;-87.5494;40.1589
9152;74.1795;8.0783;74.0989;2.8021;76.3244;0.9906;1.3513;-13.1934;-54.5299;10.9962
9153;87.9175;0.7519;97.4777;4.4411;51.9986;1.7579;2.0781;-24.7314;-60.5953;12.6888
9154;80.3601;6.3112;108.8336;6.7987;61.5341;1.0939;1.0208;-17.4496;-68.8941;16.0741
9155;64.689;3.4437;78.2664;5.3503;46.3938;1.0829;1.7056;-13.0302;-47.4985;9.5235
9156;61.6686;1.7295;112.9356;7.7716;72.1631;1.0813;1.9287;-10.7106;-40.5428;8.4094
9157;75.6308;3.1577;90.488;4.4286;61.7349;1.0843;1.6606;-13.1535;-48.9506;9.7944
9158;80.3278;3.284;109.8095;3.6173;44.1595;1.0831;1.1157;-16.2907;-65.6625;14.5614
9159;95.1612;4.3693;97.3361;2.9783;56.079;1.2326;1.3423;-18.7011;-63.7001;13.7741
9160;91.4411;5.2526;60.0;4.6355;67.4184;0.8;2.5199;-0.659;4.9953;4.7621
9161;60.2535;5.9149;138.6142;6.0041;72.7349;0.9524;1.1288;-13.6194;-60.4963;12.6571
9162;68.1639;2.9167;167.802;4.7487;23.7844;0.8;0.3436;-15.3878;-85.6823;34.9218
9163;82.0783;3.2842;95.6774;4.0627;78.2992;1.3137;1.9682;-15.8986;-50.0583;10.0117
9164;89.224;3.2182;79.8925;6.4848;36.3596;0.8;1.1819;-9.8656;-50.7537;10.153
9165;86.9015;3.4902;145.718;5.3933;41.2858;0.8538;0.7121;-14.1484;-72.1971;17.9838
9166;68.8502;9.8488;160.4153;4.4298;79.2474;0.8754;0.507;-15.9212;-80.6947;25.8996
9167;47.4276;6.1572;95.8679;3.4501;58.695;0.8;0.8798;-11.5765;-63.3428;13.6399
9168;52.0191;8.7104;94.6797;4.2183;44.765;0.9409;0.5541;-17.0212;-80.3716;25.4733
9169;74.9074;5.4825;98.022;5.3091;90.4443;0.8;1.6958;-7.0632;-29.3421;7.0764
9170;76.1601;3.7165;65.7943;3.4295;38.1573;1.357;1.5679;-20.462;-61.4854;12.9821
9171;50.2238;3.6296;92.9804;2.7495;82.5282;1.0881;2.0715;-10.4295;-36.5394;7.8789
9172;70.8023;4.1682;153.5315;3.8798;71.7167;0.8587;1.0347;-12.1822;-59.8324;12.4478
9173;81.362;3.7728;95.8705;4.5262;54.4107;1.1214;1.2714;-16.5981;-62.2089;13.2306
9174;49.2779;6.6212;77.1045;6.6449;62.0297;1.067;1.1837;-15.6584;-63.0218;13.5215
9175;89.8899;4.0353;113.221;2.8599;61.7692;0.8283;1.4119;-9.6458;-43.1785;8.7995
9176;63.2044;3.1559;84.6369;4.9401;33.0922;1.1518;0.9613;-19.0915;-72.181;17.9733
9177;92.637;6.1307;98.3524;4.1836;61.2954;0.9584;1.3443;-12.5399;-53.244;10.6938
9178;60.3979;6.8886;72.8176;4.2581;50.4748;1.2545;0.9632;-21.4312;-74.4071;19.5367
9179;51.5207;3.7918;77.1703;6.909;60.9393;0.9075;1.7098;-8.4818;-37.1974;7.9615
9180;61.7535;5.2999;120.2515;4.7218;76.143;0.8;1.1052;-10.5854;-53.949;10.8575
9181;68.2873;1.6818;102.939;3.2297;85.1091;1.2156;2.5074;-10.4793;-31.245;7.2722
9182;63.0074;4.4062;82.3646;5.9331;76.871;0.955;1.8923;-8.6353;-33.9502;7.5701
9183;66.112;1.5336;103.0335;5.8229;69.532;0.9951;1.9602;-9.605;-34.3369;7.6146
9184;76.0114;1.3326;85.9172;3.0982;60.7369;1.0546;2.3372;-8.8969;-26.1296;6.7686
9185;66.9188;4.9265;82.2062;2.8106;57.3561;0.8217;1.3841;-9.2493;-43.8534;8.9053
9186;68.81;3.1935;133.7776;5.2158;48.3691;0.9432;0.8934;-15.2546;-68.4274;15.8365
9187;39.2339;5.8622;121.6186;4.5505;35.3002;0.8986;0.4541;-16.7313;-83.1553;29.683
9188;77.0506;7.3712;99.4696;3.8941;41.0147;0.9241;0.6244;-16.0225;-77.4766;22.1991
9189;68.3943;2.3195;103.6743;6.1844;47.1426;1.2839;1.2616;-19.7986;-67.2475;15.266
9190;98.9853;5.7199;99.7903;3.7116;39.6322;0.8563;0.7354;-14.2975;-71.3722;17.4655
9191;53.0878;4.3181;112.9474;5.2323;45.8464;0.8478;0.9861;-12.6719;-61.2313;12.897
9192;37.4507;2.1318;81.8833;6.362;81.9425;1.3228;2.286;-14.6977;-42.3966;8.68
9193;81.1252;5.1866;124.0639;4.0913;47.6659;0.8212;0.7585;-13.0616;-69.2095;16.2388
9194;76.2375;4.9039;109.2416;1.8564;65.9054;1.0129;1.1674;-14.7036;-61.5817;13.0146
9195;51.8482;4.3246;93.6352;3.9954;83.6635;1.1467;1.6277;-14.798;-52.6865;10.5678
9196;42.4645;7.7887;88.5197;4.8839;63.3334;1.1453;0.9681;-18.9159;-71.8232;17.7451
9197;97.6731;4.3566;123.4027;6.1045;68.7272;0.8;1.3417;-9.1946;-44.0961;8.9439
9198;95.454;9.2058;96.3077;3.8183;37.0575;0.8667;0.4753;-15.9581;-81.7189;27.3506
9199;30.0;4.2872;83.9689;7.1846;63.3766;0.8;1.5431;-7.4041;-35.7057;7.7767
9200;61.752;2.1588;90.8335;2.6518;62.2411;1.1813;1.6407;-15.1062;-53.7036;10.8
9201;99.9555;4.0659;121.2035;4.8462;77.9202;1.2334;1.5534;-17.34;-58.0171;11.9096
9202;61.4309;2.5809;66.8554;4.2413;86.2349;1.2231;4.5285;2.0688;23.4167;4.0513
9203;61.169;4.824;91.4981;6.6206;60.9925;0.9951;1.6106;-11.5847;-46.0474;9.2674
9204;64.9103;5.4826;130.6884;2.3895;64.4814;0.9548;0.9012;-15.1805;-68.538;15.8922
9205;49.8239;4.0545;95.8818;5.2385;41.2701;0.8936;0.8366;-14.1559;-68.7926;16.0219
9206;39.314;2.0233;107.0584;4.2337;76.6998;0.8;1.8954;-5.6235;-21.0265;6.3312
9207;88.9459;4.0556;131.2183;6.8937;59.1008;1.1096;1.0778;-17.5998;-67.6212;15.4422
9208;36.8271;1.8909;124.9924;3.3572;81.6462;0.8236;1.4909;-8.5821;-39.6588;8.2862
9209;74.4509;5.4023;89.5821;5.223;54.8361;0.8;1.148;-10.5774;-52.1687;10.4534
9210;85.9584;6.2663;96.7927;3.3427;33.454;1.3008;0.5885;-24.8716;-84.9197;33.1559
9211;43.8779;8.4183;125.3815;4.8821;79.4209;0.8838;0.7315;-14.5679;-72.4141;18.1252
9212;53.3632;2.3799;126.4741;4.046;66.0631;1.05;1.2427;-15.2176;-60.5477;12.6735
9213;91.8372;4.4238;97.8228;4.0222;47.2215;0.9715;1.3435;-12.7052;-53.9025;10.8466
9214;79.5921;4.6373;98.6703;1.6188;58.2121;1.2542;1.1957;-19.6766;-68.2216;15.7339
9215;58.8889;7.7295;106.9211;5.2219;58.1029;0.8;0.6778;-13.1966;-71.7591;17.7048
9216;91.6405;5.0214;140.7373;2.9766;53.5855;1.1648;0.8446;-19.7688;-75.8304;20.6871
9217;91.7176;2.359;130.5899;2.925;71.9815;0.9907;2.2299;-7.9892;-24.9701;6.664
9218;74.8429;3.8777;118.9278;2.2671;39.7837;1.0952;0.6781;-19.7573;-79.3594;24.2241
9219;53.7971;5.2085;76.3633;3.0159;53.8649;0.9223;1.284;-12.1301;-53.5917;10.7739
9220;62.5579;5.5356;93.3599;5.3507;48.1019;0.9282;0.9723;-14.3441;-65.0816;14.3191
9221;75.155;6.9825;94.5944;5.2768;60.1682;1.2018;1.0682;-19.3657;-70.3707;16.8752
9222;66.6053;2.5705;142.5641;5.5956;67.1619;0.8608;1.186;-10.8595;-54.0765;10.8877
9223;86.9012;8.2049;94.2032;3.0595;58.83;0.9;0.8218;-14.3991;-69.5615;16.4266
9224;42.4641;1.6851;136.8015;4.9222;65.7245;0.9527;1.3007;-12.3059;-54.4926;10.9872
9225;43.1033;8.9609;86.7036;3.6769;67.7018;0.8;0.9931;-11.2278;-58.6188;12.0828
9226;73.2557;6.9245;88.451;6.0321;51.0722;0.9477;0.9718;-14.8666;-65.8186;14.6278
9227;61.1522;5.2469;112.7907;5.239;61.9029;0.9594;0.9608;-14.9629;-66.6168;14.9776
9228;58.7131;5.802;147.9992;3.6152;54.3151;1.1472;0.6562;-20.8745;-80.9317;26.2215
9229;38.175;1.8139;94.8433;6.1609;51.0096;0.9;1.5678;-10.1615;-41.9324;8.6106
9230;70.3518;1.4925;60.0;5.361;46.2359;0.8;2.3349;-3.6252;-2.7107;5.1393
9231;69.0504;2.0547;67.6349;2.5195;63.9462;1.0063;3.0536;-3.0913;1.1501;4.9432
9232;81.7626;1.9404;107.7335;2.0927;63.8609;0.9091;1.5759;-9.7454;-42.2179;8.6532
9233;71.2403;4.5137;69.1634;2.5785;63.2504;0.8;2.0154;-4.8708;-16.0238;5.9541
9234;67.6131;2.762;80.5421;7.0738;73.7119;1.0667;2.4379;-8.0685;-23.8208;6.5635
9235;91.186;6.951;100.309;3.0768;66.2079;1.0751;1.0999;-16.5138;-65.8964;14.6612
9236;46.3756;3.9289;60.0;7.4142;65.4829;1.1298;2.3015;-10.8275;-32.0988;7.3636
9237;79.655;5.5002;90.9435;2.999;77.5549;1.0784;1.5318;-14.1858;-52.6489;10.5594
9238;39.9194;5.1954;74.7365;2.8392;37.4439;1.1584;0.7444;-20.4261;-78.5802;23.3429
9239;54.9095;3.2747;68.743;5.9199;69.2681;1.0693;2.2569;-8.5988;-29.6482;7.1071
9240;48.1722;2.9032;81.8284;5.9883;55.0329;1.4986;1.5897;-22.5518;-64.6415;14.1409
9241;84.075;3.3874;76.5442;5.4337;51.7558;1.3426;1.7535;-17.9388;-56.4637;11.4847
9242;68.8226;6.3227;112.4535;5.6142;16.4013;1.0486;0.2634;-21.1954;-91.6278;50.0
9243;69.7569;4.7548;134.8687;3.3976;51.6956;0.8;0.9681;-11.3822;-59.6614;12.3951
9244;50.0788;2.9539;91.292;5.8495;81.0813;1.4536;1.9521;-19.4011;-55.2351;11.1695
9245;64.6055;6.5196;86.1542;4.96;83.8236;0.948;1.531;-11.137;-46.1675;9.2881
9246;56.2576;1.6404;90.163;4.0521;81.6038;1.1335;2.4034;-9.4986;-29.3213;7.0743
9247;76.9022;5.5274;75.8019;4.7419;46.7179;1.0991;1.1983;-16.1219;-63.6583;13.7583
9248;52.1604;3.8926;72.4564;6.191;58.1356;0.9769;1.6933;-10.3626;-42.2221;8.6538
9249;93.9363;5.7728;66.2729;5.1878;35.9863;0.9084;1.0388;-13.0803;-61.8823;13.1173
9250;39.8396;7.8037;71.7215;1.3633;80.2923;0.9334;1.4778;-10.858;-47.2235;9.4739
9251;55.4826;5.9229;150.3804;5.9368;70.2531;0.8;0.9827;-11.3729;-59.0559;12.2118
9252;100.1896;3.9083;84.147;5.822;65.0639;0.8;2.3056;-2.8142;-3.9316;5.2046
9253;62.1675;2.3936;60.0;4.0314;70.7205;0.9065;2.8968;-1.0701;6.5186;4.694
9254;46.3322;6.4115;86.3498;4.7751;37.6038;1.0101;0.6201;-18.1341;-79.5375;24.4349
9255;73.9433;4.0114;67.1928;4.7691;61.907;1.1258;2.3194;-10.1586;-31.324;7.2806
9256;61.4429;1.8374;101.4982;1.6308;50.5559;0.8914;1.3566;-11.0132;-49.2721;9.8565
9257;54.9543;5.6776;98.7984;3.9975;46.9492;1.1462;0.8924;-19.8454;-74.0461;19.2649
9258;50.2743;3.1377;101.4069;4.0555;65.9674;0.9553;1.9473;-8.3981;-32.0545;7.3588
9259;119.8307;1.5775;98.987;4.3619;66.4855;0.9304;2.2726;-6.2258;-18.577;6.1408
9260;65.4721;7.457;91.1032;3.8112;66.8352;1.0104;1.0377;-15.7626;-65.7674;14.6059
9261;35.3398;4.1371;69.4909;5.5943;74.9303;1.1581;2.6975;-9.2194;-22.3602;6.44
9262;96.8868;3.0851;98.151;3.3863;63.3733;0.9542;1.9969;-8.198;-30.2453;7.168
9263;80.9993;5.6572;129.0115;5.9651;74.4564;1.0757;1.0289;-16.6373;-68.1175;15.6826
9264;56.2036;7.2455;157.3682;5.5236;54.0412;1.1608;0.505;-22.1226;-85.4994;34.4814
9265;53.2039;0.5854;94.2238;6.6406;55.041;1.1151;2.7803;-7.1021;-16.8908;6.0162
9266;82.1225;5.4439;96.8117;7.2007;64.7191;0.875;1.3899;-11.1258;-47.051;9.443
9267;65.5555;6.0638;113.3269;7.2107;40.1955;0.9085;0.5959;-15.9133;-78.1384;22.8712
9268;35.3324;2.7329;145.2535;2.8216;45.0709;1.1238;0.6769;-20.2625;-79.9216;24.9024
9269;102.1703;4.1742;88.5525;5.1163;13.4308;0.9733;0.4317;-18.4636;-85.2154;33.8189
9270;62.1882;1.9562;118.906;3.5233;57.1491;0.8557;1.1933;-11.4089;-53.5133;10.7558
9271;96.9203;5.8962;81.4073;9.5204;64.4764;1.0089;1.8036;-10.4769;-40.4131;8.3911
9272;93.0118;6.815;108.5958;5.5211;43.5684;1.1683;0.6786;-21.0176;-80.6394;25.8256
9273;51.9818;2.1029;127.4624;6.7245;62.6442;1.2006;1.3124;-17.4262;-63.563;13.7223
9274;88.5974;6.5064;72.418;5.2531;74.1329;1.2266;2.0469;-14.0347;-44.3723;8.9883
9275;58.274;6.1025;87.6967;0.6468;66.4085;1.0064;1.1958;-14.4765;-60.3928;12.624
9276;36.3994;3.4098;126.9592;3.4247;79.3205;1.0794;1.367;-15.1224;-57.7844;11.844
9277;62.3572;5.4617;116.6538;3.5716;84.9408;1.2473;1.1983;-19.7287;-67.9762;15.6134
9278;77.1575;0.5338;129.5616;4.0148;41.4132;0.8801;1.0716;-12.549;-59.4156;12.32
9279;61.6707;7.8703;123.6284;5.1394;73.6181;1.2159;0.7747;-21.7396;-78.7633;23.5442
9280;64.4731;4.532;91.8259;5.352;48.9081;1.1498;1.1476;-17.6924;-66.7318;15.0293
9281;90.5842;4.9753;173.2902;0.659;31.9575;1.1508;0.3373;-22.9853;-90.2291;50.0
9282;71.9169;5.2777;103.482;4.2446;16.7023;0.8;0.2862;-15.685;-88.0743;41.9262
9283;54.8206;4.5992;60.0;3.8712;51.5839;0.896;1.6195;-9.0785;-39.7492;8.2986
9284;82.6365;6.9137;93.1847;6.6716;68.4971;0.884;1.303;-10.6473;-50.8655;10.1761
9285;73.5582;4.9054;88.9325;5.4884;47.7075;1.3293;1.0988;-22.1859;-72.4455;18.1459
9286;30.0;7.5233;121.9953;4.3254;63.5751;0.8379;0.9324;-12.3982;-62.9079;13.48
9287;77.7104;4.7298;89.3333;4.9355;68.5732;0.8079;1.5567;-8.2936;-35.7757;7.7852
9288;77.0529;2.516;131.6192;2.0695;54.0116;0.8;1.158;-10.3484;-51.7501;10.3627
9289;70.3622;7.6025;114.9727;5.592;53.9499;0.928;0.6818;-15.9233;-75.5077;20.4146
9290;86.0506;5.3987;77.8783;4.0067;64.4727;1.084;1.7649;-12.0964;-45.7275;9.2128
9291;57.8969;5.5278;96.5515;3.3889;78.9281;1.4437;1.6942;-21.339;-60.8829;12.7821
9292;76.057;9.0174;82.3754;6.5713;45.2831;0.9265;0.8193;-15.2036;-70.5204;16.9609
9293;41.7947;1.8364;104.7273;5.0104;19.8818;0.8593;0.5288;-15.5686;-79.4875;24.3754
9294;77.3276;3.8357;82.2528;3.6019;55.2533;1.3658;1.6587;-19.7231;-59.5184;12.3513
9295;105.1551;2.883;101.8783;3.6934;51.6567;1.4082;1.5116;-20.867;-64.2208;13.9746
9296;52.0926;5.0425;93.4189;5.1489;51.8786;0.8;1.1062;-10.6218;-53.9099;10.8483
9297;56.3236;6.4157;96.2659;5.0323;63.9575;0.9017;1.3378;-11.5441;-50.5444;10.1101
9298;57.2197;8.5032;166.9852;4.6441;69.9666;1.0441;0.5177;-19.5413;-83.4721;30.2519
9299;72.34;3.9776;91.382;2.795;34.1764;1.0382;0.787;-17.6613;-74.7328;19.7885
9300;50.8653;6.2295;61.6555;3.0168;32.9817;1.5576;0.73;-29.3293;-84.3772;32.0045
9301;77.5825;7.6514;128.9116;3.4775;81.6271;0.8956;1.0349;-12.8885;-61.485;12.982
9302;85.2431;5.411;128.6582;4.3058;65.5751;0.8;0.9549;-11.4444;-60.2118;12.5666
9303;79.6182;2.901;60.9732;4.538;74.0979;0.8566;3.0814;1.4137;19.9106;4.1698
9304;38.1685;4.8934;83.9268;4.36;79.8624;1.2435;2.1021;-13.1657;-43.6505;8.8732
9305;87.913;8.5864;111.511;4.4286;46.398;0.9973;0.6847;-17.3854;-77.1144;21.8478
9306;86.8726;9.0902;114.0026;7.4219;39.3915;1.3774;0.6273;-26.0368;-84.8184;32.9346
9307;84.9429;5.1232;99.882;5.8739;46.0086;1.138;0.93;-19.4179;-72.7587;18.3545
9308;76.7112;7.2586;100.4466;6.3823;72.6424;0.8732;1.1775;-11.9945;-55.0484;11.1231
9309;73.9634;2.6814;79.085;5.2964;72.862;1.1883;2.3919;-10.8317;-32.9076;7.4524
9310;88.583;2.9175;60.0;4.7086;53.0259;1.2719;2.5988;-11.4412;-31.8928;7.3414
9311;104.6232;8.23;166.9254;5.2149;75.5309;1.3387;0.6478;-25.2776;-83.8702;30.9985
9312;52.8453;2.2922;78.4925;4.9387;51.3325;0.8;2.4143;-2.3135;0.5978;4.9703
9313;89.4063;2.6304;104.5114;5.812;30.4267;1.0577;0.8027;-18.0099;-74.7051;19.7668
9314;68.4481;3.7925;96.1066;3.1373;24.3746;0.8001;0.7777;-12.5382;-67.5998;15.432
9315;67.6659;4.7758;125.1446;5.6871;56.9378;0.9426;0.9272;-14.7219;-67.2114;15.2492
9316;42.3424;4.8671;102.9141;4.8506;46.2576;0.9544;0.7433;-15.9886;-74.0392;19.2598
9317;64.8738;3.1383;103.9105;1.8894;47.6583;1.058;1.0239;-16.9;-67.7419;15.5
9318;52.0492;7.7024;60.0;4.7286;70.0999;1.1009;1.896;-12.029;-42.592;8.7096
9319;61.6506;7.6239;81.1935;2.6407;52.6516;0.8863;0.8804;-14.04;-66.8866;15.0996
9320;50.2326;3.6417;120.4613;3.7975;41.6372;1.2758;0.6818;-23.7042;-82.1853;28.0666
9321;61.9196;3.8665;117.7822;4.3612;52.8076;1.3057;0.8943;-22.9598;-77.169;21.9
9322;62.69;5.5521;78.8271;2.3393;42.7763;1.038;0.9028;-17.21;-71.0076;17.2459
9323;71.7416;5.266;67.4012;4.5194;51.529;1.4121;1.4062;-21.9274;-66.8048;15.0624
9324;40.9345;3.5908;103.2151;4.7027;93.2635;0.9843;1.8524;-9.6505;-37.2666;7.9702
9325;43.9807;3.7588;60.0;5.7326;59.827;0.8;1.9767;-4.801;-17.6367;6.0707
9326;76.5145;3.4155;75.0385;3.9194;70.8315;0.8317;2.4095;-3.0763;-3.4247;5.1773
9327;55.6461;2.8644;155.277;5.0117;53.2895;0.915;0.9646;-14.0509;-64.8612;14.2293
9328;89.3415;3.9972;143.5146;4.4569;27.0852;1.2021;0.4099;-23.6824;-88.6341;43.9912
9329;74.0549;5.4336;112.9542;3.9726;55.1772;0.8218;0.9211;-12.5129;-62.6381;13.3826
9330;80.9217;5.8576;107.9863;2.0941;66.5136;0.9879;1.0813;-14.8822;-63.5124;13.7033
9331;95.3925;6.1653;61.4134;4.4326;71.5811;1.6417;2.08;-22.5406;-57.7685;11.8395
9332;64.4252;3.5517;83.0966;5.7168;44.5444;1.0475;1.1615;-15.607;-63.0375;13.5272
9333;59.6592;6.0438;92.8865;3.1994;70.8023;1.3793;1.2115;-22.715;-70.7209;17.077
9334;85.6906;0.8934;83.5393;4.2733;76.7043;0.8;3.2356;3.1385;34.8171;3.7087
9335;79.1712;4.1029;91.6163;4.4943;63.3352;0.8;1.4467;-8.1963;-39.7189;8.2945
9336;66.6281;6.2979;138.3762;6.2537;54.7727;0.8;0.8277;-12.4564;-65.5121;14.4979
9337;95.0462;5.04;87.3318;4.6452;50.5309;1.242;1.2659;-19.3566;-66.0235;14.716
9338;66.1796;4.0861;91.8297;5.0321;65.1625;0.9545;1.7246;-10.0243;-39.7697;8.3015
9339;70.5899;5.1388;120.3077;4.587;61.5196;0.9365;1.0008;-14.0499;-64.3791;14.0367
9340;70.382;7.5124;70.1265;3.8615;63.8716;1.4114;1.7641;-19.6251;-58.335;12.0005
9341;53.1773;4.6301;81.0543;2.8983;67.856;1.2432;1.691;-16.6211;-54.6579;11.0273
9342;71.3965;6.3511;83.1578;4.1724;59.7812;1.0978;1.37;-15.5639;-58.4014;12.0196
9343;95.1417;8.8684;101.3995;5.19;45.6042;1.2709;0.6146;-23.9978;-83.8802;31.0178
9344;78.0094;5.5751;91.7374;4.7846;51.8965;0.9698;1.2065;-13.6359;-58.5329;12.0577
9345;70.5591;4.6733;92.4654;6.8193;51.4996;1.0722;1.278;-15.0635;-60.2695;12.5848
9346;67.0882;1.4436;84.6865;6.0188;72.7902;0.8;2.6593;-1.5719;10.8046;4.5124
9347;75.9556;3.5504;76.5131;6.4608;38.2666;0.8583;1.2775;-11.0234;-50.3849;10.0776
9348;83.4958;4.6243;116.4493;1.5516;76.6151;0.948;1.3529;-12.4696;-52.4297;10.5108
9349;80.9663;6.3277;91.9017;6.969;67.1484;0.9948;1.2953;-13.943;-56.5972;11.52
9350;64.0264;3.8872;116.7372;5.0002;66.0117;1.2182;1.4483;-17.7384;-60.3711;12.6171
9351;75.8461;8.3702;75.7367;5.2134;44.1606;1.281;0.7222;-23.4317;-81.2068;26.6053
9352;78.6389;3.0411;84.6783;5.944;57.2606;1.7716;2.3465;-23.4101;-55.8485;11.3246
9353;51.8705;5.8786;94.6205;4.632;77.691;1.5843;1.3442;-25.9176;-71.7167;17.6783
9354;73.0281;3.7843;96.8539;2.9944;72.552;1.2572;1.6324;-17.0636;-56.7187;11.5523
9355;31.0965;4.1535;120.7548;6.7711;77.6588;0.8;1.3223;-9.3737;-44.9044;9.0751
9356;78.6856;6.376;89.7962;3.4477;46.3582;1.3316;0.8331;-24.0941;-79.1461;23.9764
9357;81.8862;3.1588;120.5248;3.1214;40.0988;1.4597;0.7831;-27.1527;-82.1174;27.9601
9358;83.4558;2.0163;109.827;4.2485;92.2003;1.0284;3.0488;-3.0442;-1.1807;5.0597
9359;62.8892;4.3517;97.364;4.021;69.533;0.8;1.6309;-7.1869;-32.0454;7.3579
9360;75.5628;4.4022;78.8341;4.6057;54.2092;1.0422;1.3759;-13.7289;-55.9914;11.3614
9361;95.6312;6.3274;120.8305;4.4527;64.7001;1.1958;1.0625;-19.7869;-70.3833;16.8824
9362;95.4479;8.5485;79.3276;6.6207;69.4669;1.0504;1.5375;-12.82;-51.2117;10.2484
9363;69.4749;1.646;99.4694;5.289;74.0149;0.9221;2.7969;-2.4879;1.101;4.9455
9364;72.5078;4.7892;98.6605;3.3133;77.5752;0.9851;1.756;-10.979;-40.5788;8.4145
9365;89.9964;5.3962;94.9544;3.5192;52.815;1.2948;1.0682;-21.6337;-72.5016;18.1829
9366;42.9856;9.0283;90.7257;4.0177;39.431;1.0996;0.4345;-21.3118;-86.8296;37.9639
9367;64.1846;8.0461;81.4224;4.0237;77.059;1.3426;1.1883;-21.8977;-70.4972;16.9476
9368;94.0403;5.6271;66.7488;3.8279;67.3507;1.2433;2.0146;-13.7803;-45.9878;9.2572
9369;87.5536;4.3608;142.0418;2.9474;66.8365;0.962;1.0345;-14.5936;-64.1531;13.9482
9370;76.6467;2.4586;88.4325;5.0356;42.8388;1.1829;1.3055;-17.7853;-63.2135;13.5919
9371;42.895;3.6006;96.8479;3.9166;56.7035;1.3508;1.1043;-22.4165;-72.7501;18.3487
9372;69.1016;4.7474;96.7;3.1723;72.0712;1.0306;1.5415;-13.054;-50.141;10.0283
9373;59.3815;5.7252;131.5085;5.3282;46.3534;1.1441;0.5993;-21.1415;-82.5382;28.634
9374;75.9587;5.076;162.1414;5.8717;73.7338;0.8;0.9309;-11.8774;-61.2139;12.8912
9375;55.4318;5.6399;104.0771;4.2315;69.5179;0.9155;1.6603;-9.5496;-39.5463;8.2708
9376;51.537;3.8387;96.151;7.2722;53.6971;0.9709;1.32;-13.0584;-54.6822;11.0332
9377;32.8324;5.7441;75.5131;7.9233;53.1801;0.815;1.3691;-9.2793;-44.0002;8.9286
9378;91.9925;2.3477;69.7051;5.3453;72.806;1.0267;3.1689;-3.004;2.8883;4.8596
9379;62.8041;2.4651;64.179;3.8968;35.6987;1.4039;1.8312;-19.1865;-56.5205;11.4997
9380;72.8286;2.4665;81.9582;5.0034;61.1584;1.0638;1.929;-11.3989;-39.5579;8.2724
9381;69.9597;7.306;60.0;2.7633;62.0352;1.3067;1.5236;-19.1733;-61.133;12.8644
9382;50.7862;1.8438;130.9581;3.2922;64.5332;1.1524;1.1832;-17.4252;-65.776;14.6096
9383;47.3368;6.3669;111.1571;2.076;67.8645;1.4107;1.04;-24.3914;-75.4258;20.3465
9384;51.9043;2.8553;93.9028;3.6573;79.1309;0.9877;2.0197;-8.6995;-31.8362;7.3353
9385;56.983;4.0545;131.9623;2.7512;91.2202;0.8747;1.2772;-11.0346;-51.3287;10.273
9386;76.5989;7.6359;76.5069;5.5361;64.1554;1.1695;1.4199;-16.5382;-59.5289;12.3545
9387;55.6771;4.7526;81.4651;3.4763;20.0705;0.8;0.458;-14.5412;-80.9185;26.2034
9388;101.4368;2.7339;61.6653;5.0149;57.8277;1.1268;2.6113;-8.9578;-22.7518;6.4726
9389;88.4887;3.1001;121.3597;5.7219;66.6118;0.8;1.4558;-7.9184;-39.3435;8.2431
9390;84.5505;7.6999;81.6617;6.357;66.4718;0.8399;1.5288;-8.115;-39.3276;8.241
9391;67.8461;3.8279;100.3932;4.0699;42.663;1.0726;1.1305;-16.1816;-64.8682;14.2321
9392;97.2571;4.7592;128.4853;5.066;73.3947;0.8;1.2443;-9.6038;-48.1548;9.6441
9393;66.0759;4.0071;140.8764;5.1138;32.9168;0.9213;0.5149;-16.7834;-81.3704;26.839
9394;69.4373;3.5709;99.274;6.5081;44.4966;0.8;1.1634;-9.933;-51.5241;10.3144
9395;73.0595;2.8028;110.0824;5.7753;47.8182;1.1529;1.3414;-16.9306;-61.2161;12.8919
9396;82.6328;5.4318;79.7748;6.555;82.6069;1.255;2.3364;-12.7877;-37.9466;8.0576
9397;81.4643;5.6714;152.3246;2.103;37.1116;1.0007;0.4223;-19.3966;-85.9311;35.5394
9398;61.4477;3.0559;95.9313;3.6036;61.4418;1.5518;1.4105;-24.7807;-69.702;16.5027
9399;60.4061;6.2542;102.0274;6.1477;73.5002;0.9542;1.1211;-13.8755;-60.8368;12.7671
9400;81.5183;6.8898;90.3289;5.4711;47.259;0.8;0.8364;-12.3026;-65.1483;14.3465
9401;82.8743;7.7032;134.9605;4.4124;52.5329;0.8;0.5822;-13.7665;-75.743;20.6126
9402;62.9197;2.4567;105.1164;3.8889;82.7279;0.9713;1.8886;-8.9379;-35.1893;7.7148
9403;41.4306;3.1964;120.9532;5.783;74.7714;1.0668;1.4469;-14.1741;-54.7915;11.0599
9404;66.2683;6.9526;109.2523;1.6306;57.8727;1.648;0.8949;-30.4385;-81.8998;27.6241
9405;81.2235;2.6715;94.6388;5.7883;56.0314;0.8074;1.6863;-6.8144;-30.3805;7.1819
9406;102.4975;0.787;126.1583;4.736;72.616;0.8813;2.0653;-6.1778;-21.8815;6.4005
9407;48.4368;7.0691;109.0165;3.8667;79.4888;1.1003;0.9242;-18.1833;-72.0025;17.8587
9408;62.3217;3.3074;78.6435;5.3537;81.1786;1.0197;2.7307;-4.6868;-10.73;5.601
9409;62.9907;3.7601;78.0904;4.0209;72.9153;0.8865;2.7257;-2.9764;2.485;4.8788
9410;94.4045;3.9322;103.7908;4.6435;56.8607;0.9914;1.5558;-11.9254;-47.6892;9.5583
9411;69.3711;6.8236;125.466;4.5306;68.4943;0.8;1.105;-10.4796;-53.959;10.8599
9412;53.6681;3.3645;150.66;5.7168;71.3699;0.9145;1.2742;-12.1751;-53.5583;10.7662
9413;80.0565;7.3235;64.1271;4.8388;84.7874;0.8008;1.9819;-5.109;-17.5006;6.0607
9414;62.7165;4.9529;100.6436;1.7363;62.1247;1.2319;1.1751;-19.7947;-68.204;15.7252
9415;47.961;4.3933;113.022;2.5119;57.01;1.1599;0.9009;-19.4923;-74.111;19.3132
9416;53.9301;3.3032;107.6718;2.9738;76.6316;0.9896;1.4686;-12.5627;-50.5326;10.1077
9417;101.2128;2.9059;128.7023;5.2848;48.491;1.0032;1.2539;-14.0173;-58.3365;12.0009
9418;76.9158;5.0;117.8077;5.4353;53.0256;1.0457;1.1094;-16.1613;-64.6362;14.1387
9419;71.9397;3.9352;78.1629;7.1055;46.2336;0.913;1.3189;-11.9084;-51.844;10.3829
9420;65.5019;7.5606;77.5926;3.0784;46.4919;0.8;0.8539;-12.1486;-64.4197;14.0527
9421;75.2587;4.1857;108.1246;6.5639;61.3161;0.9342;1.2614;-12.5488;-54.9916;11.109
9422;75.0442;4.3021;128.0981;1.6932;47.711;1.1025;0.7099;-19.5857;-78.5353;23.2941
9423;75.259;3.772;103.6505;4.6266;65.9379;1.2098;1.5199;-17.2152;-58.1222;11.9395
9424;72.0672;6.2565;67.4028;4.9678;56.1772;1.0145;1.8967;-10.0341;-37.6764;8.0226
9425;85.6384;3.8155;76.967;4.9624;35.1376;0.8864;1.1063;-12.3865;-58.3944;12.0176
9426;70.4159;3.0294;118.8722;4.1356;55.85;1.1186;1.0895;-17.7119;-67.5331;15.4003
9427;52.3971;6.971;91.6529;4.7768;49.1764;1.0354;0.7455;-17.7989;-75.9985;20.832
9428;58.9764;4.8221;102.9928;2.7472;48.9169;0.812;0.9265;-11.713;-61.9658;13.1461
9429;34.3777;4.788;130.5198;5.8977;59.1795;0.8;1.0573;-11.0199;-55.9463;11.3498
9430;106.4827;4.9127;74.0409;4.9747;51.5396;0.8979;1.8216;-7.6359;-32.3774;7.394
9431;85.5296;5.676;90.1621;5.1434;42.6866;1.3565;1.0597;-23.1478;-73.9592;19.2007
9432;55.0587;3.2412;87.7465;4.1815;57.2682;1.1175;1.3673;-15.7129;-59.2166;12.2599
9433;64.9268;1.3966;109.2917;4.108;60.1104;1.3456;1.6768;-18.4266;-58.4611;12.0369
9434;58.5362;6.451;121.3152;5.3871;66.5534;0.9932;0.8624;-16.4991;-71.0569;17.2753
9435;97.7658;2.2497;69.0688;6.985;82.1213;0.9924;3.9529;4.5775;32.776;3.7657
9436;44.4422;5.699;99.8617;2.5096;66.2465;0.8;0.9297;-11.8356;-61.2628;12.9075
9437;72.0606;1.8982;124.2757;2.4339;35.648;0.8;0.7868;-12.9829;-67.2168;15.2517
9438;68.0465;3.5547;62.8954;4.9993;53.7957;1.0965;2.593;-8.5697;-21.1707;6.3428
9439;84.8831;1.7235;98.4031;4.1017;69.5565;1.039;2.1698;-8.9296;-30.3907;7.1829
9440;68.1278;4.3633;73.7901;4.7862;38.7572;0.8;1.118;-10.7942;-53.4156;10.7332
9441;38.3522;5.1972;85.181;4.5643;62.8605;1.0268;1.8041;-11.5095;-41.4298;8.5368
9442;65.4799;2.5178;60.0;5.533;76.4027;1.2227;3.5331;-3.9348;-3.6826;5.1912
9443;52.5011;3.5357;141.6492;4.1708;53.6336;1.0649;0.8169;-17.9446;-74.4296;19.5538
9444;71.4324;7.8461;91.4885;2.7877;74.5067;0.899;1.1158;-12.6725;-58.6261;12.0849
9445;95.8152;3.9106;81.726;3.4152;71.0922;0.8;2.098;-4.5358;-12.5819;5.7196
9446;38.6903;6.3763;108.5528;4.3593;85.9255;1.0843;1.1432;-16.7291;-64.8551;14.2268
9447;55.596;7.7995;77.0606;2.7175;55.0203;0.837;0.9843;-12.2874;-60.798;12.7545
9448;60.0515;8.6939;75.2532;4.5447;63.7244;1.1076;1.0715;-17.4935;-67.7556;15.5066
9449;63.1306;7.3997;145.8753;4.6911;73.7187;1.1499;0.6939;-20.6604;-79.884;24.8558
9450;83.3223;3.2626;157.1712;4.0633;69.5311;1.2022;1.2067;-18.8845;-66.5414;14.9438
9451;66.8762;8.4224;86.2417;4.9138;70.6906;1.0792;1.2798;-15.8138;-60.4702;12.6487
9452;77.4844;6.4679;130.583;2.1786;59.4845;0.9331;0.7923;-15.4105;-71.6986;17.667
9453;58.7361;6.7094;109.3092;3.1702;76.6548;1.1243;0.9355;-18.6242;-72.2639;18.027
9454;74.1386;1.1003;70.2256;2.886;55.9216;0.8164;2.4234;-2.3826;-1.0485;5.053
9455;84.0004;8.2555;79.292;5.9198;74.0153;1.3023;1.3663;-19.4291;-65.0273;14.2969
9456;56.8186;6.1585;147.3698;8.0592;44.9541;0.8724;0.6503;-14.8569;-75.152;20.1223
9457;84.0644;6.0719;69.9983;3.2788;57.4218;1.4367;1.3661;-23.1797;-68.3054;15.7756
9458;70.9427;1.8915;176.8709;4.2471;53.229;0.9514;0.8507;-15.4278;-70.1952;16.7758
9459;88.8183;2.8502;86.6892;3.5599;37.406;1.104;1.0908;-17.1118;-67.0653;15.1815
9460;66.3744;8.4158;148.4687;4.9318;72.6402;1.0255;0.6951;-18.0071;-77.4052;22.129
9461;76.8624;4.2376;92.6454;3.6874;62.1625;0.8;1.5137;-7.8503;-36.9282;7.9275
9462;69.2691;3.6721;122.1373;5.0242;76.4677;1.1132;1.8726;-12.7153;-43.9293;8.9173
9463;68.2682;6.7375;141.7307;5.5975;55.0074;0.8574;0.8749;-13.1559;-65.9887;14.701
9464;74.6607;1.9403;141.5508;2.7643;45.5153;0.9763;0.8489;-15.9651;-71.0161;17.2509
9465;79.6625;3.7732;86.4079;5.0073;57.1918;1.0095;1.55;-11.6721;-48.8185;9.7692
9466;47.5078;3.5567;80.7068;1.9089;60.384;0.8139;1.3969;-8.7191;-42.7921;8.74
9467;95.8054;3.4247;97.9902;4.2152;72.7076;0.8861;1.8356;-7.9414;-30.9507;7.2412
9468;36.5261;3.2148;72.2441;4.1145;69.0701;1.2856;1.9046;-16.047;-50.6158;10.1247
9469;57.6734;2.7337;106.1641;4.2563;63.6931;0.8;1.8756;-5.9198;-21.8502;6.398
9470;68.3032;2.5265;81.4485;4.1319;55.5685;1.1255;1.8947;-12.7722;-43.8846;8.9102
9471;77.4224;5.1099;131.0852;3.8576;64.7885;0.9271;0.9759;-14.3857;-64.9124;14.25
9472;98.3711;7.6848;86.7163;4.2013;59.0728;1.2213;1.1495;-18.9646;-68.625;15.9362
9473;36.5508;4.285;64.6899;4.9572;59.8158;1.1517;2.4527;-9.72;-29.0102;7.0433
9474;60.8615;3.1674;141.9392;4.9994;57.5541;0.8703;0.9319;-13.2647;-64.3084;14.0089
9475;31.717;2.4442;104.6909;4.7728;43.318;1.1468;0.8804;-19.5102;-74.4099;19.5388
9476;70.5692;6.6391;100.731;3.7396;46.5558;0.8923;0.7257;-14.8767;-72.8896;18.4431
9477;74.8903;8.6231;131.4687;6.2205;77.3966;1.4079;0.7055;-26.2241;-83.2962;29.9333
9478;98.6343;3.4212;124.3455;6.888;67.3408;1.0244;1.5357;-12.5178;-50.0279;10.0056
9479;72.1714;3.1333;82.6576;2.6674;65.3211;0.9346;2.0154;-7.5741;-28.1172;6.9558
9480;88.7925;4.8521;89.3646;4.8464;39.7151;0.9194;1.2472;-12.0045;-54.7833;11.0579
9481;80.5091;6.1347;75.7116;3.8978;81.8953;0.9314;1.8885;-8.3774;-32.4092;7.3975
9482;62.1655;3.9821;69.3424;5.9884;65.3506;0.943;1.9532;-7.9964;-30.9582;7.242
9483;44.6387;5.0401;115.5633;4.5811;67.2232;1.1545;1.4071;-16.6785;-59.3716;12.3067
9484;74.95;5.6584;110.3014;4.6798;61.6521;0.9054;0.9909;-13.3652;-63.5198;13.7061
9485;43.1422;8.3812;120.95;5.3425;62.1744;0.8455;0.8867;-13.1686;-65.0384;14.3014
9486;93.3137;2.4798;137.7681;4.1537;75.2229;1.2395;1.5436;-17.6635;-58.4895;12.0452
9487;67.0829;9.5828;121.3633;7.1162;68.1185;1.3128;0.6995;-24.4193;-82.2399;28.153
9488;91.5132;3.6422;124.0935;5.3646;48.3344;0.8557;0.9943;-12.4258;-61.2642;12.9079
9489;61.3561;5.7096;60.0;5.9974;50.4219;0.9433;1.5207;-10.6927;-46.2629;9.3046
9490;74.8393;4.6676;92.6125;4.2692;55.8644;1.2824;1.207;-19.9868;-68.6249;15.9362
9491;73.7683;4.1574;127.2704;4.4157;82.7855;1.0962;1.3557;-15.6458;-58.7751;12.1286
9492;69.1892;5.5192;74.673;5.8174;65.1942;1.3768;2.2618;-15.8112;-45.2381;9.1304
9493;62.2121;3.661;102.3182;5.6668;82.0507;1.1499;1.9102;-12.9368;-44.6292;9.03
9494;77.0642;2.2306;113.8676;2.727;68.6165;1.1018;1.5441;-14.5629;-53.2853;10.7033
9495;53.3291;4.17;111.7075;4.7914;71.0593;0.9301;1.2628;-13.0537;-54.7443;11.0483
9496;48.2302;4.3615;109.6583;5.3108;64.9362;0.8225;1.2956;-9.8319;-47.494;9.5227
9497;92.3709;2.6898;116.1518;4.4045;56.5122;0.8;1.3364;-9.377;-44.3155;8.9792
9498;83.089;7.9309;104.6222;5.1684;85.9879;0.9941;1.3057;-13.4588;-56.2172;11.42
9499;71.186;2.8243;69.3689;4.468;32.8258;1.3254;1.0929;-22.2764;-72.515;18.1917
9500;99.9726;3.7321;113.5121;1.2299;31.821;0.8109;0.6691;-13.5087;-72.4984;18.1807
9501;65.1802;2.4182;107.3782;2.6337;71.6948;0.9756;2.0858;-8.5953;-28.7332;7.0159
9502;93.8087;4.444;69.5978;6.0625;27.7814;0.8;0.9752;-11.4621;-59.3684;12.3057
9503;73.1603;3.2146;141.1896;4.2334;49.1682;1.319;0.838;-23.4074;-78.822;23.6094
9504;51.5545;4.1722;114.2775;4.8845;58.1224;0.8505;0.9639;-12.2384;-62.2236;13.2358
9505;103.2647;2.8097;70.8159;4.5945;69.4727;1.5741;2.7754;-15.8069;-41.2266;8.5072
9506;87.8328;1.6301;81.5213;3.3621;62.5794;1.0967;2.4614;-8.7061;-25.1897;6.6836
9507;67.8216;6.1684;86.8478;3.8994;53.1191;1.3616;0.999;-23.7141;-75.544;20.4449
9508;83.0891;5.1145;86.8324;5.0934;57.1274;0.8;1.305;-9.4283;-45.6235;9.1951
9509;62.7333;3.3788;107.6013;5.2465;76.9675;0.8;1.6265;-7.7162;-32.2295;7.3778
9510;84.9247;1.5621;78.3419;7.8826;58.7162;0.926;2.4978;-5.3993;-10.0901;5.5611
9511;30.0;7.0101;132.5824;3.8834;60.8366;1.0083;0.7027;-17.6618;-76.7686;21.5226
9512;51.6436;2.5081;129.8813;7.106;60.0895;1.1332;1.3728;-15.5524;-59.6178;12.3817
9513;87.6267;7.8539;116.7459;3.3094;79.1245;1.3608;0.979;-23.3113;-76.0179;20.8489
9514;65.5062;4.1116;101.1122;5.3329;53.5194;0.94;1.139;-13.2081;-59.61;12.3793
9515;73.7358;3.377;126.4102;4.8668;51.1557;0.9185;0.9638;-13.7205;-65.0217;14.2946
9516;45.7579;5.856;93.3339;4.4112;85.5483;0.9555;1.4264;-11.4218;-50.2392;10.0481
9517;103.2616;7.1382;83.4333;4.5915;49.832;1.0759;1.1202;-16.4398;-65.2966;14.4078
9518;91.4295;3.531;134.6525;3.6661;44.1782;0.8;1.0128;-10.8611;-57.7985;11.8479
9519;66.3877;3.7221;108.2622;5.9559;76.4758;0.8;1.8032;-5.8572;-24.8684;6.655
9520;62.7155;3.8604;84.2809;3.3361;64.0662;1.0673;1.5547;-13.6233;-51.4416;10.2969
9521;88.5329;7.7272;90.0833;5.0763;69.7686;0.8;1.2663;-9.2892;-47.2392;9.4767
9522;105.6845;5.4784;83.1847;5.7338;68.1012;1.2567;1.744;-16.5048;-53.7404;10.8086
9523;87.1677;2.9252;165.7887;6.6763;66.6513;0.8;1.1164;-10.3904;-53.4826;10.7487
9524;109.0924;2.5961;100.1025;6.0577;51.1938;0.8547;1.5336;-9.3684;-40.189;8.3597
9525;53.3977;2.8391;104.0231;5.4586;52.4214;0.8;1.4447;-8.2053;-39.8036;8.3061
9526;55.251;3.0019;119.7582;3.6434;60.0847;0.874;1.1815;-11.3332;-54.9417;11.0967
9527;48.5991;2.8381;73.7979;3.4213;51.4952;0.8387;1.5379;-8.5561;-38.8741;8.1798
9528;77.9517;5.2346;131.5395;2.8921;64.8927;1.2524;0.9747;-21.6367;-74.0584;19.274
9529;73.1609;2.1593;85.9021;2.7486;70.9686;1.7539;2.4059;-23.9331;-54.2739;10.9347
9530;67.2649;3.6172;158.0125;4.5979;81.6271;0.8;1.1986;-10.3416;-50.0584;10.0117
9531;84.5667;5.0066;92.4812;3.5089;58.9829;0.8706;1.4102;-10.2723;-46.0037;9.2599
9532;92.1819;3.1328;129.6165;6.3988;47.69;0.9715;0.9582;-15.2219;-67.1224;15.2079
9533;42.5381;1.7451;60.0;3.7316;70.2843;0.809;2.8238;0.6284;16.3438;4.2976
9534;59.2545;1.894;74.5438;4.7414;73.6002;1.1182;2.7984;-7.1176;-16.5841;5.9941
9535;84.7626;2.2297;92.9227;4.203;59.0204;0.8;1.8946;-5.0516;-21.0584;6.3338
9536;61.5807;6.696;60.1881;2.4942;71.2744;1.1297;1.8263;-13.1257;-46.1148;9.279
9537;55.6323;5.2301;116.2091;6.2342;68.8601;1.018;1.0391;-15.7785;-65.9759;14.6955
9538;88.3337;1.7379;108.1382;5.6432;77.6409;1.163;2.7469;-7.814;-21.2655;6.3505
9539;46.789;3.6365;78.0589;5.8158;82.3563;0.9977;2.3269;-7.3859;-22.2567;6.4314
9540;64.5716;3.0737;99.6018;5.4924;74.68;1.1578;2.1406;-11.608;-38.3732;8.1133
9541;75.9156;4.7028;122.3382;3.4608;62.4277;1.1121;1.4068;-14.867;-57.8357;11.8584
9542;59.6712;4.3668;60.0;3.4899;78.6263;0.9646;2.4326;-6.1763;-15.9336;5.9477
9543;84.0968;4.1259;72.7332;5.278;74.384;1.1181;2.5378;-8.813;-24.3424;6.6087
9544;59.7602;3.2483;91.9641;6.9144;48.3417;1.3296;1.3354;-20.4683;-66.5207;14.9346
9545;95.3552;2.3091;100.5949;5.179;60.1013;0.8;1.7403;-6.513;-27.489;6.8955
9546;67.7366;5.8609;98.5454;6.0677;45.5383;0.8;0.8426;-12.5977;-64.8928;14.2421
9547;82.0829;7.1734;124.8976;3.8112;72.6673;1.2965;0.8423;-23.1227;-78.3451;23.0895
9548;83.4284;8.0728;112.6711;6.2468;69.67;1.1971;0.8687;-20.557;-75.8117;20.6712
9549;58.7043;1.6799;119.0244;3.9708;63.789;1.331;1.3964;-20.3807;-65.0295;14.2978
9550;33.0372;5.8411;70.6474;4.9602;52.9647;0.9786;1.1785;-14.0994;-59.856;12.4552
9551;76.4936;5.7353;103.6869;4.0508;53.3444;1.4201;1.0;-24.6427;-76.5274;21.3014
9552;71.3012;8.1246;92.6088;5.9337;31.8891;1.7837;0.4974;-35.7693;-90.7044;50.0
9553;80.0049;2.9509;144.126;5.9541;46.8137;1.2594;0.9258;-21.3376;-75.4968;20.4055
9554;65.9225;5.8593;104.4563;2.3848;65.6909;1.1234;1.1772;-17.088;-65.0713;14.3149
9555;62.2523;1.639;84.5977;6.5879;70.8553;1.1582;2.3841;-9.6972;-31.3863;7.2872
9556;106.1525;5.048;123.754;8.1646;78.3632;1.0343;1.6145;-12.0486;-47.967;9.6093
9557;43.4976;3.4297;115.1223;4.067;68.7372;1.0664;1.1375;-16.0315;-64.4443;14.0624
9558;83.2111;6.0799;81.4321;4.4098;66.2804;1.0939;1.5517;-14.2851;-52.7152;10.5742
9559;59.6572;6.985;91.6565;6.4591;44.3792;1.5754;0.8661;-28.5854;-81.6756;27.286
9560;63.956;3.5008;92.0479;4.7002;74.262;0.8589;2.6666;-1.8393;3.4941;4.8312
9561;64.2921;4.3832;135.9158;4.594;86.3076;0.9565;1.3241;-12.1696;-53.8542;10.8352
9562;55.5382;2.1698;105.2123;7.4455;75.299;1.0006;1.8594;-10.9806;-38.0566;8.0719
9563;80.282;3.773;119.9249;2.5686;71.5482;1.1336;1.342;-15.9133;-60.5399;12.671
9564;95.0316;3.4803;88.3983;3.4166;64.4553;1.0504;1.8826;-11.0777;-40.2571;8.3692
9565;78.4602;2.5855;108.7303;5.2267;53.6369;0.8;1.4026;-8.3072;-41.5592;8.5557
9566;71.8609;7.351;138.5194;2.1707;69.0122;1.0149;0.7106;-17.7368;-76.6613;21.4236
9567;52.2441;2.3754;91.3685;4.0405;54.3112;0.9792;1.6968;-10.032;-42.2402;8.6565
9568;79.3029;5.0783;102.9207;4.0268;72.2474;0.9983;1.7647;-11.2266;-41.076;8.4855
9569;108.8143;7.2971;71.1182;6.0427;50.1801;1.1829;1.4338;-17.5314;-59.598;12.3756
9570;63.1475;7.5805;82.5811;5.6393;39.6179;1.2702;0.7193;-23.3651;-81.1236;26.4882
9571;63.2323;6.292;91.9789;2.0752;81.9439;0.8454;1.2659;-10.5383;-50.0889;10.0178
9572;59.9004;2.5453;76.7045;3.5603;62.878;1.4707;1.9472;-19.7169;-55.8678;11.3296
9573;61.1905;6.5156;139.1655;3.5649;61.6312;0.8;0.8242;-12.1121;-65.6563;14.5587
9574;30.0;3.064;81.0988;4.2751;73.5568;0.8675;1.9;-6.5198;-26.9896;6.8483
9575;77.2906;7.7283;121.7378;2.9537;55.2885;0.9566;0.7324;-16.18;-74.4796;19.5922
9576;54.7801;5.6016;104.7817;5.2775;91.3168;1.1512;1.5519;-15.5565;-55.0633;11.1268
9577;41.0153;6.2212;100.7743;3.5587;61.5481;0.8;1.0012;-11.0661;-58.2817;11.9851
9578;83.5574;1.9211;144.9967;5.4829;35.2984;1.5575;0.821;-28.7934;-82.4291;28.4561
9579;50.5237;4.7325;60.0;4.5957;47.1059;0.8;1.7733;-6.4318;-26.1108;6.7669
9580;63.904;6.5512;95.2132;3.1404;54.0196;1.3634;0.7959;-24.9065;-80.5425;25.697
9581;96.396;6.9662;76.3307;6.6824;61.547;0.9205;1.7398;-9.8412;-36.9957;7.936
9582;44.6341;1.3246;61.2409;6.7266;57.3264;1.0191;3.7767;2.6917;23.5323;4.0475
9583;42.4132;7.9886;74.1795;5.0355;61.4558;0.8;0.9877;-11.6577;-58.8455;12.1493
9584;74.8475;1.5145;100.4319;4.2412;49.3845;1.1602;1.6002;-15.7256;-54.0223;10.8748
9585;90.6908;4.9369;83.4154;3.0156;60.9871;0.9696;1.4038;-12.5764;-51.7389;10.3603
9586;41.6618;5.4845;125.1263;6.2067;25.9441;1.2644;0.4141;-24.956;-89.0835;45.8022
9587;77.3384;2.0967;94.7942;5.834;77.766;0.8;2.3164;-2.7288;-3.4821;5.1804
9588;80.458;1.5678;92.2023;3.379;51.7133;1.3311;1.5647;-19.5642;-60.8146;12.7599
9589;32.9351;6.218;92.3052;3.5698;87.4493;0.8;1.3665;-8.7858;-43.0613;8.7814
9590;84.373;3.6032;97.5677;5.2854;42.2051;1.0519;1.4711;-13.1342;-53.3801;10.725
9591;85.7789;2.095;90.0667;2.8368;52.8098;0.8;1.9829;-4.9641;-17.3807;6.0519
9592;64.3879;6.0273;80.8307;3.6615;39.8484;1.4801;0.9755;-26.0489;-78.0307;22.759
9593;92.5422;6.8329;128.0558;3.0392;86.6196;1.2094;1.2244;-18.9725;-66.2556;14.8173
9594;90.4562;4.7618;85.5539;3.0875;58.5283;1.3757;1.5586;-19.8013;-62.2355;13.2399
9595;71.8561;2.4569;90.8572;3.5199;78.2811;0.9486;2.1305;-8.4038;-25.1345;6.6786
9596;61.874;1.1013;111.3325;5.959;82.2149;0.9395;2.432;-5.2183;-13.7087;5.7943
9597;52.4891;5.5394;108.2946;1.9682;72.3675;0.9919;0.9983;-15.0301;-66.4524;14.9042
9598;69.3239;4.5305;79.9827;5.2502;82.8925;0.9731;2.2051;-7.4223;-24.4625;6.6192
9599;80.2557;5.1811;120.7734;4.9869;61.3198;0.9242;1.0879;-13.4369;-60.7609;12.7424
9600;64.1648;6.4753;114.387;6.0525;63.152;0.958;0.9791;-15.0098;-65.9344;14.6776
9601;30.445;3.8662;104.5498;4.9856;75.3343;1.265;1.4833;-18.3165;-60.9142;12.7924
9602;92.8369;2.2197;89.7781;4.0317;66.1617;1.2139;2.0611;-13.6281;-43.4022;8.8343
9603;73.424;8.0022;90.3316;3.377;41.8245;0.8;0.6263;-13.5346;-73.9056;19.1612
9604;63.1668;4.5009;95.0802;6.0856;54.8381;1.1532;1.5274;-15.2046;-55.8498;11.325
9605;85.4289;4.942;73.4946;5.3454;80.384;0.8;2.7651;-0.1397;15.2109;4.3399
9606;97.4435;7.8957;99.0231;3.8603;69.4806;1.3476;1.1491;-22.1859;-71.5764;17.591
9607;30.0;7.867;124.9852;5.9634;57.0939;0.8264;0.5709;-14.3647;-76.9701;21.7109
9608;77.8167;4.6656;124.4947;3.9312;51.1046;1.1722;0.7823;-20.3623;-77.7536;22.4756
9609;44.3203;3.1656;90.9179;4.5986;46.1502;1.1359;1.2621;-16.7672;-62.9635;13.5002
9610;78.984;9.5619;130.4762;3.6933;41.7424;0.9408;0.3747;-18.2191;-86.7261;37.6678
9611;72.3027;5.3929;161.039;5.4008;57.273;0.9262;0.6817;-16.1358;-75.4677;20.3813
9612;81.4431;3.7279;92.3992;3.1087;72.0494;0.955;1.7398;-9.8539;-39.2737;8.2337
9613;61.0135;4.5897;118.8722;4.1521;54.9713;1.1027;0.8956;-18.4128;-72.9283;18.4695
9614;36.2817;3.7673;60.0;3.6182;52.9833;1.1838;2.5218;-9.8727;-28.9918;7.0414
9615;61.8934;7.2746;73.0127;4.9956;35.4708;1.5565;0.6591;-29.8591;-85.884;35.4207
9616;77.3233;4.1337;102.3042;5.1827;83.0515;1.4159;1.7761;-19.5766;-58.1885;11.9584
9617;88.2771;6.5743;77.7491;2.9438;68.7618;1.1229;1.4231;-15.7384;-57.7576;11.8364
9618;48.907;6.7399;166.4959;5.2096;64.6912;1.0544;0.604;-18.9671;-80.9076;26.1884
9619;88.4871;6.5821;116.1219;2.3849;49.562;0.898;0.6935;-15.3194;-74.2588;19.4241
9620;58.3383;5.7018;127.3104;7.888;62.2673;1.1388;1.2099;-17.1483;-64.5869;14.1191
9621;76.5241;6.8935;99.277;3.8328;34.957;1.3165;0.5193;-25.4465;-86.8518;38.028
9622;60.8219;3.6165;77.8176;6.1739;68.393;1.2594;1.9671;-14.4971;-47.9333;9.6031
9623;73.2791;2.1502;87.8357;4.9017;49.6256;1.0584;1.6561;-12.6984;-47.8461;9.587
9624;86.0538;6.7632;106.5661;4.9627;67.4964;0.8872;1.1247;-12.4243;-57.7451;11.8329
9625;47.9137;4.2232;85.2588;2.8509;77.9875;1.0283;1.9168;-10.8591;-37.8627;8.0467
9626;57.7617;2.2393;118.2698;5.8652;55.4488;1.1564;1.2483;-17.4036;-64.0178;13.8958
9627;73.3293;2.1549;119.4651;4.673;58.9041;1.2681;1.331;-19.406;-65.0128;14.2909
9628;113.2285;2.4447;100.1246;5.3052;77.1039;1.0486;2.6888;-6.3628;-14.526;5.8497
9629;54.4626;5.9306;63.3555;4.4639;74.1669;1.2105;2.1689;-12.4759;-40.2743;8.3716
9630;106.7224;5.615;153.5255;4.7951;41.8781;1.2369;0.5696;-23.5582;-84.6504;32.5742
9631;106.0796;2.7002;94.822;3.2692;55.0415;0.9436;2.1648;-6.4148;-23.523;6.5379
9632;68.2484;6.8095;196.8593;4.3707;76.1816;0.8912;0.5654;-15.9886;-78.8509;23.6417
9633;64.6333;3.0867;117.7194;3.9702;59.917;1.4036;1.195;-22.8501;-71.6207;17.6185
9634;57.5428;6.2897;94.8865;3.5416;65.013;1.1537;1.0686;-18.1641;-69.1248;16.1942
9635;68.7724;4.1695;111.8463;4.8018;88.4459;1.1186;1.7005;-13.4519;-49.3292;9.8676
9636;44.6791;5.7748;60.3613;5.1451;62.6779;0.8974;1.5955;-9.769;-40.7336;8.4365
9637;68.6277;3.5861;129.2445;4.9762;83.2491;0.8;1.5556;-7.3703;-35.1847;7.7142
9638;96.9438;3.411;189.9775;4.4466;75.1352;1.1007;0.9398;-18.2839;-71.5389;17.5678
9639;59.0005;6.752;60.0;5.2167;47.6372;1.1021;1.4712;-14.8293;-55.5032;11.2368
9640;65.667;1.4157;93.0668;4.9632;51.6552;1.1472;1.6096;-14.5544;-53.2303;10.6907
9641;39.3795;8.7039;97.4009;4.7463;30.701;1.0003;0.3842;-19.3902;-87.1984;39.0577
9642;76.7331;5.1631;124.4591;4.8492;48.7608;0.8939;0.8811;-14.1148;-67.144;15.2179
9643;74.7607;3.8567;169.2986;6.3745;50.3004;1.0554;0.7303;-18.6365;-76.9349;21.6778
9644;71.1466;5.0266;110.0451;2.7924;39.5452;1.2863;0.6252;-24.2316;-83.7991;30.8625
9645;66.0971;2.2074;170.8213;4.1221;75.0545;1.1162;1.0818;-17.7788;-67.6952;15.4776
9646;64.7304;4.3153;104.3529;5.1073;89.7813;0.8;1.8523;-5.8464;-22.8216;6.4785
9647;79.0342;9.0044;111.9471;2.2259;62.8476;0.9644;0.605;-17.1924;-79.0914;23.9136
9648;69.4813;2.8638;108.552;6.6739;75.2317;0.8785;2.0831;-6.0201;-20.9572;6.3257
9649;75.6695;5.7025;135.6727;4.9822;53.8402;1.376;0.7175;-25.7241;-82.6178;28.7651
9650;73.8697;3.8702;89.9802;6.0354;56.3482;0.9576;1.373;-12.0435;-52.2048;10.4613
9651;90.2217;5.1926;122.6999;6.2796;63.1482;1.3492;1.0789;-22.6784;-73.3455;18.7585
9652;82.1859;2.7059;73.5136;5.2187;55.9357;1.0456;2.2051;-9.1635;-29.7009;7.1125
9653;73.4715;4.0659;93.1345;1.2511;45.6967;0.9212;1.322;-11.7471;-52.1654;10.4527
9654;97.3316;8.8494;85.2838;4.8215;44.8856;0.8254;0.6707;-13.9803;-72.9135;18.4594
9655;77.5648;2.6536;102.2234;4.9178;47.5162;0.9319;1.2043;-12.8706;-56.9238;11.6073
9656;93.4893;5.083;92.4022;2.9697;69.4595;1.0025;1.5305;-12.3398;-49.1126;9.8256
9657;80.925;4.6875;132.715;1.9155;63.2222;0.8;0.934;-11.6362;-61.0853;12.8486
9658;36.8455;4.6219;80.2786;5.2925;64.3405;1.1366;1.4367;-16.1222;-57.864;11.8663
9659;93.487;4.9409;64.8671;2.7262;61.2846;0.844;1.8996;-6.3531;-24.9761;6.6645
9660;72.4332;4.2466;71.2254;7.6921;60.3127;0.8;1.9161;-5.1803;-20.1611;6.2626
9661;69.0648;1.1341;128.2155;4.9947;70.7476;0.8;1.815;-6.2501;-24.375;6.6116
9662;75.0643;7.4225;78.4751;6.6273;74.4659;0.9084;1.4496;-10.9089;-46.8073;9.3998
9663;63.7903;6.608;110.4576;4.6467;69.4409;1.1158;1.1621;-17.1866;-65.2833;14.4023
9664;74.0865;2.5338;92.8953;5.7273;48.1937;1.3882;1.4938;-20.3071;-64.1303;13.9393
9665;59.3462;3.7536;122.8828;4.6799;77.7159;0.9531;1.5457;-11.0982;-45.9435;9.2496
9666;92.9369;6.0938;94.3941;6.1084;41.2208;1.0688;0.8097;-18.2485;-74.7466;19.7993
9667;67.9554;8.8485;199.5884;1.5425;57.2386;0.986;0.2991;-19.6733;-89.8866;49.4394
9668;63.1135;8.1974;160.7257;5.9322;47.8947;0.8;0.407;-14.8081;-83.0399;29.4809
9669;53.3513;7.413;92.4222;5.6031;37.7136;1.0785;0.5567;-20.1036;-82.792;29.0563
9670;74.838;2.4394;89.3121;4.3688;64.2115;0.9957;1.9545;-9.2236;-34.567;7.6414
9671;73.3679;7.6152;200.0;3.9863;51.9417;0.8;0.4184;-14.8212;-82.567;28.6812
9672;76.9916;7.1569;76.3599;4.1513;37.516;1.4022;0.7683;-25.9869;-81.736;27.3762
9673;51.5095;3.5632;98.6338;5.0242;51.3237;1.1275;1.2429;-16.8567;-63.255;13.6073
9674;41.1787;3.6546;100.5628;6.4211;42.6448;0.8;0.9191;-11.7269;-61.7046;13.0564
9675;81.2606;4.007;99.9416;3.7987;48.9058;1.1104;1.303;-16.2075;-60.8836;12.7824
9676;96.7236;5.2183;64.7473;2.0473;78.8227;1.8317;2.4015;-25.2499;-56.2985;11.4413
9677;51.5256;2.9889;113.2186;8.3269;56.6008;1.0013;1.2247;-13.6649;-59.2297;12.2638
9678;98.6099;1.2383;78.4595;5.6074;74.0624;1.1481;3.3398;-4.7056;-3.0341;5.1565
9679;75.1104;2.3314;143.1893;4.0132;77.8305;0.8926;1.4718;-10.6246;-45.0347;9.0966
9680;69.8729;3.8982;69.4897;6.3833;51.9405;0.9141;2.1406;-6.5802;-21.9426;6.4055
9681;62.8441;3.0901;101.4978;6.0005;31.5683;1.3673;0.7237;-25.0186;-82.3554;28.3373
9682;45.0787;6.0428;60.0;5.3384;43.2842;1.1356;1.0557;-18.0006;-69.0123;16.1354
9683;87.7791;2.0918;60.0;3.8844;51.8308;1.2386;2.6827;-9.5645;-27.8019;6.9254
9684;56.0391;7.6572;81.0716;5.601;50.4678;0.9541;0.9235;-15.0329;-67.7356;15.4969
9685;55.9635;7.3617;83.9833;6.2343;52.4454;1.0947;1.0677;-17.2155;-67.4884;15.3791
9686;87.8547;7.5367;144.2578;2.0199;42.2888;0.9848;0.4214;-18.9367;-85.7376;35.0571
9687;36.1063;5.8388;98.9903;4.9367;57.2561;1.1308;0.903;-19.2637;-73.3794;18.7825
9688;42.5752;2.0941;138.1406;5.0473;66.1199;0.9776;1.1513;-14.7051;-60.7439;12.7369
9689;69.6736;3.8874;90.9421;4.9991;31.4397;1.4271;0.7708;-26.1877;-81.9964;27.7722
9690;75.2791;2.2666;116.3603;4.6693;82.3262;0.9538;2.2412;-6.763;-21.6794;6.384
9691;78.7252;9.0956;83.4128;6.3791;84.3321;1.0889;1.2339;-16.0135;-62.2272;13.237
9692;64.5676;3.3402;82.0068;4.283;55.767;0.8;1.4977;-7.8575;-37.5944;8.0121
9693;115.5467;4.7488;63.4313;4.5958;65.7108;1.269;2.4455;-12.4932;-35.7609;7.7834
9694;65.8979;6.1698;108.7562;5.0735;60.5081;0.8;0.8773;-12.0849;-63.4443;13.6778
9695;65.8458;7.7024;106.7715;4.3329;57.9851;0.8787;0.7738;-14.6826;-70.6468;17.0339
9696;55.6542;5.9681;121.4495;2.521;82.6304;0.8;1.2241;-9.936;-48.9951;9.803
9697;72.2303;5.3475;105.5199;4.9212;29.4519;0.8;0.6274;-13.3791;-73.8567;19.1253
9698;81.0693;4.0408;165.9554;4.9382;56.8112;1.2146;0.8482;-20.9457;-76.7234;21.4808
9699;91.6644;4.8774;104.499;4.0523;44.2192;0.8538;0.8381;-13.2304;-67.2802;15.2813
9700;43.1929;1.9955;128.1404;4.4015;68.1861;0.8;1.1917;-10.146;-50.3475;10.07
9701;65.5721;7.2217;92.2169;-0.1698;72.4595;0.8;1.3233;-9.177;-44.8626;9.0683
9702;78.0407;4.4919;79.6827;6.4126;60.7087;1.2481;1.9511;-14.4831;-47.8923;9.5955
9703;80.567;1.4763;119.6528;5.9515;51.1087;0.93;1.3044;-11.8786;-53.2447;10.694
9704;70.1179;7.6921;97.796;2.5933;64.5242;0.9901;0.8228;-16.6214;-72.2983;18.0495
9705;79.7636;4.1724;123.1226;3.5868;38.9492;1.2025;0.8369;-21.2037;-76.8012;21.5528
9706;55.4386;7.0439;109.2244;6.7728;59.8389;1.1256;1.126;-17.0338;-66.6527;14.9937
9707;98.0423;6.915;82.0162;2.8677;44.7106;1.0393;0.8653;-17.2941;-72.2456;18.0151
9708;87.8673;6.4996;130.8111;5.3177;74.6303;1.2894;1.1331;-21.2213;-70.7079;17.0695
9709;45.7913;1.7076;80.4288;3.862;60.4697;0.8;1.7744;-6.21;-26.0664;6.7628
9710;50.6481;2.9224;116.9214;5.2152;78.6856;0.9403;1.8409;-9.3638;-34.7416;7.6619
9711;51.1554;7.1232;137.7683;4.6752;60.6126;1.199;0.5657;-22.8111;-84.2718;31.7901
9712;82.2035;7.4083;90.8329;4.1752;70.2776;1.4463;1.2952;-23.7018;-70.1484;16.7495
9713;46.8749;3.9968;133.509;5.1828;56.3103;1.4785;0.8082;-27.254;-81.7795;27.4416
9714;64.0416;3.8978;110.4513;3.8604;62.0637;0.8;1.3732;-8.5974;-42.7838;8.7388
9715;78.1847;2.5395;123.7367;1.9237;53.7106;1.015;1.2911;-14.5031;-57.6004;11.7926
9716;68.809;8.5506;81.1242;3.2084;74.7907;1.1035;1.2282;-16.1384;-62.8997;13.477
9717;74.66;2.7499;105.5036;3.0282;74.2001;0.9678;1.8596;-9.6686;-35.9538;7.8069
9718;50.8156;2.6295;70.3266;2.1938;67.1822;1.1491;2.486;-9.1727;-27.8873;6.9336
9719;80.7074;5.2501;153.3918;5.1541;46.2059;1.5713;0.5971;-30.4047;-87.3328;39.4719
9720;58.9622;2.9016;60.4412;4.3408;43.9529;0.8353;1.666;-8.2341;-33.5173;7.5208
9721;64.1568;7.9822;91.5131;5.1309;49.0313;0.8;0.6683;-13.4523;-72.1557;17.957
9722;74.2792;1.009;79.2211;5.3811;61.5083;1.1359;2.503;-8.5374;-26.5456;6.8069
9723;71.8554;0.8696;118.3735;5.7347;67.3584;0.9113;1.8436;-8.5079;-32.5644;7.4145
9724;70.4316;4.2619;161.7669;5.2104;61.5734;1.1448;0.9982;-18.6848;-70.9356;17.2032
9725;56.4887;4.1653;117.7895;3.1306;63.4292;1.0396;0.9918;-16.2224;-68.1991;15.7229
9726;64.6081;2.4697;200.0;5.4693;53.0941;0.9634;0.779;-15.9916;-73.0483;18.5517
9727;70.0393;4.2022;70.8585;4.9327;76.6375;0.871;2.2537;-4.6979;-13.7509;5.7972
9728;45.2485;3.745;72.2313;7.8852;72.175;1.0195;2.3995;-7.3247;-21.5425;6.3729
9729;61.6744;7.2994;79.9892;4.6119;89.334;0.9248;1.869;-9.2302;-32.6333;7.4221
9730;76.9782;0.9688;103.0775;5.1743;28.6167;1.2501;0.9294;-21.6385;-75.2192;20.1769
9731;47.0061;8.7438;77.3577;4.4578;67.0182;1.0211;0.932;-16.4813;-69.5773;16.4351
9732;90.8185;5.0022;82.8685;4.6733;68.677;0.8;2.193;-3.658;-8.6255;5.472
9733;92.853;2.399;116.7799;4.5721;57.8084;1.323;1.3631;-19.8633;-65.6572;14.5591
9734;47.5873;1.5538;73.3599;3.9481;60.707;0.9729;2.3636;-6.1098;-19.0159;6.1741
9735;94.4372;4.4578;75.3295;4.866;51.6249;1.5175;2.0089;-20.9779;-55.8715;11.3306
9736;67.4155;2.8619;90.5168;5.5326;47.9826;0.9475;1.3338;-12.5667;-53.0752;10.6554
9737;77.5333;3.1829;92.6714;3.9707;56.4848;0.8524;1.4075;-9.4058;-44.957;9.0838
9738;61.0603;2.9129;128.7245;5.8534;65.6887;0.942;1.2409;-12.6964;-56.0903;11.387
9739;86.6148;5.1768;79.8389;5.6715;60.4098;0.98;1.4758;-11.7255;-49.803;9.9607
9740;77.3097;4.5511;83.5212;3.2796;45.7654;0.9499;1.4127;-12.0681;-50.4264;10.086
9741;55.3452;1.8608;115.6522;3.1545;58.7773;0.8811;1.2815;-11.2934;-51.5197;10.3135
9742;49.0264;4.3888;122.1829;5.2722;62.8213;0.9129;1.0305;-13.1531;-62.3728;13.2883
9743;43.7146;6.2736;142.9295;3.7187;34.9647;1.391;0.3317;-28.3022;-92.0525;50.0
9744;73.383;1.8887;112.4434;3.0314;63.9226;0.9509;1.767;-9.985;-38.0589;8.0722
9745;80.3045;7.2922;103.3128;7.1753;34.2989;1.5359;0.5374;-30.2163;-88.3366;42.8692
9746;81.7174;4.7045;115.4607;3.1505;70.4236;1.2323;1.2117;-19.2272;-67.2263;15.2561
9747;67.8763;8.188;93.5332;2.3146;92.7954;0.9875;1.2509;-13.852;-57.7758;11.8416
9748;49.1741;2.3757;93.3614;3.4245;62.4876;1.1407;2.064;-12.3522;-39.6851;8.2898
9749;57.7227;9.3458;64.1769;4.9475;53.4392;0.8994;0.8514;-13.9337;-68.4452;15.8455
9750;90.7423;5.1363;125.0263;4.7103;74.1423;1.2377;1.5571;-17.4421;-58.0649;11.9232
9751;61.2767;4.637;105.4287;7.4308;42.4546;1.3046;0.8781;-22.6168;-77.5636;22.2852
9752;72.5815;4.3225;121.4412;3.4474;64.7056;1.1267;1.142;-17.3028;-66.2148;14.7994
9753;50.6383;1.2495;60.0;4.9542;83.7079;0.9038;3.9074;4.9594;44.1127;3.4695
9754;76.0585;7.9965;98.8294;6.2927;72.7916;1.1264;0.9978;-18.4331;-70.4717;16.9329
9755;61.7617;5.1344;80.7372;3.6115;69.8703;0.8701;1.6867;-8.3773;-35.383;7.7379
9756;88.8408;1.9752;145.5487;5.6556;71.4638;0.8;1.5234;-8.1215;-36.526;7.8772
9757;83.924;1.2054;116.5971;1.8517;48.1286;1.0536;1.341;-14.4397;-57.5718;11.7846
9758;61.0773;1.5982;106.0307;7.2381;55.6592;0.8;1.6998;-7.0327;-29.175;7.0597
9759;67.72;4.9034;89.7643;6.0921;69.7428;0.9203;1.4575;-11.0862;-47.2086;9.4712
9760;60.0799;4.9336;110.44;3.579;54.6492;1.0764;0.9837;-17.3596;-69.536;16.4128
9761;44.4502;4.2318;79.2909;5.8447;71.3162;1.3673;1.6842;-19.1491;-58.9393;12.1771
9762;54.566;3.2103;97.5377;6.5698;53.3612;0.88;1.4307;-10.1673;-45.8065;9.2262
9763;73.5679;4.4198;86.5376;2.667;66.9253;0.8167;1.7383;-6.9032;-29.0535;7.0476
9764;75.8547;4.3285;176.2305;3.7002;52.9488;1.171;0.6108;-21.6194;-82.6122;28.7558
9765;72.6739;1.1791;144.4101;6.6191;58.3749;1.0444;1.3741;-14.1516;-56.1453;11.4013
9766;64.5688;3.0923;130.4424;4.7012;60.042;1.0151;1.0445;-15.6578;-65.701;14.5777
9767;86.7952;1.6239;68.8956;5.2542;63.1535;0.8;3.212;2.6478;33.8323;3.736
9768;71.1438;7.4232;124.1151;4.7053;66.3963;1.2427;0.8134;-21.8339;-78.1819;22.9167
9769;82.6586;5.7253;104.8035;5.9372;63.2065;0.8;1.156;-10.1433;-51.8347;10.3809
9770;38.072;9.4917;135.7799;5.3694;56.4763;1.0398;0.4755;-19.7064;-84.758;32.8042
9771;30.0;3.1878;108.3936;4.7593;93.4845;1.2779;2.6753;-10.8724;-30.2139;7.1648
9772;75.1082;7.1573;99.8322;1.4475;75.8525;1.0231;1.2874;-14.3023;-58.0555;11.9205
9773;44.3542;4.8622;106.0188;5.56;68.0827;0.9519;1.3485;-12.1715;-52.7778;10.5882
9774;66.1759;3.9695;63.6731;5.6939;81.98;0.8127;2.7662;-0.49;13.4622;4.4068
9775;64.5623;2.7992;82.543;2.7407;70.9782;0.892;2.4256;-4.5878;-9.352;5.5158
9776;98.5732;5.829;109.7828;2.8426;73.8399;1.5506;1.3547;-25.2331;-70.8763;17.1681
9777;77.1999;7.4752;132.9559;5.3764;71.2569;0.8962;0.8168;-14.491;-69.6205;16.4585
9778;72.9855;2.864;87.1427;4.8915;44.4838;1.0954;1.2299;-16.4848;-62.5731;13.3594
9779;85.0658;2.541;98.985;1.6378;47.6539;0.8464;1.1953;-10.9311;-52.9261;10.6216
9780;76.633;5.5054;67.0154;3.367;79.4679;0.9413;2.1569;-7.2963;-23.6199;6.5462
9781;61.7618;8.7625;144.0266;5.0708;60.3701;0.8;0.4775;-14.4021;-80.1056;25.1327
9782;89.2866;5.9223;132.1061;5.615;50.475;0.9901;0.6671;-17.4499;-77.5429;22.2646
9783;50.0245;3.1025;117.7067;3.7235;89.5061;0.9302;1.6307;-9.9575;-41.5653;8.5566
9784;75.8184;3.7893;110.7053;4.3788;62.328;1.3099;1.3208;-19.7865;-66.3892;14.8762
9785;42.1437;3.6013;147.4232;3.281;62.1765;0.8445;0.7784;-13.7747;-69.2772;16.2746
9786;73.671;6.8638;81.7706;6.5859;54.4546;0.9179;1.0669;-13.2559;-61.2532;12.9043
9787;73.4738;6.1008;79.5893;4.8619;46.7194;1.1983;0.9288;-20.4069;-74.1626;19.3518
9788;100.1762;4.7719;130.3926;3.5985;85.1446;0.9933;1.4081;-12.7746;-52.749;10.5818
9789;41.8305;3.0563;128.2201;2.8655;57.3089;0.9678;0.8865;-15.3635;-69.4674;16.3759
9790;59.184;7.9693;74.2024;2.6997;39.1197;0.9659;0.8305;-16.0774;-71.3404;17.4462
9791;84.8083;5.1985;87.5605;7.3173;82.4778;0.8203;2.1529;-4.6942;-12.5176;5.7154
9792;76.0357;8.5988;152.5425;4.3397;53.6591;0.917;0.5335;-16.5641;-80.6079;25.7837
9793;73.2455;4.7159;110.8399;4.0007;85.7378;1.0161;1.6509;-12.0975;-45.8448;9.2327
9794;52.7896;6.5517;121.7489;4.2801;57.4337;0.8;0.7246;-13.1469;-69.8071;16.5602
9795;59.3653;6.4746;74.8442;3.6547;62.1191;0.8085;1.2508;-9.87;-48.4302;9.6956
9796;92.4107;3.3617;117.8404;4.4395;36.6401;1.2753;0.7742;-23.1153;-79.7649;24.7096
9797;69.0728;8.4532;70.1254;4.6524;47.6221;1.1053;1.0236;-17.9759;-69.1328;16.1984
9798;76.7565;1.2219;60.9598;4.6225;49.5155;1.0623;2.891;-4.5908;-9.2811;5.5115
9799;67.9266;6.0782;119.9262;2.7061;40.8678;0.897;0.5734;-16.0406;-78.6902;23.4634
9800;48.7045;8.4866;143.134;5.9386;58.7472;1.0452;0.4679;-19.7333;-85.0764;33.5039
9801;86.8086;3.3696;93.8524;3.7706;48.6645;0.8;1.4478;-8.3534;-39.6767;8.2887
9802;79.0582;5.1626;87.2286;3.612;58.1127;0.8;1.54;-7.6394;-35.8333;7.7922
9803;111.5015;4.6044;153.3745;3.5443;75.7415;1.1332;1.6144;-14.4492;-52.513;10.5292
9804;51.7195;6.0176;95.2471;3.0213;74.6043;0.8737;1.3513;-10.3641;-48.4483;9.699
9805;84.8063;7.0169;98.3692;5.0017;67.8514;0.9589;1.1226;-13.6785;-60.9774;12.8131
9806;46.3922;4.8621;152.7281;5.9425;90.5601;1.0743;1.2467;-15.3344;-61.3184;12.9261
9807;72.8322;6.5011;91.5398;3.5155;33.0609;0.8603;0.5851;-14.8995;-77.3287;22.0543
9808;87.5771;3.2374;84.9161;1.8353;72.9688;0.8834;2.1704;-5.4927;-18.1095;6.1057
9809;32.7016;2.83;122.6147;3.0593;80.89;0.9307;1.9756;-7.3496;-29.2427;7.0664
9810;66.3112;3.8469;83.6973;3.9276;79.5958;1.0307;2.0305;-9.448;-34.3353;7.6144
9811;59.8622;5.3707;96.4495;2.7528;55.0588;0.8;0.9794;-11.1212;-59.192;12.2525
9812;57.3648;2.6088;71.9075;3.7019;69.4753;1.0622;2.617;-5.995;-17.8751;6.0883
9813;76.9338;5.3895;104.744;3.7727;60.8368;0.9953;1.0265;-15.3404;-65.6215;14.544
9814;90.1723;3.6523;101.717;4.5768;57.2234;1.0221;1.2757;-14.322;-58.397;12.0184
9815;67.601;6.313;127.3801;2.4176;73.1244;0.8623;0.9022;-13.2;-65.1245;14.3367
9816;73.6988;1.4353;123.9012;5.4702;35.4081;0.9899;0.9191;-15.8395;-69.0509;16.1555
9817;72.0576;5.3012;114.7837;7.0914;55.2784;1.2107;0.9426;-20.6216;-74.05;19.2679
9818;70.0325;5.1744;110.3585;6.7437;63.847;1.1459;1.4446;-15.8738;-57.978;11.8985
9819;50.3918;8.0181;98.1853;3.7239;64.908;1.2781;0.8655;-22.7323;-77.4277;22.151
9820;89.952;5.6341;116.4613;5.603;50.3306;0.8352;0.8838;-12.4341;-64.7279;14.1755
9821;75.3135;6.3195;75.7234;5.4254;75.908;1.1463;1.6795;-13.9689;-51.1645;10.2385
9822;77.1079;7.4811;60.0;4.5347;63.277;0.8827;1.6715;-8.0959;-36.8802;7.9214
9823;55.4828;5.3514;133.7068;4.8655;43.2587;0.8;0.5472;-13.811;-77.2007;21.9305
9824;61.734;3.1294;118.3576;5.6246;65.7786;1.205;1.3937;-17.4173;-61.4457;12.9687
9825;66.8296;7.0572;96.8752;5.9251;40.5985;1.167;0.9143;-19.6762;-73.8848;19.1459
9826;42.3858;5.9029;130.8184;3.3825;69.2925;1.3458;0.7392;-24.8649;-81.69;27.3075
9827;39.6154;3.8133;83.2873;5.7215;47.9218;0.8;1.1862;-9.9441;-50.5759;10.1165
9828;59.1865;5.6125;83.8305;7.0997;79.3607;1.0334;1.6626;-12.6436;-46.37;9.3231
9829;79.4054;7.0337;80.9746;5.9233;63.3414;0.9564;1.5263;-11.375;-46.8035;9.3991
9830;58.2435;8.7275;115.2468;6.9047;58.7912;1.2571;0.7371;-22.8775;-80.455;25.582
9831;51.6615;8.2199;67.3182;0.7247;42.9414;0.8;1.0173;-11.2584;-57.6141;11.7964
9832;55.3357;3.3018;82.5521;5.4936;21.826;0.9506;0.6443;-16.6452;-77.4072;22.131
9833;61.8038;3.7986;107.5116;4.9964;48.8179;1.0189;0.9641;-16.5134;-68.4597;15.8528
9834;63.6305;2.1129;74.005;6.1406;57.7366;1.1599;2.6649;-8.8164;-23.4146;6.5287
9835;108.9794;2.9247;84.7828;2.9116;80.7288;1.0865;2.8903;-6.5691;-11.3226;5.6384
9836;88.9832;7.2038;60.0;3.8408;45.6604;0.9936;1.143;-14.7497;-61.6528;13.0388
9837;88.4459;3.4805;116.3522;5.9508;65.5879;0.9397;1.6284;-10.4797;-42.2361;8.6559
9838;91.0344;4.9767;84.2014;3.0105;61.9442;0.9824;1.3741;-12.7156;-53.3727;10.7233
9839;52.0212;5.2869;75.9709;4.9635;61.2972;1.1623;1.4696;-16.1179;-57.8535;11.8634
9840;47.9974;6.191;72.3427;4.5746;69.7547;0.8478;1.4176;-9.7075;-44.2633;8.9707
9841;50.0763;2.5836;90.0727;4.3061;60.4518;0.9542;2.2838;-5.97;-20.2215;6.2674
9842;94.0211;3.2007;67.3654;5.459;56.1159;0.9543;2.1935;-6.1725;-23.3787;6.5256
9843;60.1505;3.9431;162.5142;2.9267;26.4363;0.8;0.3083;-15.492;-87.1549;38.9253
9844;47.4756;3.5009;60.0;3.4298;78.3717;0.8;2.6971;-0.3663;12.378;4.4493
9845;62.2421;8.9338;89.3459;4.3911;83.7055;0.8;1.4103;-8.7608;-41.2361;8.5086
9846;65.7051;6.6869;102.7087;2.7982;74.3783;0.9583;1.0729;-14.4735;-62.6794;13.3974
9847;74.8314;4.1178;82.3786;6.4464;61.4852;1.1054;1.7015;-13.4425;-48.6888;9.7445
9848;74.5171;7.1665;105.4464;3.4018;72.8955;0.8839;1.2373;-11.2227;-53.3371;10.7152
9849;55.0927;3.4136;81.8812;5.7795;39.1881;0.8;1.306;-9.2678;-45.5848;9.1886
9850;82.3418;6.2261;146.5979;3.2867;37.914;1.2078;0.4699;-23.4137;-87.0311;38.5537
9851;58.4945;2.8048;75.5996;5.6563;61.9695;1.0577;1.8597;-11.331;-41.39;8.531
9852;67.187;6.1089;60.0;2.1867;48.5785;0.956;1.21;-13.0442;-57.8117;11.8516
9853;82.3619;3.9879;72.2798;6.7129;70.5899;1.0499;2.4751;-8.3905;-21.4184;6.3628
9854;58.4472;2.0978;110.1446;6.3027;54.6267;0.8098;1.3309;-9.538;-45.217;9.1269
9855;59.7517;3.0482;97.0949;3.7711;48.6318;1.2293;1.2169;-19.3428;-67.0027;15.1528
9856;80.65;3.6953;120.6874;3.3615;48.0283;1.0658;0.8685;-17.4854;-72.8376;18.4078
9857;54.5608;5.9169;113.3643;5.2867;65.9434;0.9709;0.9932;-14.7046;-65.9009;14.6631
9858;63.0737;1.8166;85.2937;2.3108;36.0383;0.9342;1.1533;-12.7882;-58.8496;12.1506
9859;80.0034;5.2418;88.4909;4.6521;54.4838;1.0144;1.4177;-13.157;-53.413;10.7326
9860;106.9737;5.6543;90.8162;3.3886;68.5057;1.1013;1.5436;-14.7191;-53.2812;10.7023
9861;80.8973;5.2027;160.1734;4.2185;64.0787;0.8;0.8438;-12.1277;-64.8437;14.2222
9862;78.5075;6.0106;118.8516;3.6342;95.9183;0.8551;1.3513;-10.0939;-47.325;9.4922
9863;79.5544;2.5571;160.4676;3.4024;64.6976;0.936;1.285;-11.9261;-54.2364;10.9257
9864;50.6826;4.76;123.3918;7.1572;66.5691;0.9285;1.0579;-13.6873;-62.0203;13.1649
9865;72.0807;8.0217;98.423;5.7708;48.9853;0.8673;0.8041;-13.7975;-69.0956;16.1789
9866;69.4642;4.9125;77.504;2.3802;66.2555;1.1683;2.3272;-11.4214;-33.5979;7.5299
9867;75.7885;4.9161;105.1671;3.2863;41.2144;0.871;0.8102;-13.7902;-68.9937;16.1257
9868;72.0971;5.8135;98.4898;5.8862;76.4815;0.8074;1.3605;-9.0352;-43.8361;8.9025
9869;76.8346;3.341;97.686;6.053;66.996;0.9106;1.7091;-8.9452;-37.4382;7.9921
9870;64.3936;5.537;94.9068;2.5224;76.3799;1.3516;1.4346;-20.3845;-64.6181;14.1315
9871;71.055;7.6398;60.0;5.6479;61.061;1.0027;1.4591;-12.936;-51.4923;10.3076
9872;47.8991;1.0087;137.0547;4.9975;74.5057;0.9081;1.747;-8.4354;-35.8696;7.7966
9873;64.2417;7.061;98.7466;1.6875;61.584;0.9361;1.1349;-13.2614;-59.5881;12.3726
9874;95.035;2.7786;70.2182;3.9952;65.7319;0.8;2.4748;-1.918;3.1158;4.8489
9875;75.7386;3.9849;112.7994;4.3958;81.1753;0.9632;1.6905;-10.6284;-41.4986;8.5468
9876;69.6234;6.8665;80.7381;4.6727;70.7566;1.0485;1.3603;-14.2388;-56.7552;11.5621
9877;104.1302;6.578;115.089;2.6191;45.1738;1.0915;0.6815;-19.6819;-79.1888;24.0255
9878;45.505;7.3192;124.6593;3.4555;35.5666;0.9687;0.3431;-18.8389;-88.1933;42.349
9879;50.0298;8.0095;129.0344;3.6656;60.2678;0.8612;0.6053;-15.0483;-76.5734;21.3432
9880;100.8288;3.9367;96.0569;3.7965;66.3425;1.1983;1.5762;-16.2524;-56.1531;11.4033
9881;70.8273;5.2196;90.1726;3.8215;51.5294;0.9279;1.3882;-11.8134;-50.1284;10.0257
9882;65.6335;3.6334;85.523;4.4011;70.0075;0.8218;2.0545;-4.6178;-16.6713;6.0003
9883;48.4143;3.4291;83.4737;5.0645;78.668;0.8574;1.9222;-7.3211;-25.2729;6.691
9884;78.0585;3.8519;99.5702;7.2613;41.5794;0.9348;1.0278;-14.236;-63.3516;13.6432
9885;79.8003;5.8665;94.901;5.9063;79.238;0.9427;1.6606;-9.9974;-41.2788;8.5148
9886;50.2991;4.242;81.3568;6.5753;36.2179;0.8974;1.1369;-12.5479;-57.7705;11.8401
9887;67.475;6.4836;75.1303;3.8789;54.7039;1.0643;1.1722;-15.6049;-63.2871;13.6192
9888;63.9607;5.8838;97.3177;3.0941;76.426;0.9826;1.2814;-13.5646;-56.5308;11.5024
9889;74.6076;1.1974;89.7135;5.8021;71.7899;1.1933;2.629;-9.1045;-26.5609;6.8084
9890;49.8535;5.0413;75.1757;4.5757;73.2405;1.0158;1.6951;-11.6416;-44.3771;8.9891
9891;92.5351;3.8789;123.0773;5.6955;64.3753;0.9312;1.2657;-12.1212;-54.6955;11.0364
9892;86.4848;3.9888;155.7408;3.2765;62.3916;0.9037;0.9556;-13.9531;-64.7529;14.1856
9893;63.4628;6.5246;127.2072;5.5729;69.3813;0.9233;0.8339;-15.0104;-69.8962;16.6092
9894;66.1045;4.5151;83.5231;4.3371;48.3898;0.8062;1.1429;-10.8876;-52.7488;10.5817
9895;67.5444;7.2421;98.7521;3.9086;52.2555;0.9538;0.8915;-15.2493;-68.8441;16.0483
9896;55.9904;5.6298;146.9772;4.0499;32.8426;1.1006;0.3857;-21.4674;-88.3173;42.7982
9897;62.0183;4.5469;74.5705;5.3357;87.363;1.1683;2.2481;-11.5243;-35.8577;7.7952
9898;65.1351;5.9598;121.61;5.7612;73.2115;1.0364;0.9728;-17.0158;-68.7126;15.9809
9899;99.0316;1.4544;69.6268;4.0504;29.9019;1.9675;1.3445;-34.4228;-77.2216;21.9507
9900;87.0391;1.302;152.3499;5.1165;71.1047;1.0669;1.4271;-14.472;-55.413;11.214
9901;86.8238;1.907;89.8006;5.1112;46.3013;0.8;1.7207;-6.8893;-28.3044;6.9739
9902;76.6587;3.8843;174.5884;5.7075;24.8772;1.0864;0.3321;-21.5294;-89.8113;49.074
9903;49.8881;2.8647;154.036;6.0804;55.0281;1.2537;0.8219;-22.2377;-78.1468;22.88
9904;69.2532;8.977;97.3743;7.3168;68.5409;0.9483;0.8976;-15.1876;-68.4476;15.8467
9905;87.4688;4.483;83.5394;3.9022;63.9113;0.8;2.066;-4.81;-13.9173;5.8084
9906;47.3512;5.2619;104.9899;6.79;63.9318;0.8;1.0727;-10.6396;-55.3034;11.1865
9907;81.458;3.0748;95.5959;4.7756;49.4956;0.9809;1.2431;-13.3696;-57.7573;11.8364
9908;111.807;3.2843;90.4483;2.9578;67.0075;0.8164;1.9776;-5.1145;-19.2547;6.1923
9909;89.1127;3.3523;66.0652;3.6243;74.9586;0.9589;3.0187;-1.8476;4.9332;4.7649
9910;95.4525;5.5241;87.9292;5.2989;47.1828;0.9277;1.0386;-13.7494;-62.6816;13.3982
9911;73.9301;4.084;75.7585;5.6856;62.5849;1.3412;2.3928;-13.6053;-40.5281;8.4073
9912;87.4228;4.3366;114.7874;3.0756;52.0581;1.1821;1.1589;-18.7707;-67.3218;15.3007
9913;57.0786;4.7912;128.1162;3.4542;83.8196;0.8933;1.3053;-11.5392;-51.2956;10.266
9914;84.3255;6.079;120.3424;3.8003;49.8014;0.9202;0.6947;-16.0722;-74.8369;19.8704
9915;81.779;1.965;108.9364;3.3049;82.0543;1.2045;2.0216;-13.7281;-44.055;8.9374
9916;75.2184;6.148;80.7973;1.7799;67.0873;1.0241;1.4969;-12.9017;-51.2779;10.2623
9917;93.6881;4.6107;105.2691;1.271;45.5288;1.0654;0.8773;-17.4683;-72.5526;18.2167
9918;60.3019;5.309;121.9196;4.0273;54.6833;1.2664;0.8891;-21.7738;-76.5987;21.3663
9919;66.633;3.3129;86.3675;4.9781;53.5474;0.857;1.6663;-7.8954;-35.1879;7.7146
9920;71.7183;3.733;103.0193;5.5834;38.3057;1.2097;0.9751;-20.0187;-73.1317;18.6093
9921;51.467;2.8431;96.4288;2.5565;63.5034;0.9242;1.3548;-11.535;-51.1365;10.2326
9922;74.0848;8.8267;151.5267;2.582;37.5218;0.8;0.2851;-15.6184;-88.1212;42.0917
9923;39.0593;4.2165;123.7245;3.8081;45.6864;0.8;0.6311;-13.6367;-73.7035;19.014
9924;88.8452;9.4892;116.4498;4.605;76.2934;0.8306;0.8379;-12.9574;-66.3763;14.8704
9925;70.8395;4.1751;65.1047;6.1132;47.9118;1.3075;1.8171;-17.3696;-53.6732;10.7929
9926;60.6239;2.7845;104.4156;5.6766;72.7822;0.9753;1.9184;-8.6205;-34.4319;7.6257
9927;54.9813;4.2769;96.1988;4.0483;58.2465;0.941;1.4217;-11.6249;-49.6363;9.9278
9928;65.7776;1.4697;95.9911;5.1402;38.193;1.3486;1.1247;-21.9895;-72.2006;17.986
9929;82.3887;7.4835;67.6479;3.3347;83.1436;0.8559;2.5998;-2.6916;1.255;4.938
9930;79.8593;6.5263;76.1898;4.7115;64.3615;0.9241;1.3604;-11.4266;-50.9285;10.1892
9931;57.3003;5.73;98.3139;4.5064;64.6236;1.006;1.0112;-15.3322;-66.4962;14.9237
9932;54.7713;4.9062;132.1264;6.7065;75.2828;0.9896;1.1555;-14.2404;-61.0781;12.8462
9933;81.8242;4.7141;86.2749;5.3403;70.4065;1.0698;1.7047;-12.4288;-46.8836;9.4133
9934;56.9977;9.5336;90.4851;3.4438;77.6055;1.1158;0.8207;-19.3169;-75.4822;20.3934
9935;71.0784;3.0708;156.0916;3.4592;82.7196;0.8472;1.1811;-10.9451;-53.5285;10.7593
9936;72.2276;6.1723;92.8481;4.1004;35.817;0.8;0.6738;-13.23;-71.9262;17.8102
9937;75.6171;4.724;96.8315;2.2533;64.7037;1.0826;1.4786;-14.0702;-54.4721;10.9823
9938;85.4489;8.7335;97.16;4.255;56.6065;0.8;0.7908;-12.4079;-67.0508;15.1749
9939;47.2667;6.6161;71.4354;4.3845;64.3534;1.0666;1.2638;-15.0833;-60.5023;12.659
9940;35.5991;9.6868;115.3672;5.2998;68.1679;1.158;0.612;-21.3746;-82.3828;28.3814
9941;59.7859;4.7678;84.9405;5.5182;45.9398;1.2525;1.0192;-21.0396;-72.8757;18.4337
9942;102.4275;2.7041;99.2511;4.7484;54.2516;0.9743;1.6942;-10.7477;-42.0366;8.6261
9943;106.3991;4.255;111.7499;2.155;64.2928;1.4941;1.3147;-24.7043;-70.6698;17.0473
9944;102.9612;5.617;162.5214;2.7684;84.9836;0.8;0.9877;-10.9898;-58.8478;12.15
9945;66.5263;6.1264;71.9325;3.6923;54.6977;1.3379;1.4773;-19.8836;-63.1942;13.5848
9946;37.9219;0.6101;124.1407;5.5784;73.9657;0.8578;1.6397;-8.2461;-36.2843;7.8474
9947;30.0;4.2628;124.2569;5.5278;55.7376;1.0072;1.0538;-15.3844;-65.1257;14.3372
9948;58.9473;2.8636;85.2524;4.2258;79.9906;1.0319;2.5345;-6.6847;-18.1281;6.1071
9949;66.4347;7.1158;116.169;8.1396;72.7112;1.3094;1.205;-20.7853;-69.3255;16.3002
9950;93.4113;2.4057;150.8113;6.9424;75.7061;0.8029;1.5075;-8.154;-37.4164;7.9893
9951;85.6205;5.2904;82.5932;6.4599;22.0905;1.5329;0.5237;-30.1374;-88.6113;43.9031
9952;74.0933;3.0138;106.2227;5.651;70.2713;0.8;1.6333;-7.6632;-31.9447;7.347
9953;53.9828;3.4586;110.6498;5.2878;75.9667;0.9841;1.4701;-11.8204;-50.2075;10.0417
9954;52.706;8.0118;114.2872;5.1784;62.5548;1.1216;0.6651;-20.2162;-80.2337;25.2956
9955;74.5743;2.8897;121.2062;1.8925;50.7842;1.2295;1.0377;-20.5916;-71.8677;17.7731
9956;82.5469;2.0021;104.2453;3.0231;58.4823;0.8;2.2567;-3.4005;-5.9696;5.3174
9957;77.0539;1.7828;113.6961;4.2668;55.3304;0.8;1.5501;-7.4436;-35.4113;7.7413
9958;51.3772;4.2604;79.6229;4.7918;59.1449;1.2998;1.8891;-16.4884;-51.5546;10.3209
9959;81.712;5.1188;104.1853;4.4133;46.6586;1.0499;0.8478;-17.2555;-73.0815;18.5746
9960;77.6664;3.3116;88.7732;5.0084;60.7203;0.8;1.5631;-7.8555;-34.8711;7.6771
9961;50.728;5.4615;73.5314;1.445;74.5117;0.9031;1.6046;-9.3595;-40.7765;8.4426
9962;55.8822;1.704;88.0482;5.3585;46.0854;0.8627;1.5136;-9.3422;-41.5163;8.5494
9963;82.3929;6.9199;106.9685;4.6932;82.5573;1.2547;1.2073;-19.8402;-67.9256;15.5888
9964;65.7789;6.5074;111.5106;4.3188;59.7813;0.9301;1.0535;-13.6227;-62.2449;13.2433
9965;98.6047;9.0179;72.8247;5.991;63.2285;0.9641;1.1648;-13.2531;-59.7265;12.4151
9966;79.0203;7.9451;79.103;3.0317;61.0423;0.9502;1.1335;-13.548;-60.2342;12.5736
9967;61.2406;3.4568;119.8612;4.2447;70.2701;1.3969;1.2201;-22.324;-70.8864;17.1741
9968;69.8163;3.6795;113.5459;5.0266;60.0125;1.199;1.2168;-18.9159;-66.1717;14.7805
9969;71.1409;5.8898;124.8291;3.3205;51.5954;1.1483;0.6853;-20.7068;-80.1062;25.1335
9970;56.889;2.2845;140.7701;1.595;73.8647;1.0413;1.0682;-15.8204;-65.8052;14.6221
9971;53.5734;3.2459;114.3932;2.8704;58.3013;1.0392;1.1793;-14.7947;-62.1724;13.2178
9972;82.625;2.1779;90.1494;4.5029;54.6339;0.8337;1.5886;-8.4208;-36.4853;7.8722
9973;85.2149;3.9792;102.9129;4.2265;69.1725;1.1903;1.5515;-16.3734;-56.552;11.508
9974;80.8681;4.5418;151.4332;4.5726;69.6817;0.9276;0.9804;-14.0495;-64.7699;14.1924
9975;97.2757;2.7394;199.5934;3.6111;71.8246;0.8;0.9667;-11.378;-59.7217;12.4136
9976;60.2481;1.2953;112.2742;2.6316;60.7911;0.971;1.5975;-10.8965;-45.1611;9.1176
9977;100.1369;5.6799;114.3265;4.8055;81.6342;1.0027;1.5327;-12.0174;-49.0454;9.8127
9978;53.7834;1.1893;119.8927;4.3502;69.7711;1.3089;1.7061;-18.2806;-56.5522;11.5081
9979;51.7717;8.6701;100.5966;5.5568;84.0146;1.1868;1.0448;-19.2569;-70.657;17.0398
9980;38.3207;2.7942;133.7716;3.4785;61.6413;0.8207;1.2147;-10.374;-50.6643;10.1347
9981;61.9757;5.2724;128.6611;1.5687;48.3324;1.2308;0.7609;-22.0168;-79.3936;24.2643
9982;60.933;3.869;109.2637;0.6933;37.9157;0.8;0.6521;-13.3376;-72.8302;18.4028
9983;79.4669;1.6905;92.3573;3.9978;51.402;1.0869;1.6111;-14.3006;-50.5897;10.1194
9984;74.39;4.0755;68.3742;4.7919;74.2325;0.8714;2.9886;-1.1079;14.3183;4.3738
9985;48.5265;4.3312;120.0939;4.2515;55.0085;0.8;0.8873;-12.0149;-63.0271;13.5234
9986;62.9309;6.8914;105.4656;3.7523;58.5038;0.8;0.7922;-12.4697;-66.9903;15.147
9987;63.3137;5.7811;83.1568;2.2129;73.1783;1.3405;1.4747;-20.2351;-63.3281;13.6344
9988;38.0323;1.8724;75.3912;1.766;45.151;1.0946;1.405;-14.5603;-57.2111;11.6853
9989;52.343;2.7288;117.9816;5.1509;51.8773;1.0785;1.003;-17.2226;-69.0006;16.1293
9990;56.1254;3.2354;67.0113;4.2586;66.6389;1.2141;2.367;-11.2851;-35.0114;7.6937
9991;95.8053;2.1627;107.7787;4.0547;52.9644;0.9542;1.8456;-9.5091;-35.5262;7.7551
9992;73.4461;3.9903;123.4774;2.2874;70.1635;1.3173;1.1708;-21.5862;-70.3726;16.8763
9993;81.919;8.9785;114.7371;3.1506;69.1295;0.9565;0.7027;-16.6256;-75.511;20.4173
9994;43.0246;4.3186;90.6935;4.6677;33.6904;0.8;0.6933;-13.0942;-71.1117;17.308
9995;91.4959;5.857;73.173;5.0269;72.9278;1.3793;1.8414;-18.5118;-55.4997;11.2359
9996;93.4198;5.4082;115.807;4.3536;52.7313;0.8;0.889;-11.9893;-62.96;13.4989
9997;34.0298;6.8407;135.0035;6.6689;66.4984;0.9481;0.6626;-16.6989;-76.7047;21.4636
9998;57.3043;2.7635;86.6595;3.7368;50.6623;1.1625;1.5316;-15.3118;-56.0827;11.385
9999;78.9238;5.9539;113.5107;6.5303;57.0689;0.8;0.9418;-11.5162;-60.7577;12.7414
10000;81.599;7.1911;148.4947;4.9253;72.0663;0.9713;0.809;-15.7854;-72.2359;18.0089
